{
  "type": "FeatureCollection",
  "features": [
    {
      "type": "Feature",
      "properties": {
        "region": "Aquitaine",
        "code": "4",
        "departements": [
          "87",
          "86",
          "85",
          "79",
          "64",
          "47",
          "40",
          "33",
          "24",
          "17",
          "16"
        ]
      },
      "geometry": {
        "type": "MultiPolygon",
        "coordinates": [
          [
            [
              [
                -2.304793360419174,
                46.70942393875938
              ],
              [
                -2.3355867245025954,
                46.68810408131238
              ],
              [
                -2.365411420853787,
                46.69514960298605
              ],
              [
                -2.3928869274271354,
                46.71146786590562
              ],
              [
                -2.398989314185467,
                46.72610823947123
              ],
              [
                -2.371515973727442,
                46.732425575951765
              ],
              [
                -2.3183814886611573,
                46.719019084873665
              ],
              [
                -2.304793360419174,
                46.70942393875938
              ]
            ]
          ],
          [
            [
              [
                -2.1980740779182004,
                46.95116764927802
              ],
              [
                -2.223157246071586,
                46.965272827071246
              ],
              [
                -2.264380088499401,
                46.96087838866196
              ],
              [
                -2.3010983301708356,
                46.98904472545455
              ],
              [
                -2.292512307340026,
                47.01255801910092
              ],
              [
                -2.276523639405111,
                47.02888353822751
              ],
              [
                -2.250689026745477,
                47.02730168494982
              ],
              [
                -2.21884576130942,
                47.00847250653137
              ],
              [
                -2.2262568575011112,
                46.976185679026486
              ],
              [
                -2.157184376417708,
                46.950037734214405
              ],
              [
                -2.1474391673875983,
                46.93419680146382
              ],
              [
                -2.148498361118927,
                46.912972973348154
              ],
              [
                -2.1679626813926482,
                46.90846416238237
              ],
              [
                -2.175646599875998,
                46.92930475655864
              ],
              [
                -2.1980740779182004,
                46.95116764927802
              ]
            ]
          ],
          [
            [
              [
                -0.24283655874306692,
                43.58497620901365
              ],
              [
                -0.21060677583663345,
                43.59323717586582
              ],
              [
                -0.20474047168197715,
                43.583595044006366
              ],
              [
                -0.17292754407472402,
                43.59364235835892
              ],
              [
                -0.1604496417177948,
                43.58057113664128
              ],
              [
                -0.12160423721761877,
                43.58624235445866
              ],
              [
                -0.09678297320877491,
                43.582405897631695
              ],
              [
                -0.0889353115702106,
                43.55720120791489
              ],
              [
                -0.06439614081942817,
                43.54514708135416
              ],
              [
                -0.040131786150039817,
                43.512605402100824
              ],
              [
                -0.04931853949113948,
                43.49246722068145
              ],
              [
                -0.03395773428648386,
                43.4748821154567
              ],
              [
                -0.06575363832737609,
                43.46348011949314
              ],
              [
                -0.06960017201868417,
                43.43296649967561
              ],
              [
                -0.04274822802160633,
                43.410433038551396
              ],
              [
                -0.03370932429921264,
                43.43246529630011
              ],
              [
                -0.01653409524496999,
                43.44394693211105
              ],
              [
                0.009655310320461439,
                43.422201547264585
              ],
              [
                -0.003925534377874021,
                43.3934664638352
              ],
              [
                -0.005254456755174934,
                43.37375854928626
              ],
              [
                0.029503346533208717,
                43.34615364492955
              ],
              [
                0.010318158747631801,
                43.32531563972634
              ],
              [
                -0.024871748469064887,
                43.32949512965254
              ],
              [
                -0.046122416801734574,
                43.300855792904
              ],
              [
                -0.04438748267104296,
                43.285276684905334
              ],
              [
                -0.017007531250723754,
                43.270453175934975
              ],
              [
                -0.04586866874069626,
                43.23214073673146
              ],
              [
                -0.07252865439013752,
                43.22439059831667
              ],
              [
                -0.06787400013058484,
                43.17711979316513
              ],
              [
                -0.1177014616836111,
                43.1803266630819
              ],
              [
                -0.12625382600229515,
                43.157664646038775
              ],
              [
                -0.14613235140227143,
                43.128235959977104
              ],
              [
                -0.1708703509900363,
                43.11342325510858
              ],
              [
                -0.19098404402245078,
                43.11120001485184
              ],
              [
                -0.18776412338244444,
                43.08332759879084
              ],
              [
                -0.1991458409823786,
                43.064411115641306
              ],
              [
                -0.20042576352682828,
                43.042716040400485
              ],
              [
                -0.22443426834756924,
                43.033763083786916
              ],
              [
                -0.2599408711456362,
                43.038273850395626
              ],
              [
                -0.2648355668439734,
                43.009960256978964
              ],
              [
                -0.2872360879456974,
                43.00592033944367
              ],
              [
                -0.29228087888317733,
                42.991102936760555
              ],
              [
                -0.28159092548449843,
                42.93356279018235
              ],
              [
                -0.32717226195000754,
                42.91649889360632
              ],
              [
                -0.30706856228167917,
                42.86996632786312
              ],
              [
                -0.3134428634980887,
                42.84937505970757
              ],
              [
                -0.32147747742734595,
                42.837156313582035
              ],
              [
                -0.34754008403707837,
                42.8359138333211
              ],
              [
                -0.3679794649305534,
                42.81384420795455
              ],
              [
                -0.3925972910093655,
                42.79955853388815
              ],
              [
                -0.40923534884558577,
                42.80775176126848
              ],
              [
                -0.4443073733042952,
                42.79644188968569
              ],
              [
                -0.509645724461578,
                42.825392555785875
              ],
              [
                -0.5248214033720447,
                42.81169922814938
              ],
              [
                -0.5228809859764464,
                42.799053820578806
              ],
              [
                -0.5438135992737796,
                42.79316107597114
              ],
              [
                -0.5512049085825593,
                42.77751593074885
              ],
              [
                -0.570596979524969,
                42.782910869511355
              ],
              [
                -0.56886355590546,
                42.806821287959146
              ],
              [
                -0.5927365436827333,
                42.80323323591071
              ],
              [
                -0.6036291574211501,
                42.83261701820438
              ],
              [
                -0.6488576242634109,
                42.85520307403128
              ],
              [
                -0.6786504294307736,
                42.88435162671404
              ],
              [
                -0.6989906898468694,
                42.87965527922473
              ],
              [
                -0.7252987547541817,
                42.891321607770166
              ],
              [
                -0.7349914574877744,
                42.91217714898651
              ],
              [
                -0.7250694205419334,
                42.92302821420027
              ],
              [
                -0.751639105301494,
                42.966938899771456
              ],
              [
                -0.7878117200655661,
                42.964220133379236
              ],
              [
                -0.8100187374291915,
                42.95143307665448
              ],
              [
                -0.8650339469969248,
                42.950782024634954
              ],
              [
                -0.8997253347034583,
                42.961944671110295
              ],
              [
                -0.9464504061324416,
                42.95406127408886
              ],
              [
                -1.0005051395543532,
                42.97795014220868
              ],
              [
                -1.0064443208237912,
                42.988993997889715
              ],
              [
                -1.0830603615120118,
                43.00168071076038
              ],
              [
                -1.1130329544941873,
                43.02237691659177
              ],
              [
                -1.1334470820212093,
                43.01037270050248
              ],
              [
                -1.1668982697369847,
                43.03557738093639
              ],
              [
                -1.1807234359906535,
                43.03252804425024
              ],
              [
                -1.2286741205591398,
                43.055160334686654
              ],
              [
                -1.2471934082929712,
                43.042415611440845
              ],
              [
                -1.2642856059829322,
                43.044567445791834
              ],
              [
                -1.2835261465024137,
                43.06128566378849
              ],
              [
                -1.308546707643754,
                43.06868136866409
              ],
              [
                -1.2986667955038385,
                43.093279481535944
              ],
              [
                -1.2802211653973743,
                43.1182176727211
              ],
              [
                -1.3220188073653838,
                43.112341489609655
              ],
              [
                -1.3461709053432147,
                43.091146616577
              ],
              [
                -1.3409221159462987,
                43.08017084901461
              ],
              [
                -1.3547480564678596,
                43.02846729741783
              ],
              [
                -1.441215102138327,
                43.04630623466782
              ],
              [
                -1.471735353863028,
                43.08109307328759
              ],
              [
                -1.4708729299201966,
                43.09171395485682
              ],
              [
                -1.415487839708494,
                43.12745746864605
              ],
              [
                -1.416022603215192,
                43.1497408035206
              ],
              [
                -1.4034369386574947,
                43.15976006228705
              ],
              [
                -1.4020241459530187,
                43.17787126578672
              ],
              [
                -1.3844898703699202,
                43.19125222875264
              ],
              [
                -1.3826552191243804,
                43.25302936103839
              ],
              [
                -1.4132056044596777,
                43.273416064289286
              ],
              [
                -1.4388514488237716,
                43.2665172949958
              ],
              [
                -1.4954242196638288,
                43.28272765553131
              ],
              [
                -1.5053245319871684,
                43.29278486875202
              ],
              [
                -1.5647156489015603,
                43.28791168353549
              ],
              [
                -1.5581480152327398,
                43.276925958606746
              ],
              [
                -1.577703455461285,
                43.25064368535375
              ],
              [
                -1.6086713312434922,
                43.251911493906945
              ],
              [
                -1.6303674039621392,
                43.28444921654921
              ],
              [
                -1.6225991787656453,
                43.30062353105162
              ],
              [
                -1.6671377641602614,
                43.31445979762466
              ],
              [
                -1.694148056872775,
                43.31228000342086
              ],
              [
                -1.7297463174854624,
                43.295677171644435
              ],
              [
                -1.7577102787128112,
                43.344006413921115
              ],
              [
                -1.7871316386117875,
                43.35136807471246
              ],
              [
                -1.7889705724558977,
                43.3740616062586
              ],
              [
                -1.7620152282748711,
                43.37589213130254
              ],
              [
                -1.6391097857903005,
                43.40836090393235
              ],
              [
                -1.6014509805064314,
                43.433291711283985
              ],
              [
                -1.5629953964271497,
                43.484727946611734
              ],
              [
                -1.5480683309573409,
                43.49597169694441
              ],
              [
                -1.5248665484221002,
                43.52970134669009
              ],
              [
                -1.491923614747195,
                43.57231885753228
              ],
              [
                -1.4600195931351083,
                43.6202992244984
              ],
              [
                -1.4424122520261093,
                43.664405589349386
              ],
              [
                -1.4365038283323686,
                43.710565130021784
              ],
              [
                -1.4102258105768295,
                43.80324747446864
              ],
              [
                -1.375345240406389,
                43.91228735051265
              ],
              [
                -1.3376743348128222,
                44.05415734628098
              ],
              [
                -1.3159842928578236,
                44.130037493905746
              ],
              [
                -1.2775403203119533,
                44.31923983571922
              ],
              [
                -1.2538901028077145,
                44.4676042123461
              ],
              [
                -1.2517315717900113,
                44.514864026059136
              ],
              [
                -1.2586140715490404,
                44.547134908509065
              ],
              [
                -1.227400657614334,
                44.57575101363341
              ],
              [
                -1.2035061581038056,
                44.62271377486185
              ],
              [
                -1.2041641060667378,
                44.63998931395565
              ],
              [
                -1.1915395677551643,
                44.660726555771724
              ],
              [
                -1.1617602687791189,
                44.66337536905334
              ],
              [
                -1.1407652758832603,
                44.64722441419704
              ],
              [
                -1.080794255404563,
                44.64060270635637
              ],
              [
                -1.0660081141503954,
                44.646890088823476
              ],
              [
                -1.0167859243981427,
                44.64936614924531
              ],
              [
                -1.024772192870524,
                44.67594768817969
              ],
              [
                -1.056012096331499,
                44.707980341287296
              ],
              [
                -1.1066690697160937,
                44.74264984128815
              ],
              [
                -1.1172415691037478,
                44.74399705140438
              ],
              [
                -1.165808013375802,
                44.77527626694913
              ],
              [
                -1.1800101830102927,
                44.758098157761154
              ],
              [
                -1.1738129355689804,
                44.745358451222856
              ],
              [
                -1.2205928890641693,
                44.709423690526556
              ],
              [
                -1.2378317329560085,
                44.680472950808145
              ],
              [
                -1.2462033009619466,
                44.641861781385515
              ],
              [
                -1.262052894231634,
                44.63219970212472
              ],
              [
                -1.251726794177239,
                44.71201817211294
              ],
              [
                -1.2245842811118994,
                44.853825371133354
              ],
              [
                -1.2041211009419968,
                44.989784597043446
              ],
              [
                -1.1902342986818488,
                45.1076052722213
              ],
              [
                -1.1623411294779713,
                45.297866853836986
              ],
              [
                -1.1588809392970065,
                45.35758854145279
              ],
              [
                -1.1605511012170588,
                45.41069085511738
              ],
              [
                -1.1510569561631872,
                45.44160185108563
              ],
              [
                -1.157040252187612,
                45.47037006217617
              ],
              [
                -1.13642305844502,
                45.510996841105246
              ],
              [
                -1.100291537957874,
                45.54164579436281
              ],
              [
                -1.0911993078778204,
                45.56240962499771
              ],
              [
                -1.0608731648946181,
                45.559687159252995
              ],
              [
                -1.0399629327796032,
                45.53624996681034
              ],
              [
                -1.0394312457678239,
                45.51187047075673
              ],
              [
                -1.0052560088445266,
                45.49288102324259
              ],
              [
                -0.9741453673216026,
                45.46337798565173
              ],
              [
                -0.9339187159877002,
                45.44354638799416
              ],
              [
                -0.8975412931164795,
                45.413920961435664
              ],
              [
                -0.8380858049594333,
                45.37799277602822
              ],
              [
                -0.803863792011378,
                45.3483837452359
              ],
              [
                -0.7677088201843572,
                45.289668398897916
              ],
              [
                -0.7511045662834447,
                45.248111104699966
              ],
              [
                -0.7415941186185122,
                45.18951228689129
              ],
              [
                -0.6827151048736609,
                45.07868957712152
              ],
              [
                -0.6531808034769909,
                45.04997165854475
              ],
              [
                -0.6085452595854771,
                45.01540165572232
              ],
              [
                -0.5906665446401641,
                45.041946989301174
              ],
              [
                -0.635943850069436,
                45.074304489771464
              ],
              [
                -0.6522025754037655,
                45.10762754422008
              ],
              [
                -0.6677719424227322,
                45.12666694807424
              ],
              [
                -0.6699486553314091,
                45.16929377695903
              ],
              [
                -0.6882053149295403,
                45.21937742756459
              ],
              [
                -0.7037353439558368,
                45.283639400976455
              ],
              [
                -0.7188015186962935,
                45.327417794908314
              ],
              [
                -0.7343347321102192,
                45.36884494436805
              ],
              [
                -0.7562352245467074,
                45.40604611670738
              ],
              [
                -0.80169109465095,
                45.45953126528613
              ],
              [
                -0.8475465516286703,
                45.498824518200884
              ],
              [
                -0.932316123312143,
                45.54789787336011
              ],
              [
                -0.9628798253628926,
                45.556849245805736
              ],
              [
                -0.9930029744215878,
                45.577177846519746
              ],
              [
                -0.9936529509869637,
                45.59759467612667
              ],
              [
                -1.0096306936697144,
                45.61143397047428
              ],
              [
                -1.048858991717686,
                45.62029782357388
              ],
              [
                -1.0793992219196582,
                45.63891363152395
              ],
              [
                -1.115849451052298,
                45.64698132790749
              ],
              [
                -1.1572864520673638,
                45.67180600119212
              ],
              [
                -1.2093191311554552,
                45.69669910148998
              ],
              [
                -1.2372284214926077,
                45.705896325440406
              ],
              [
                -1.242573859956351,
                45.78157155553533
              ],
              [
                -1.2089596448071276,
                45.79575377598853
              ],
              [
                -1.1919992992402317,
                45.789369778069705
              ],
              [
                -1.1320926009958303,
                45.80492633100206
              ],
              [
                -1.1567411951530595,
                45.843048006693174
              ],
              [
                -1.1531897443954855,
                45.862358720066815
              ],
              [
                -1.12508329313857,
                45.857239254856815
              ],
              [
                -1.1008903749589125,
                45.8722142424053
              ],
              [
                -1.073790649268033,
                45.91423100527249
              ],
              [
                -1.076862108697286,
                45.93669868392043
              ],
              [
                -1.0643196475545222,
                45.94990908084704
              ],
              [
                -1.0989490769387045,
                45.9905075513321
              ],
              [
                -1.063082715866709,
                45.994433695794925
              ],
              [
                -1.0526867952056995,
                46.01118088641005
              ],
              [
                -1.0659492083794007,
                46.04982057557596
              ],
              [
                -1.0888412421853944,
                46.05394710352535
              ],
              [
                -1.1007267291374074,
                46.0937967969596
              ],
              [
                -1.115052359847052,
                46.102322009862235
              ],
              [
                -1.1291048559783758,
                46.12696926808778
              ],
              [
                -1.172930125682221,
                46.139288837035025
              ],
              [
                -1.17838828047269,
                46.15320939498865
              ],
              [
                -1.2069336546191891,
                46.14576152143465
              ],
              [
                -1.2238754783330186,
                46.16594526939377
              ],
              [
                -1.1993266738882897,
                46.19432347775986
              ],
              [
                -1.1989980101944606,
                46.21324548926301
              ],
              [
                -1.1713483210745752,
                46.224056686747986
              ],
              [
                -1.142844564296712,
                46.24398123047849
              ],
              [
                -1.1403935362784305,
                46.25401646783765
              ],
              [
                -1.1111638836886615,
                46.26134367831711
              ],
              [
                -1.129404177492153,
                46.31027691915601
              ],
              [
                -1.1671810169437413,
                46.31969405036838
              ],
              [
                -1.2021666067108026,
                46.31599153007532
              ],
              [
                -1.1955103805422935,
                46.30048349541652
              ],
              [
                -1.2063765625294878,
                46.288846571626785
              ],
              [
                -1.2073944924206363,
                46.266571614816904
              ],
              [
                -1.281772839130423,
                46.309968266424384
              ],
              [
                -1.3444380346892142,
                46.341953842181326
              ],
              [
                -1.3667425638808843,
                46.34861328663727
              ],
              [
                -1.4009792622186368,
                46.34050457904003
              ],
              [
                -1.4284190944836321,
                46.34712502912173
              ],
              [
                -1.4659415635018052,
                46.34235901019938
              ],
              [
                -1.4877969769705215,
                46.38139204154906
              ],
              [
                -1.5021454225847812,
                46.39734952406836
              ],
              [
                -1.5340123722474628,
                46.40887626089284
              ],
              [
                -1.5490765402226871,
                46.40548020561594
              ],
              [
                -1.6113040094680402,
                46.41341659286108
              ],
              [
                -1.7082937557327667,
                46.450884792059824
              ],
              [
                -1.7558962800631415,
                46.474872816955255
              ],
              [
                -1.777141798763278,
                46.49275846362317
              ],
              [
                -1.8136695999589263,
                46.49534718792214
              ],
              [
                -1.8213149950439371,
                46.523721393572785
              ],
              [
                -1.8560176099926675,
                46.608577928185206
              ],
              [
                -1.8906746733506474,
                46.634689983740806
              ],
              [
                -1.9408440446802884,
                46.69106965939676
              ],
              [
                -1.96540793995167,
                46.69200185704432
              ],
              [
                -1.9826664543508177,
                46.72031292149719
              ],
              [
                -2.0719487980113698,
                46.782813819976845
              ],
              [
                -2.1410311606229655,
                46.81774558883561
              ],
              [
                -2.1550297319780927,
                46.88965414468634
              ],
              [
                -2.122239576466256,
                46.891263453405536
              ],
              [
                -2.103448154684842,
                46.92098874969161
              ],
              [
                -2.0582281140235676,
                46.950944454989695
              ],
              [
                -2.0293326201395745,
                47.0086320208736
              ],
              [
                -1.980414486742876,
                47.02890649407564
              ],
              [
                -1.9688489284381314,
                47.02767329905578
              ],
              [
                -1.9432276192598639,
                46.99471092059494
              ],
              [
                -1.9166202315157645,
                46.991518959422415
              ],
              [
                -1.9174428113267457,
                46.97508381963422
              ],
              [
                -1.872614380314098,
                46.95312868208426
              ],
              [
                -1.8318237164160205,
                46.953809822447525
              ],
              [
                -1.8309821821134158,
                46.932033724154486
              ],
              [
                -1.77556460551789,
                46.92540682943319
              ],
              [
                -1.7513270577094098,
                46.929611815604666
              ],
              [
                -1.7362508076850236,
                46.91143568904478
              ],
              [
                -1.7371139932046213,
                46.89680599083098
              ],
              [
                -1.7202546726947285,
                46.88456447923729
              ],
              [
                -1.6870033984268769,
                46.89055113474326
              ],
              [
                -1.6645131258008816,
                46.874779205029014
              ],
              [
                -1.634820511862539,
                46.87837868837905
              ],
              [
                -1.5485110748777025,
                46.86007983436468
              ],
              [
                -1.5007668577856463,
                46.88389115282979
              ],
              [
                -1.527927453698693,
                46.92377826735825
              ],
              [
                -1.5309030377362816,
                46.94498074264914
              ],
              [
                -1.5543623514658027,
                46.97816341773942
              ],
              [
                -1.542665987015755,
                47.00327217070728
              ],
              [
                -1.5552723334553664,
                47.01533738692226
              ],
              [
                -1.515724271893768,
                47.027732420842334
              ],
              [
                -1.4998449288829532,
                47.04068947453796
              ],
              [
                -1.4759335714372155,
                47.029463554503664
              ],
              [
                -1.469172627780506,
                47.00198697021648
              ],
              [
                -1.4769594857010369,
                46.98097074445235
              ],
              [
                -1.4572082927387657,
                46.95464665401728
              ],
              [
                -1.4715165512848787,
                46.93291787054446
              ],
              [
                -1.4582677297055284,
                46.92583846037384
              ],
              [
                -1.4181594787532137,
                46.943057239909116
              ],
              [
                -1.3729857700949506,
                46.95218446660972
              ],
              [
                -1.3590587331965938,
                46.98113458794234
              ],
              [
                -1.3775094300897999,
                46.990940454807415
              ],
              [
                -1.363022131692666,
                47.005231806651935
              ],
              [
                -1.3786124689367814,
                47.03085386698655
              ],
              [
                -1.3627515861913184,
                47.04068820066417
              ],
              [
                -1.3124114592110108,
                47.03350963450989
              ],
              [
                -1.2946349782361042,
                47.03948346966515
              ],
              [
                -1.2903251112226377,
                47.07019181205101
              ],
              [
                -1.2683044893940385,
                47.08474885032919
              ],
              [
                -1.248272600668004,
                47.068248451977425
              ],
              [
                -1.230646678052403,
                47.0647662671337
              ],
              [
                -1.200679265181828,
                47.04002068735864
              ],
              [
                -1.1485704887534398,
                47.029545162586565
              ],
              [
                -1.1444802777855911,
                47.02539165807213
              ],
              [
                -1.0741287584409651,
                47.008280037449445
              ],
              [
                -1.0158832983469237,
                47.00413844081306
              ],
              [
                -1.0003954614147021,
                47.02080439583092
              ],
              [
                -0.9670342291507741,
                47.00506278044761
              ],
              [
                -0.9334603151811864,
                47.008908043397554
              ],
              [
                -0.9027847223499762,
                46.99384133071281
              ],
              [
                -0.8919599503022404,
                46.975817849607864
              ],
              [
                -0.8559224678754487,
                46.979084161484536
              ],
              [
                -0.7875770887198819,
                47.00513718237798
              ],
              [
                -0.7619520119905745,
                46.992139886795954
              ],
              [
                -0.743365629187983,
                47.00070367813692
              ],
              [
                -0.7156396951065868,
                46.985502313803366
              ],
              [
                -0.6758343487736584,
                47.00172199082605
              ],
              [
                -0.6438716820428597,
                46.99351589442817
              ],
              [
                -0.61568293448452,
                46.99293402227639
              ],
              [
                -0.5654683969778376,
                47.01942614381194
              ],
              [
                -0.5555783931772565,
                47.04353316953107
              ],
              [
                -0.5595318719263807,
                47.06188673077478
              ],
              [
                -0.4953402437613724,
                47.082385217708435
              ],
              [
                -0.46269733093798004,
                47.08192636562548
              ],
              [
                -0.4642554478540593,
                47.06757786350008
              ],
              [
                -0.42854910796633194,
                47.07271663479802
              ],
              [
                -0.4007795061579299,
                47.07077103460959
              ],
              [
                -0.3834553981375389,
                47.08769862856716
              ],
              [
                -0.3579271504355597,
                47.09365187822681
              ],
              [
                -0.3414640153397548,
                47.08733467869207
              ],
              [
                -0.2879290635736671,
                47.10144071067538
              ],
              [
                -0.2415379484520476,
                47.10572466544675
              ],
              [
                -0.20250740252740007,
                47.09583787535414
              ],
              [
                -0.1848398275184138,
                47.10833699690516
              ],
              [
                -0.1521214820209298,
                47.10085428544302
              ],
              [
                -0.178486598699701,
                47.0697670558895
              ],
              [
                -0.1476585466148043,
                47.069854366674875
              ],
              [
                -0.12838002979815127,
                47.05442990559355
              ],
              [
                -0.10212095637964737,
                47.064797190818005
              ],
              [
                -0.09805549141019346,
                47.0913509263054
              ],
              [
                -0.08590400471278307,
                47.1010103974686
              ],
              [
                -0.04416541443323743,
                47.093242584398084
              ],
              [
                -0.035959245982801084,
                47.12509157253751
              ],
              [
                -0.01073662557135027,
                47.15750952036683
              ],
              [
                0.01901485826766373,
                47.17575785031973
              ],
              [
                0.03664297673522525,
                47.160354293664795
              ],
              [
                0.05382761471070587,
                47.16373008265526
              ],
              [
                0.07637120084195233,
                47.12393194888823
              ],
              [
                0.13613090268194533,
                47.121580554147506
              ],
              [
                0.1347219236888625,
                47.1078700305567
              ],
              [
                0.15685150997252176,
                47.103344382080465
              ],
              [
                0.18146114771856547,
                47.11438824881292
              ],
              [
                0.20095302486598468,
                47.09125887635545
              ],
              [
                0.1742206159576792,
                47.07127519606643
              ],
              [
                0.20800102904621295,
                47.05323202361692
              ],
              [
                0.2455423301785185,
                47.07128604001384
              ],
              [
                0.2718544387898612,
                47.04638904119169
              ],
              [
                0.29823142261819696,
                47.05391872520871
              ],
              [
                0.3093302509672645,
                47.04413338267026
              ],
              [
                0.2986715021217093,
                47.01959741824875
              ],
              [
                0.3081773026194614,
                46.99988348323911
              ],
              [
                0.30073625724988334,
                46.97382765864781
              ],
              [
                0.31122704760535835,
                46.93783959199593
              ],
              [
                0.3248406111614126,
                46.93065213256517
              ],
              [
                0.3665152631758488,
                46.94955720761298
              ],
              [
                0.4387096602536596,
                46.929582071059045
              ],
              [
                0.44480383249233546,
                46.94114889283753
              ],
              [
                0.5027297280171042,
                46.9579123909043
              ],
              [
                0.5392917082788095,
                46.960220880583776
              ],
              [
                0.5644222278144092,
                46.95552996701939
              ],
              [
                0.6015594112278456,
                46.95910993478791
              ],
              [
                0.6011756847806528,
                46.97309082433285
              ],
              [
                0.5783449036180749,
                46.97981081817415
              ],
              [
                0.5669489614197056,
                47.00227037444166
              ],
              [
                0.6188741963763473,
                47.00746096968646
              ],
              [
                0.6362054885332586,
                46.985451805972254
              ],
              [
                0.692569282364634,
                46.97430706301784
              ],
              [
                0.7062532556123257,
                46.937154623849935
              ],
              [
                0.704324392050786,
                46.903293353155846
              ],
              [
                0.7521109761823577,
                46.86086544125436
              ],
              [
                0.8093213661875756,
                46.827858093390724
              ],
              [
                0.8119017840639386,
                46.79450796471714
              ],
              [
                0.8279817587178017,
                46.776816236170745
              ],
              [
                0.8674688807081561,
                46.74821910504847
              ],
              [
                0.9010383725080395,
                46.73609229312116
              ],
              [
                0.9279553620387494,
                46.69539122809664
              ],
              [
                0.9084421594440936,
                46.6826701222059
              ],
              [
                0.9065157405117292,
                46.64774942034653
              ],
              [
                0.8943018154002151,
                46.62573665182289
              ],
              [
                0.9158653080538118,
                46.59663148752451
              ],
              [
                0.9408377357519268,
                46.581410311122475
              ],
              [
                0.987237034592862,
                46.56556286906366
              ],
              [
                1.0147644249831798,
                46.56776399882199
              ],
              [
                1.0206069888359919,
                46.53709643301311
              ],
              [
                1.08759324171297,
                46.538172760099805
              ],
              [
                1.1082908975477561,
                46.53150940181887
              ],
              [
                1.1491434460646581,
                46.50220256803704
              ],
              [
                1.1349676142912506,
                46.495261976149834
              ],
              [
                1.152977857618218,
                46.47295586110232
              ],
              [
                1.1516045347766355,
                46.449236175811976
              ],
              [
                1.2109861172875847,
                46.42936675668184
              ],
              [
                1.1772799568053671,
                46.38395162215293
              ],
              [
                1.2047624195766258,
                46.387692968021526
              ],
              [
                1.2191909673622259,
                46.36592410433378
              ],
              [
                1.2604032451287535,
                46.37878248650986
              ],
              [
                1.3030567860553472,
                46.37099465262579
              ],
              [
                1.3223399070687456,
                46.38965357258241
              ],
              [
                1.3560228953092233,
                46.40012317441316
              ],
              [
                1.3835265726019255,
                46.374757364316125
              ],
              [
                1.4090311642821585,
                46.3613359928752
              ],
              [
                1.4151905101137505,
                46.34721849587296
              ],
              [
                1.4437697350516507,
                46.30589420737529
              ],
              [
                1.4265688116168553,
                46.298921049134
              ],
              [
                1.4036544413446612,
                46.25990982797783
              ],
              [
                1.4168521672178434,
                46.24087405708507
              ],
              [
                1.394145356288105,
                46.238349230413554
              ],
              [
                1.3749003074212893,
                46.2154511009523
              ],
              [
                1.415268536568449,
                46.177157045823584
              ],
              [
                1.4552353294299893,
                46.18103071472153
              ],
              [
                1.467878491573528,
                46.151750416293105
              ],
              [
                1.5052016882428472,
                46.127461799559406
              ],
              [
                1.4919762107249506,
                46.11473183426131
              ],
              [
                1.5048991958425688,
                46.08815343941205
              ],
              [
                1.5429508225169888,
                46.0765888129599
              ],
              [
                1.5317830893571065,
                46.05816171452662
              ],
              [
                1.5491757848158925,
                46.03541014153877
              ],
              [
                1.5363833974668037,
                46.02629327721946
              ],
              [
                1.5385468041090549,
                45.99742846047048
              ],
              [
                1.5648266887508957,
                45.99711597960844
              ],
              [
                1.5764733332307777,
                45.98099739362502
              ],
              [
                1.5661484901291225,
                45.96325060326457
              ],
              [
                1.5325001755915217,
                45.95280423814569
              ],
              [
                1.5299613213195493,
                45.93182220228596
              ],
              [
                1.5472651107258997,
                45.91683379316217
              ],
              [
                1.5782614117742197,
                45.91727264832772
              ],
              [
                1.5791744495987925,
                45.93040642363652
              ],
              [
                1.6150681481078124,
                45.93195022666644
              ],
              [
                1.6397206723679907,
                45.89953853071148
              ],
              [
                1.635996388309483,
                45.88844297865446
              ],
              [
                1.6023488376186423,
                45.89096810343807
              ],
              [
                1.6023984681707661,
                45.85746515857901
              ],
              [
                1.6766374034760068,
                45.83511402023573
              ],
              [
                1.69036360011077,
                45.84361369992126
              ],
              [
                1.7148786249110421,
                45.8400586312482
              ],
              [
                1.7558371847814345,
                45.855656306428116
              ],
              [
                1.7891620911385413,
                45.83007210551306
              ],
              [
                1.8284337256367398,
                45.80980874385992
              ],
              [
                1.8464472547509174,
                45.809940191138686
              ],
              [
                1.8808988285366512,
                45.797714818456456
              ],
              [
                1.8941319437754782,
                45.7592554835555
              ],
              [
                1.875140102478583,
                45.7327797889896
              ],
              [
                1.880957399347195,
                45.71285387339609
              ],
              [
                1.898730779182943,
                45.69827755120411
              ],
              [
                1.904291004939969,
                45.67774470255675
              ],
              [
                1.8799625935579851,
                45.678180842698936
              ],
              [
                1.8751322671973147,
                45.664894260838736
              ],
              [
                1.8264346802695488,
                45.66513576315906
              ],
              [
                1.7858344815104692,
                45.68266308806586
              ],
              [
                1.7763991218328075,
                45.65846116946758
              ],
              [
                1.748060654562327,
                45.64570341986574
              ],
              [
                1.7047914479153132,
                45.63738765111646
              ],
              [
                1.660196676810575,
                45.60797409516256
              ],
              [
                1.6581804847733144,
                45.595323545490324
              ],
              [
                1.624885337381578,
                45.57793581971724
              ],
              [
                1.5938310699115545,
                45.5771464332939
              ],
              [
                1.584891438656278,
                45.556076867663364
              ],
              [
                1.5571958047036878,
                45.54936632471629
              ],
              [
                1.5220914137932038,
                45.56409475254406
              ],
              [
                1.506276371554196,
                45.55097960357961
              ],
              [
                1.4806927011525084,
                45.565857439236126
              ],
              [
                1.4551417227717747,
                45.55328740957993
              ],
              [
                1.450268846192153,
                45.530397969675526
              ],
              [
                1.4120586564349766,
                45.52809003445668
              ],
              [
                1.3896000810911788,
                45.4961572819304
              ],
              [
                1.37157178520687,
                45.49211445485024
              ],
              [
                1.3511118587508797,
                45.470001773336946
              ],
              [
                1.3103931233740413,
                45.483041180557144
              ],
              [
                1.27034342793137,
                45.4776755159118
              ],
              [
                1.2645252348468465,
                45.45409594836666
              ],
              [
                1.2531518386328937,
                45.44421907802482
              ],
              [
                1.2886523745642784,
                45.426113502905665
              ],
              [
                1.2596039598397974,
                45.39834890279047
              ],
              [
                1.2797966098842408,
                45.38451121421732
              ],
              [
                1.2959441431554541,
                45.39478234683706
              ],
              [
                1.32391737940144,
                45.37898344779817
              ],
              [
                1.3157869427441322,
                45.360911470391635
              ],
              [
                1.2891042257150067,
                45.35407630580714
              ],
              [
                1.2726101443911217,
                45.32822630817563
              ],
              [
                1.235803372736093,
                45.3220410364473
              ],
              [
                1.2415605436420754,
                45.30063281308439
              ],
              [
                1.2271194403372112,
                45.271979970998935
              ],
              [
                1.2545821687088141,
                45.254867349405984
              ],
              [
                1.2744827002548649,
                45.257076684850865
              ],
              [
                1.2745146719905638,
                45.23791148068256
              ],
              [
                1.2336078544796087,
                45.2221954421389
              ],
              [
                1.2322937564526977,
                45.197704072069364
              ],
              [
                1.2741303261002948,
                45.200069727068225
              ],
              [
                1.292124890237363,
                45.18651272307218
              ],
              [
                1.2853426192045976,
                45.17595247253618
              ],
              [
                1.2547674981005628,
                45.15931225123928
              ],
              [
                1.2899337103990007,
                45.14204241946589
              ],
              [
                1.3173936647057205,
                45.1421087376802
              ],
              [
                1.3521193591746319,
                45.13399031293482
              ],
              [
                1.3852045692932187,
                45.13561794853778
              ],
              [
                1.4128982767653495,
                45.12508229172991
              ],
              [
                1.4094740420968277,
                45.11264145564816
              ],
              [
                1.3864424774272137,
                45.102881378523996
              ],
              [
                1.4063598793620342,
                45.069297115006954
              ],
              [
                1.3998064471929033,
                45.06159332248495
              ],
              [
                1.4482615439322117,
                45.01931315867405
              ],
              [
                1.40926521871603,
                45.00600178685703
              ],
              [
                1.4335895146429747,
                44.93830164881089
              ],
              [
                1.4106099419064448,
                44.90896015297044
              ],
              [
                1.4398566373102875,
                44.8889508179699
              ],
              [
                1.4397519128973866,
                44.87494627874561
              ],
              [
                1.4048386704545461,
                44.86234716877302
              ],
              [
                1.4019390596723829,
                44.849446039670674
              ],
              [
                1.3614038259537624,
                44.84079526684299
              ],
              [
                1.3641029713426986,
                44.81156818641523
              ],
              [
                1.3281098679785208,
                44.80652884504556
              ],
              [
                1.2996352435270742,
                44.79691953728407
              ],
              [
                1.296243021698294,
                44.7778123630601
              ],
              [
                1.322817940494351,
                44.76513318662047
              ],
              [
                1.3160508396721997,
                44.74037462834149
              ],
              [
                1.2794274292251306,
                44.715831247801496
              ],
              [
                1.248270791913345,
                44.70770636912258
              ],
              [
                1.22455005545425,
                44.6842663489296
              ],
              [
                1.1688078503397572,
                44.680017048529535
              ],
              [
                1.1466718447537778,
                44.67034606645626
              ],
              [
                1.1537498404734852,
                44.63882020403
              ],
              [
                1.0957075874791038,
                44.59024337388754
              ],
              [
                1.0751408247250982,
                44.577324783565565
              ],
              [
                1.0716976200447952,
                44.56784537769172
              ],
              [
                1.029736286682771,
                44.551976017460866
              ],
              [
                0.9824267786867313,
                44.54548429761793
              ],
              [
                1.0162314531417111,
                44.50587117332308
              ],
              [
                1.0090253989657336,
                44.48004110906167
              ],
              [
                1.0230092810371172,
                44.47543907306224
              ],
              [
                1.0213774342184947,
                44.44445120337611
              ],
              [
                1.0299753681284962,
                44.43361948161042
              ],
              [
                1.0574884025751128,
                44.427669679196114
              ],
              [
                1.060650411597149,
                44.40361122945944
              ],
              [
                1.0514255555669048,
                44.39209372311952
              ],
              [
                1.0640838318649115,
                44.37851326503539
              ],
              [
                1.0498031510072285,
                44.36263857861528
              ],
              [
                0.9960831328157144,
                44.36864294446829
              ],
              [
                0.9806308033981536,
                44.35841947585265
              ],
              [
                0.9500583334266814,
                44.35976314594097
              ],
              [
                0.9199180731590045,
                44.384149730804495
              ],
              [
                0.8982100442421902,
                44.381369123534306
              ],
              [
                0.8873307771559802,
                44.36637485759437
              ],
              [
                0.8961131685671826,
                44.34622833470228
              ],
              [
                0.8696283736168164,
                44.309384546367944
              ],
              [
                0.8951266314063179,
                44.29679206245922
              ],
              [
                0.916429926804432,
                44.30219542177865
              ],
              [
                0.9239584511688518,
                44.28869614788378
              ],
              [
                0.9504654080705977,
                44.274984882924066
              ],
              [
                0.9190898187097761,
                44.238270029336576
              ],
              [
                0.9292392370345569,
                44.23025011826531
              ],
              [
                0.9051836940209331,
                44.19731593132676
              ],
              [
                0.8596865515735523,
                44.19273721850749
              ],
              [
                0.8535753263369856,
                44.17496072438758
              ],
              [
                0.8722443454179576,
                44.16786912488895
              ],
              [
                0.8884779694239573,
                44.14877042878723
              ],
              [
                0.8687736555079509,
                44.1263296946747
              ],
              [
                0.8204870205722198,
                44.143244018566314
              ],
              [
                0.7950995188269604,
                44.145608667033
              ],
              [
                0.7962434549004299,
                44.11513490164438
              ],
              [
                0.7540526324371263,
                44.10494098314301
              ],
              [
                0.7384290025794918,
                44.07517631749729
              ],
              [
                0.7418847912050018,
                44.06519923501575
              ],
              [
                0.707796417778404,
                44.05801693922403
              ],
              [
                0.6876624158684242,
                44.045888241623125
              ],
              [
                0.6770868392750434,
                44.02697200478653
              ],
              [
                0.6316490534555541,
                44.04949866816937
              ],
              [
                0.6278895165319084,
                44.06062754308569
              ],
              [
                0.6022274135910171,
                44.07371011611412
              ],
              [
                0.5765096062579593,
                44.075205934881076
              ],
              [
                0.5650779969821476,
                44.059221404780686
              ],
              [
                0.5384274746319986,
                44.05295246662407
              ],
              [
                0.4858132156850541,
                44.058600121652084
              ],
              [
                0.4595156323439905,
                44.05523744897399
              ],
              [
                0.44244991475496404,
                44.0287619833259
              ],
              [
                0.39446331623218994,
                44.01998446971625
              ],
              [
                0.3815242105137543,
                44.00637522428769
              ],
              [
                0.3575675314065643,
                44.01637987419657
              ],
              [
                0.299563922705621,
                43.99275637569358
              ],
              [
                0.23519766394983782,
                44.00847404202415
              ],
              [
                0.22470724318893848,
                44.019168066012675
              ],
              [
                0.18957513112649763,
                44.014641710019696
              ],
              [
                0.1667631974496389,
                43.99683417955631
              ],
              [
                0.1634750890689333,
                43.975927867916795
              ],
              [
                0.1379369703469956,
                43.976883130578564
              ],
              [
                0.14096031674824933,
                43.99467654310261
              ],
              [
                0.07604560969926086,
                43.98314313658291
              ],
              [
                0.05530723606827761,
                43.957963973072
              ],
              [
                0.07101167271921884,
                43.93329587806085
              ],
              [
                0.07251111881590214,
                43.91379372164531
              ],
              [
                0.05569199596666372,
                43.8976445612464
              ],
              [
                0.030793555000742517,
                43.9005633671888
              ],
              [
                -0.01861461418396192,
                43.9313867432444
              ],
              [
                0.00420637351659139,
                43.94342582438924
              ],
              [
                0.001446300333196457,
                43.959885381064026
              ],
              [
                -0.0361689246680343,
                43.98374032755233
              ],
              [
                -0.04653101813218577,
                43.96104391789014
              ],
              [
                -0.07235713337565827,
                43.946531834485505
              ],
              [
                -0.12468082668137451,
                43.94434508821349
              ],
              [
                -0.16632109560044633,
                43.92805052482344
              ],
              [
                -0.17595413172084393,
                43.936327270993594
              ],
              [
                -0.200087659676207,
                43.914834830061565
              ],
              [
                -0.2344384631811253,
                43.899006040339785
              ],
              [
                -0.19456201236331316,
                43.881572646215844
              ],
              [
                -0.19855660923175042,
                43.86241563374058
              ],
              [
                -0.19246168396068822,
                43.81017700393666
              ],
              [
                -0.2271397672790903,
                43.808272976810954
              ],
              [
                -0.20605373558746434,
                43.7500763289867
              ],
              [
                -0.19414330237233995,
                43.737016685694684
              ],
              [
                -0.2286074364319675,
                43.715376271697906
              ],
              [
                -0.2466545863762805,
                43.71066950060451
              ],
              [
                -0.23910333247309243,
                43.69394560059394
              ],
              [
                -0.2558984040423508,
                43.679791305136796
              ],
              [
                -0.23973019201148485,
                43.67124152201394
              ],
              [
                -0.243162288337736,
                43.6545058231693
              ],
              [
                -0.28211107433706983,
                43.64307015979027
              ],
              [
                -0.2777099095136678,
                43.616204272478164
              ],
              [
                -0.2472036903728421,
                43.615949823145584
              ],
              [
                -0.24283655874306692,
                43.58497620901365
              ]
            ],
            [
              [
                -0.10332953356469002,
                43.35858355910215
              ],
              [
                -0.09014219532070926,
                43.35886208428034
              ],
              [
                -0.08727094997091522,
                43.33384409231069
              ],
              [
                -0.11552121102299735,
                43.33237650784547
              ],
              [
                -0.11030601684007735,
                43.31299058296239
              ],
              [
                -0.07504166669941048,
                43.30713969252607
              ],
              [
                -0.06249932084582573,
                43.346711256254366
              ],
              [
                -0.08317321572204538,
                43.37135001696728
              ],
              [
                -0.10332953356469002,
                43.35858355910215
              ]
            ],
            [
              [
                -0.10307533206661205,
                43.2428172034933
              ],
              [
                -0.07983617553877999,
                43.26236925486353
              ],
              [
                -0.09617852463729769,
                43.28547921988103
              ],
              [
                -0.09202865057224784,
                43.300470229904995
              ],
              [
                -0.11185509693098625,
                43.31039821912341
              ],
              [
                -0.1373518115949468,
                43.28574075772358
              ],
              [
                -0.1406176398389843,
                43.27194385552744
              ],
              [
                -0.12194467153732959,
                43.24335344245164
              ],
              [
                -0.10307533206661205,
                43.2428172034933
              ]
            ]
          ],
          [
            [
              [
                -1.2502650081123046,
                45.84596775720191
              ],
              [
                -1.2661507817954059,
                45.87816722390549
              ],
              [
                -1.2933471382934498,
                45.899934788461366
              ],
              [
                -1.3509508565890673,
                45.925039501714764
              ],
              [
                -1.3887645184362025,
                45.95729909880382
              ],
              [
                -1.3957821008857574,
                45.97683206273166
              ],
              [
                -1.3870942851170687,
                45.99716404793514
              ],
              [
                -1.413432285361357,
                46.046862918263024
              ],
              [
                -1.372321963715323,
                46.03953755029626
              ],
              [
                -1.3720837750990353,
                46.03215138125187
              ],
              [
                -1.3066241810278874,
                45.991100878140536
              ],
              [
                -1.2479234576289204,
                45.99041558337047
              ],
              [
                -1.2360342002122477,
                45.98151867282109
              ],
              [
                -1.242081784028376,
                45.95745770989403
              ],
              [
                -1.2297921718619493,
                45.944255904034705
              ],
              [
                -1.2337694138608575,
                45.92706325654276
              ],
              [
                -1.2235753245301957,
                45.913106247354165
              ],
              [
                -1.1884202462514732,
                45.88674852902471
              ],
              [
                -1.2077074089433684,
                45.850339612800624
              ],
              [
                -1.1956193786522455,
                45.82969725881441
              ],
              [
                -1.2318524848434387,
                45.80176865563872
              ],
              [
                -1.245660163728763,
                45.82135973906916
              ],
              [
                -1.2502650081123046,
                45.84596775720191
              ]
            ]
          ],
          [
            [
              [
                -1.480898348211929,
                46.2100267884653
              ],
              [
                -1.452799954013917,
                46.22858353814146
              ],
              [
                -1.4248278365736362,
                46.230280238461035
              ],
              [
                -1.4292326256174668,
                46.20585656630679
              ],
              [
                -1.4042027932626455,
                46.203131886247114
              ],
              [
                -1.3638933239111162,
                46.207474144095954
              ],
              [
                -1.3213499204648875,
                46.18719464428664
              ],
              [
                -1.291072648374255,
                46.18623232562308
              ],
              [
                -1.2742372605064982,
                46.16016465893632
              ],
              [
                -1.2761642167791498,
                46.147268374273345
              ],
              [
                -1.304766457841924,
                46.142877408591225
              ],
              [
                -1.3549590855946718,
                46.15588808122244
              ],
              [
                -1.3915343175644146,
                46.17716118562189
              ],
              [
                -1.4615984066336871,
                46.20211883930828
              ],
              [
                -1.505921143547151,
                46.19409180605493
              ],
              [
                -1.5323803406624759,
                46.20228421663419
              ],
              [
                -1.5614104742796462,
                46.23718363975149
              ],
              [
                -1.512781433271758,
                46.25812876418649
              ],
              [
                -1.4893987036886658,
                46.25333602134092
              ],
              [
                -1.4745470314360585,
                46.233258264796085
              ],
              [
                -1.51271490129458,
                46.2223238746143
              ],
              [
                -1.480898348211929,
                46.2100267884653
              ]
            ]
          ]
        ]
      }
    },
    {
      "type": "Feature",
      "properties": {
        "region": "Bretagne",
        "code": "3",
        "departements": [
          "72",
          "56",
          "53",
          "49",
          "44",
          "37",
          "35",
          "29",
          "22"
        ]
      },
      "geometry": {
        "type": "MultiPolygon",
        "coordinates": [
          [
            [
              [
                -3.1940520278217033,
                47.365886589187845
              ],
              [
                -3.1558608908337975,
                47.36108442084754
              ],
              [
                -3.1396408742776,
                47.32984432149179
              ],
              [
                -3.093118374110732,
                47.31513470942471
              ],
              [
                -3.0582391297313816,
                47.31171761648738
              ],
              [
                -3.075226717105766,
                47.28765950170699
              ],
              [
                -3.0952043253326664,
                47.28316064947407
              ],
              [
                -3.1601157231427477,
                47.29225940386197
              ],
              [
                -3.1676397818540765,
                47.30159326598069
              ],
              [
                -3.1961744739708213,
                47.293731303533484
              ],
              [
                -3.2210154756876954,
                47.29481986735795
              ],
              [
                -3.249090302439361,
                47.31611992695789
              ],
              [
                -3.23967936511255,
                47.32311099309081
              ],
              [
                -3.260498308082758,
                47.35272839079793
              ],
              [
                -3.260984257345955,
                47.37200040038536
              ],
              [
                -3.2196122622040786,
                47.37940035282299
              ],
              [
                -3.1940520278217033,
                47.365886589187845
              ]
            ]
          ],
          [
            [
              [
                -3.4217944600697368,
                47.61999952861919
              ],
              [
                -3.4406738530114698,
                47.62744679435384
              ],
              [
                -3.461909001466569,
                47.62034681911687
              ],
              [
                -3.507636790362259,
                47.64059795161403
              ],
              [
                -3.49694135188665,
                47.65381152152095
              ],
              [
                -3.4294813948989478,
                47.64229749186373
              ],
              [
                -3.4217944600697368,
                47.61999952861919
              ]
            ]
          ],
          [
            [
              [
                0.6144311990931555,
                47.69421364605317
              ],
              [
                0.6313085686496198,
                47.709099413081624
              ],
              [
                0.6747744974506991,
                47.699004075610326
              ],
              [
                0.701006484813832,
                47.68458422067955
              ],
              [
                0.7386942552766614,
                47.696124610338615
              ],
              [
                0.7689302951021508,
                47.68497280116767
              ],
              [
                0.8349728165936311,
                47.67716533256789
              ],
              [
                0.8595037193186879,
                47.669207269893576
              ],
              [
                0.8436538464911009,
                47.645477850792176
              ],
              [
                0.8638905035844368,
                47.59963034358335
              ],
              [
                0.8989296726576519,
                47.60470549484694
              ],
              [
                0.9190111731399363,
                47.63260906008665
              ],
              [
                0.9917892369385366,
                47.62002605530995
              ],
              [
                0.9867433094857044,
                47.59068498133699
              ],
              [
                1.0037237984188345,
                47.58435868340903
              ],
              [
                1.0147853330259788,
                47.60470741380823
              ],
              [
                1.0333525357335172,
                47.60701157045949
              ],
              [
                1.0763363652479012,
                47.563221554317444
              ],
              [
                1.0464291767245975,
                47.536720528819714
              ],
              [
                1.0739220708330763,
                47.51210138412339
              ],
              [
                1.0945042162450278,
                47.469318385564065
              ],
              [
                1.1128833087567993,
                47.46591695745825
              ],
              [
                1.1333660737875422,
                47.44894991839347
              ],
              [
                1.1144031703140151,
                47.42842030526633
              ],
              [
                1.093707046251301,
                47.42905551300356
              ],
              [
                1.1215488811681436,
                47.382432672337416
              ],
              [
                1.1043501548322552,
                47.370150192490236
              ],
              [
                1.1228695110868157,
                47.35644850071685
              ],
              [
                1.106312735447246,
                47.331083370539545
              ],
              [
                1.0948532977686622,
                47.3285366431566
              ],
              [
                1.1079035040639091,
                47.29948400233637
              ],
              [
                1.127510095723219,
                47.29676734084024
              ],
              [
                1.1623243677400883,
                47.272335282824905
              ],
              [
                1.1732084801290505,
                47.285312153710144
              ],
              [
                1.194077711170585,
                47.282955427790995
              ],
              [
                1.2233351560525534,
                47.29417679425747
              ],
              [
                1.2433106673289427,
                47.2738511703364
              ],
              [
                1.2753776194772806,
                47.25665618088809
              ],
              [
                1.2945860121083586,
                47.23735505703783
              ],
              [
                1.32666554504539,
                47.186225424714024
              ],
              [
                1.3467111123061792,
                47.168764854539475
              ],
              [
                1.3653609997076237,
                47.12205127770916
              ],
              [
                1.355725988719157,
                47.10878543596063
              ],
              [
                1.3188363969257677,
                47.104914121347655
              ],
              [
                1.3121550924937646,
                47.0718848367818
              ],
              [
                1.2937693555688192,
                47.07225420538248
              ],
              [
                1.2776118302465334,
                47.04039666478023
              ],
              [
                1.253119794649933,
                47.021765630239194
              ],
              [
                1.1955887210148548,
                47.02953520853475
              ],
              [
                1.1818533493699115,
                47.04081998846271
              ],
              [
                1.1321442636157986,
                47.02762569675012
              ],
              [
                1.1102641592923617,
                47.02923293261394
              ],
              [
                1.0840420847936154,
                47.021019619722956
              ],
              [
                1.0736483557273722,
                47.00265445404348
              ],
              [
                1.0498776400419192,
                46.98064041873546
              ],
              [
                1.0635443101027082,
                46.95731046262916
              ],
              [
                1.0380284215747493,
                46.9420186917126
              ],
              [
                1.0338011309915904,
                46.90747018486123
              ],
              [
                1.022251434317954,
                46.86391503191526
              ],
              [
                1.0032488288235037,
                46.81410411812478
              ],
              [
                0.987243902482599,
                46.79818923636699
              ],
              [
                1.011690169362143,
                46.75780474174544
              ],
              [
                0.9833806433152704,
                46.76418354026803
              ],
              [
                0.9590385851297228,
                46.73775035471489
              ],
              [
                0.9469595959139807,
                46.73670637149566
              ],
              [
                0.9252287975177681,
                46.757176324942904
              ],
              [
                0.884637875531021,
                46.75486872319864
              ],
              [
                0.8674688807081561,
                46.74821910504847
              ],
              [
                0.8279817587178017,
                46.776816236170745
              ],
              [
                0.8119017840639386,
                46.79450796471714
              ],
              [
                0.8093213661875756,
                46.827858093390724
              ],
              [
                0.7521109761823577,
                46.86086544125436
              ],
              [
                0.704324392050786,
                46.903293353155846
              ],
              [
                0.7062532556123257,
                46.937154623849935
              ],
              [
                0.692569282364634,
                46.97430706301784
              ],
              [
                0.6362054885332586,
                46.985451805972254
              ],
              [
                0.6188741963763473,
                47.00746096968646
              ],
              [
                0.5669489614197056,
                47.00227037444166
              ],
              [
                0.5783449036180749,
                46.97981081817415
              ],
              [
                0.6011756847806528,
                46.97309082433285
              ],
              [
                0.6015594112278456,
                46.95910993478791
              ],
              [
                0.5644222278144092,
                46.95552996701939
              ],
              [
                0.5392917082788095,
                46.960220880583776
              ],
              [
                0.5027297280171042,
                46.9579123909043
              ],
              [
                0.44480383249233546,
                46.94114889283753
              ],
              [
                0.4387096602536596,
                46.929582071059045
              ],
              [
                0.3665152631758488,
                46.94955720761298
              ],
              [
                0.3248406111614126,
                46.93065213256517
              ],
              [
                0.31122704760535835,
                46.93783959199593
              ],
              [
                0.30073625724988334,
                46.97382765864781
              ],
              [
                0.3081773026194614,
                46.99988348323911
              ],
              [
                0.2986715021217093,
                47.01959741824875
              ],
              [
                0.3093302509672645,
                47.04413338267026
              ],
              [
                0.29823142261819696,
                47.05391872520871
              ],
              [
                0.2718544387898612,
                47.04638904119169
              ],
              [
                0.2455423301785185,
                47.07128604001384
              ],
              [
                0.20800102904621295,
                47.05323202361692
              ],
              [
                0.1742206159576792,
                47.07127519606643
              ],
              [
                0.20095302486598468,
                47.09125887635545
              ],
              [
                0.18146114771856547,
                47.11438824881292
              ],
              [
                0.15685150997252176,
                47.103344382080465
              ],
              [
                0.1347219236888625,
                47.1078700305567
              ],
              [
                0.13613090268194533,
                47.121580554147506
              ],
              [
                0.07637120084195233,
                47.12393194888823
              ],
              [
                0.05382761471070587,
                47.16373008265526
              ],
              [
                0.03664297673522525,
                47.160354293664795
              ],
              [
                0.01901485826766373,
                47.17575785031973
              ],
              [
                -0.01073662557135027,
                47.15750952036683
              ],
              [
                -0.035959245982801084,
                47.12509157253751
              ],
              [
                -0.04416541443323743,
                47.093242584398084
              ],
              [
                -0.08590400471278307,
                47.1010103974686
              ],
              [
                -0.09805549141019346,
                47.0913509263054
              ],
              [
                -0.10212095637964737,
                47.064797190818005
              ],
              [
                -0.12838002979815127,
                47.05442990559355
              ],
              [
                -0.1476585466148043,
                47.069854366674875
              ],
              [
                -0.178486598699701,
                47.0697670558895
              ],
              [
                -0.1521214820209298,
                47.10085428544302
              ],
              [
                -0.1848398275184138,
                47.10833699690516
              ],
              [
                -0.20250740252740007,
                47.09583787535414
              ],
              [
                -0.2415379484520476,
                47.10572466544675
              ],
              [
                -0.2879290635736671,
                47.10144071067538
              ],
              [
                -0.3414640153397548,
                47.08733467869207
              ],
              [
                -0.3579271504355597,
                47.09365187822681
              ],
              [
                -0.3834553981375389,
                47.08769862856716
              ],
              [
                -0.4007795061579299,
                47.07077103460959
              ],
              [
                -0.42854910796633194,
                47.07271663479802
              ],
              [
                -0.4642554478540593,
                47.06757786350008
              ],
              [
                -0.46269733093798004,
                47.08192636562548
              ],
              [
                -0.4953402437613724,
                47.082385217708435
              ],
              [
                -0.5595318719263807,
                47.06188673077478
              ],
              [
                -0.5555783931772565,
                47.04353316953107
              ],
              [
                -0.5654683969778376,
                47.01942614381194
              ],
              [
                -0.61568293448452,
                46.99293402227639
              ],
              [
                -0.6438716820428597,
                46.99351589442817
              ],
              [
                -0.6758343487736584,
                47.00172199082605
              ],
              [
                -0.7156396951065868,
                46.985502313803366
              ],
              [
                -0.743365629187983,
                47.00070367813692
              ],
              [
                -0.7619520119905745,
                46.992139886795954
              ],
              [
                -0.7875770887198819,
                47.00513718237798
              ],
              [
                -0.8559224678754487,
                46.979084161484536
              ],
              [
                -0.8919599503022404,
                46.975817849607864
              ],
              [
                -0.9027847223499762,
                46.99384133071281
              ],
              [
                -0.9334603151811864,
                47.008908043397554
              ],
              [
                -0.9670342291507741,
                47.00506278044761
              ],
              [
                -1.0003954614147021,
                47.02080439583092
              ],
              [
                -1.0158832983469237,
                47.00413844081306
              ],
              [
                -1.0741287584409651,
                47.008280037449445
              ],
              [
                -1.1444802777855911,
                47.02539165807213
              ],
              [
                -1.1485704887534398,
                47.029545162586565
              ],
              [
                -1.200679265181828,
                47.04002068735864
              ],
              [
                -1.230646678052403,
                47.0647662671337
              ],
              [
                -1.248272600668004,
                47.068248451977425
              ],
              [
                -1.2683044893940385,
                47.08474885032919
              ],
              [
                -1.2903251112226377,
                47.07019181205101
              ],
              [
                -1.2946349782361042,
                47.03948346966515
              ],
              [
                -1.3124114592110108,
                47.03350963450989
              ],
              [
                -1.3627515861913184,
                47.04068820066417
              ],
              [
                -1.3786124689367814,
                47.03085386698655
              ],
              [
                -1.363022131692666,
                47.005231806651935
              ],
              [
                -1.3775094300897999,
                46.990940454807415
              ],
              [
                -1.3590587331965938,
                46.98113458794234
              ],
              [
                -1.3729857700949506,
                46.95218446660972
              ],
              [
                -1.4181594787532137,
                46.943057239909116
              ],
              [
                -1.4582677297055284,
                46.92583846037384
              ],
              [
                -1.4715165512848787,
                46.93291787054446
              ],
              [
                -1.4572082927387657,
                46.95464665401728
              ],
              [
                -1.4769594857010369,
                46.98097074445235
              ],
              [
                -1.469172627780506,
                47.00198697021648
              ],
              [
                -1.4759335714372155,
                47.029463554503664
              ],
              [
                -1.4998449288829532,
                47.04068947453796
              ],
              [
                -1.515724271893768,
                47.027732420842334
              ],
              [
                -1.5552723334553664,
                47.01533738692226
              ],
              [
                -1.542665987015755,
                47.00327217070728
              ],
              [
                -1.5543623514658027,
                46.97816341773942
              ],
              [
                -1.5309030377362816,
                46.94498074264914
              ],
              [
                -1.527927453698693,
                46.92377826735825
              ],
              [
                -1.5007668577856463,
                46.88389115282979
              ],
              [
                -1.5485110748777025,
                46.86007983436468
              ],
              [
                -1.634820511862539,
                46.87837868837905
              ],
              [
                -1.6645131258008816,
                46.874779205029014
              ],
              [
                -1.6870033984268769,
                46.89055113474326
              ],
              [
                -1.7202546726947285,
                46.88456447923729
              ],
              [
                -1.7371139932046213,
                46.89680599083098
              ],
              [
                -1.7362508076850236,
                46.91143568904478
              ],
              [
                -1.7513270577094098,
                46.929611815604666
              ],
              [
                -1.77556460551789,
                46.92540682943319
              ],
              [
                -1.8309821821134158,
                46.932033724154486
              ],
              [
                -1.8318237164160205,
                46.953809822447525
              ],
              [
                -1.872614380314098,
                46.95312868208426
              ],
              [
                -1.9174428113267457,
                46.97508381963422
              ],
              [
                -1.9166202315157645,
                46.991518959422415
              ],
              [
                -1.9432276192598639,
                46.99471092059494
              ],
              [
                -1.9688489284381314,
                47.02767329905578
              ],
              [
                -1.980414486742876,
                47.02890649407564
              ],
              [
                -2.0047172984420274,
                47.06145903008165
              ],
              [
                -2.032603631969014,
                47.07351687202541
              ],
              [
                -2.0534725301465024,
                47.09412159709027
              ],
              [
                -2.114087677200522,
                47.10989368059357
              ],
              [
                -2.1555864883203406,
                47.11283045616817
              ],
              [
                -2.1776732744717013,
                47.1220648516062
              ],
              [
                -2.214466888230872,
                47.123901610790035
              ],
              [
                -2.226823218085358,
                47.13094036238744
              ],
              [
                -2.226132030050598,
                47.15227424383228
              ],
              [
                -2.167064477781809,
                47.16618049901811
              ],
              [
                -2.1583713304619327,
                47.20905347867946
              ],
              [
                -2.1805520828108604,
                47.23299057764472
              ],
              [
                -2.1705404081241095,
                47.23975355445233
              ],
              [
                -2.169993937357407,
                47.26847661211524
              ],
              [
                -2.1873645299124624,
                47.28061948952369
              ],
              [
                -2.245373274313404,
                47.25599310446833
              ],
              [
                -2.2698943084243393,
                47.23956836515538
              ],
              [
                -2.301643363345213,
                47.23640440229174
              ],
              [
                -2.339599042924339,
                47.25518767687217
              ],
              [
                -2.3697489457624465,
                47.27743476237253
              ],
              [
                -2.398380900159916,
                47.28144600126307
              ],
              [
                -2.441973190559724,
                47.26058258477878
              ],
              [
                -2.4555196699772877,
                47.26813905362376
              ],
              [
                -2.513904074004327,
                47.284623375273924
              ],
              [
                -2.502914104344962,
                47.328751209072664
              ],
              [
                -2.5211551419585674,
                47.35881029297989
              ],
              [
                -2.5589409930083042,
                47.374567573551786
              ],
              [
                -2.5341025675524826,
                47.38296506334218
              ],
              [
                -2.483893499163002,
                47.412419341696214
              ],
              [
                -2.4508581636576396,
                47.425325950967114
              ],
              [
                -2.45848916517333,
                47.44812172071826
              ],
              [
                -2.4794720164550967,
                47.44310980823914
              ],
              [
                -2.498735357450224,
                47.45724235463569
              ],
              [
                -2.489565024970293,
                47.47431520811904
              ],
              [
                -2.5015179310929967,
                47.489586634131676
              ],
              [
                -2.4412239148217303,
                47.49623958282475
              ],
              [
                -2.466145152823908,
                47.51170094995204
              ],
              [
                -2.5177254508541034,
                47.52638405379225
              ],
              [
                -2.543943614544709,
                47.52304464159969
              ],
              [
                -2.5528199043026465,
                47.51257795028038
              ],
              [
                -2.6035175490392004,
                47.51629291634741
              ],
              [
                -2.603686239678167,
                47.53097620577883
              ],
              [
                -2.652315813187561,
                47.53948128320896
              ],
              [
                -2.6518523877085074,
                47.52918871697427
              ],
              [
                -2.681267629896647,
                47.49582645624765
              ],
              [
                -2.7155074792326994,
                47.50555679146207
              ],
              [
                -2.783910628164775,
                47.49416982507097
              ],
              [
                -2.7953631847353706,
                47.48606302718516
              ],
              [
                -2.8494662625405485,
                47.498716770371836
              ],
              [
                -2.8475718355405935,
                47.512071687742385
              ],
              [
                -2.8752313484549616,
                47.534363529261185
              ],
              [
                -2.9132300200024543,
                47.543009316861514
              ],
              [
                -2.9093071370148396,
                47.55995295111369
              ],
              [
                -2.882650360709671,
                47.56273792316479
              ],
              [
                -2.8621207995589244,
                47.54108127622838
              ],
              [
                -2.8188916250932614,
                47.547311960718446
              ],
              [
                -2.8053190952421017,
                47.55465057729475
              ],
              [
                -2.762369364633524,
                47.53644978740993
              ],
              [
                -2.7342064067723255,
                47.55206430843042
              ],
              [
                -2.7154316604959736,
                47.57654253087959
              ],
              [
                -2.714432950008992,
                47.59298967346035
              ],
              [
                -2.757592183654573,
                47.61287735101191
              ],
              [
                -2.7545302536260285,
                47.635943017790716
              ],
              [
                -2.7951916631184384,
                47.619515983940175
              ],
              [
                -2.8312692184373036,
                47.613980283771895
              ],
              [
                -2.851150732135118,
                47.619022264840936
              ],
              [
                -2.8883074806182694,
                47.60372031432131
              ],
              [
                -2.8941178097199294,
                47.58191685891699
              ],
              [
                -2.9370470028114317,
                47.59651736500671
              ],
              [
                -2.950659153900295,
                47.579303860754656
              ],
              [
                -3.0046859134608477,
                47.56646553748797
              ],
              [
                -3.026468461710979,
                47.58394599905037
              ],
              [
                -3.094879923920414,
                47.564686311749014
              ],
              [
                -3.1232589863704034,
                47.5695081568697
              ],
              [
                -3.1332300779049587,
                47.532435621621886
              ],
              [
                -3.1169009752940933,
                47.4961604922533
              ],
              [
                -3.09449650710579,
                47.482412765246636
              ],
              [
                -3.129391708495516,
                47.4738244656134
              ],
              [
                -3.1517748821158404,
                47.50387332474793
              ],
              [
                -3.152063868227419,
                47.52789301771813
              ],
              [
                -3.1345805586210473,
                47.54882366707632
              ],
              [
                -3.139749279889078,
                47.57960047643262
              ],
              [
                -3.1583771335933584,
                47.6069849085308
              ],
              [
                -3.1937321982478797,
                47.62194072617485
              ],
              [
                -3.2097530809913435,
                47.640690040350975
              ],
              [
                -3.2081288735823428,
                47.66342980157541
              ],
              [
                -3.190504238501219,
                47.68254092926842
              ],
              [
                -3.166595512762787,
                47.6804302446036
              ],
              [
                -3.128059188762987,
                47.70555367694903
              ],
              [
                -3.1259616002794033,
                47.72345749155855
              ],
              [
                -3.159418178564092,
                47.737388379799775
              ],
              [
                -3.1763421131463927,
                47.734689167234386
              ],
              [
                -3.1737051439382005,
                47.701956980943464
              ],
              [
                -3.217549801386117,
                47.66730699988139
              ],
              [
                -3.214971438983497,
                47.64522440607226
              ],
              [
                -3.270895013000413,
                47.6788711919624
              ],
              [
                -3.28786392948088,
                47.700955682089656
              ],
              [
                -3.3409140108798394,
                47.70870473596058
              ],
              [
                -3.34887310198566,
                47.728643297493896
              ],
              [
                -3.387107819813834,
                47.70188799129091
              ],
              [
                -3.4304371204407182,
                47.70321133479036
              ],
              [
                -3.452760568692728,
                47.69534163728435
              ],
              [
                -3.4983535994006227,
                47.72943310383713
              ],
              [
                -3.520959375326517,
                47.75766895361749
              ],
              [
                -3.5299269866083183,
                47.78246448849144
              ],
              [
                -3.5173821429083914,
                47.80503760359084
              ],
              [
                -3.5359178691698356,
                47.81643884429237
              ],
              [
                -3.5382904863091595,
                47.836020899790604
              ],
              [
                -3.523004293499609,
                47.84914685714251
              ],
              [
                -3.5396513689234244,
                47.83617965304551
              ],
              [
                -3.5425770850250635,
                47.82151227934617
              ],
              [
                -3.5229226544939514,
                47.80223614015396
              ],
              [
                -3.5386344188426375,
                47.76264176980493
              ],
              [
                -3.5641121250447267,
                47.76861005548025
              ],
              [
                -3.6173293885938573,
                47.76951026006133
              ],
              [
                -3.666828405107558,
                47.78066980771674
              ],
              [
                -3.6808401232958055,
                47.776789568451115
              ],
              [
                -3.7359638663585395,
                47.80568353533829
              ],
              [
                -3.7620343226442494,
                47.790565500089855
              ],
              [
                -3.80058711359008,
                47.787633168752826
              ],
              [
                -3.8206966045621122,
                47.79704005110039
              ],
              [
                -3.8510582202094192,
                47.79595113220543
              ],
              [
                -3.9014575009234087,
                47.83811402726429
              ],
              [
                -3.9352297901853737,
                47.88271768897734
              ],
              [
                -3.979285765673716,
                47.90506331053172
              ],
              [
                -3.9892426691277407,
                47.88124042404969
              ],
              [
                -3.9779071580540446,
                47.85370904171028
              ],
              [
                -4.041402101062129,
                47.84560407995417
              ],
              [
                -4.071579359966193,
                47.8639343495831
              ],
              [
                -4.12605004973185,
                47.864172382493564
              ],
              [
                -4.163559448578027,
                47.84918510804166
              ],
              [
                -4.175106219653961,
                47.87596847062619
              ],
              [
                -4.1971340520002265,
                47.86102385449842
              ],
              [
                -4.179428919445678,
                47.83927438037873
              ],
              [
                -4.15940114971976,
                47.8318173246385
              ],
              [
                -4.183013010492385,
                47.800536704160066
              ],
              [
                -4.2165887057710965,
                47.793144928603546
              ],
              [
                -4.269232846114915,
                47.790984442793075
              ],
              [
                -4.298541674244525,
                47.80045582335789
              ],
              [
                -4.362405222202317,
                47.79574452412905
              ],
              [
                -4.379252075100091,
                47.82205366025167
              ],
              [
                -4.349806909070088,
                47.830787344673475
              ],
              [
                -4.35026147711619,
                47.85720715426938
              ],
              [
                -4.367485583327389,
                47.895018967431604
              ],
              [
                -4.388015035003269,
                47.926654784945555
              ],
              [
                -4.423497441952159,
                47.9629190746406
              ],
              [
                -4.45357212479016,
                47.98178335103627
              ],
              [
                -4.509946245392576,
                48.00508930612951
              ],
              [
                -4.540544158513848,
                48.01277237320508
              ],
              [
                -4.564748323475724,
                47.99983217909559
              ],
              [
                -4.617153960280601,
                48.01668341623001
              ],
              [
                -4.632961817787164,
                48.029371518298575
              ],
              [
                -4.65236486621254,
                48.02197780046869
              ],
              [
                -4.699486095336003,
                48.0276385517676
              ],
              [
                -4.716343505589336,
                48.06246408637442
              ],
              [
                -4.673766453815838,
                48.060832956449374
              ],
              [
                -4.6659348329354255,
                48.07024114770002
              ],
              [
                -4.621727492652852,
                48.068543619046565
              ],
              [
                -4.5801348626137575,
                48.08191194086029
              ],
              [
                -4.553615731275088,
                48.07713834742257
              ],
              [
                -4.532513782688574,
                48.08825622911054
              ],
              [
                -4.487667360513949,
                48.086548703734806
              ],
              [
                -4.466691486895225,
                48.09914603365788
              ],
              [
                -4.42937785197245,
                48.09921479885298
              ],
              [
                -4.374400199477134,
                48.110160305908614
              ],
              [
                -4.306988535338467,
                48.089182615717235
              ],
              [
                -4.2855866218113725,
                48.104744565148835
              ],
              [
                -4.2837220130952955,
                48.126900982468996
              ],
              [
                -4.271721077823729,
                48.133056537289555
              ],
              [
                -4.273083579380047,
                48.15418112435729
              ],
              [
                -4.295843919274587,
                48.16142932399722
              ],
              [
                -4.292060558661123,
                48.17634830008409
              ],
              [
                -4.303105949344183,
                48.19481221480856
              ],
              [
                -4.332028821902894,
                48.20625396161038
              ],
              [
                -4.367421587366783,
                48.20518414807059
              ],
              [
                -4.376408546426716,
                48.217120176811314
              ],
              [
                -4.462948817851071,
                48.23822329999254
              ],
              [
                -4.501654363959345,
                48.230424062827204
              ],
              [
                -4.520558957420493,
                48.191481893648785
              ],
              [
                -4.5541301011022846,
                48.167773715825284
              ],
              [
                -4.55239723973961,
                48.20798329589854
              ],
              [
                -4.564023813101924,
                48.232230611567076
              ],
              [
                -4.544514592316071,
                48.241191573122464
              ],
              [
                -4.556269907144756,
                48.25839883522839
              ],
              [
                -4.583648389279179,
                48.25188609816883
              ],
              [
                -4.606432460120089,
                48.260804316606915
              ],
              [
                -4.566613794720501,
                48.286343567274294
              ],
              [
                -4.5805180078903875,
                48.31953640425027
              ],
              [
                -4.553173678040408,
                48.33877871593713
              ],
              [
                -4.545322996139177,
                48.32453014489154
              ],
              [
                -4.552688342449066,
                48.29433138900056
              ],
              [
                -4.535044973995933,
                48.28408016653001
              ],
              [
                -4.51791127193264,
                48.29532344340755
              ],
              [
                -4.502598847108407,
                48.28086108393083
              ],
              [
                -4.455054516900592,
                48.292768680960236
              ],
              [
                -4.423778354693354,
                48.291677200748616
              ],
              [
                -4.4121268947877414,
                48.27743520886878
              ],
              [
                -4.384499553201252,
                48.27515572709832
              ],
              [
                -4.338007897909741,
                48.28559363845158
              ],
              [
                -4.308030328849242,
                48.29716811390846
              ],
              [
                -4.271673566367982,
                48.29591729189257
              ],
              [
                -4.261871578053853,
                48.27947084714217
              ],
              [
                -4.223087545336637,
                48.296299071102354
              ],
              [
                -4.281228861951339,
                48.314447470573086
              ],
              [
                -4.328634688910267,
                48.31488418033181
              ],
              [
                -4.316134692309666,
                48.335818592679146
              ],
              [
                -4.367224196551887,
                48.34371171314183
              ],
              [
                -4.375256083838373,
                48.32630324311795
              ],
              [
                -4.442251665475733,
                48.32677107157494
              ],
              [
                -4.443889468046649,
                48.34883595893029
              ],
              [
                -4.402940735996712,
                48.390022498012094
              ],
              [
                -4.424948261340765,
                48.397597431903
              ],
              [
                -4.435282416373567,
                48.38339288656854
              ],
              [
                -4.458114014938408,
                48.385867352822785
              ],
              [
                -4.5070286895447,
                48.375178986581524
              ],
              [
                -4.538022709122905,
                48.357127206507
              ],
              [
                -4.54966862065911,
                48.362005158047474
              ],
              [
                -4.608723907528041,
                48.33788748522352
              ],
              [
                -4.628097678951578,
                48.33751415715651
              ],
              [
                -4.678429988988318,
                48.35543131935038
              ],
              [
                -4.69483398347226,
                48.35279072707112
              ],
              [
                -4.707560306796703,
                48.33232585661272
              ],
              [
                -4.7722963997844206,
                48.329183978768505
              ],
              [
                -4.769925202904266,
                48.361796246678736
              ],
              [
                -4.760909970272357,
                48.37274934621913
              ],
              [
                -4.774449224429342,
                48.389388669092874
              ],
              [
                -4.773685539184036,
                48.40492512169256
              ],
              [
                -4.79490980371592,
                48.41306522400434
              ],
              [
                -4.778308286782586,
                48.44933411185572
              ],
              [
                -4.759049827922969,
                48.47040485137466
              ],
              [
                -4.777001937365527,
                48.50311695180772
              ],
              [
                -4.757988885564184,
                48.52093310825663
              ],
              [
                -4.762396097201912,
                48.530913179201654
              ],
              [
                -4.730582004767845,
                48.556349210517865
              ],
              [
                -4.704749488588449,
                48.56897618289027
              ],
              [
                -4.681095549020893,
                48.56731997011509
              ],
              [
                -4.627815146836776,
                48.57891940354545
              ],
              [
                -4.6098896150813555,
                48.575823083209116
              ],
              [
                -4.590772268866488,
                48.59402847039412
              ],
              [
                -4.562764141371104,
                48.59817521227606
              ],
              [
                -4.557624352657544,
                48.623470387580625
              ],
              [
                -4.519579706212667,
                48.63461429836846
              ],
              [
                -4.501808596546954,
                48.621190515057386
              ],
              [
                -4.431795383056437,
                48.635233047605645
              ],
              [
                -4.417756994812844,
                48.65471295900724
              ],
              [
                -4.398044453426728,
                48.65561657189681
              ],
              [
                -4.35001885330614,
                48.67651959770488
              ],
              [
                -4.3167824361752904,
                48.67199333723616
              ],
              [
                -4.271733741368674,
                48.64950099695784
              ],
              [
                -4.223767566780155,
                48.648361716153644
              ],
              [
                -4.209602839214799,
                48.67044798555623
              ],
              [
                -4.186935690423405,
                48.68646122790089
              ],
              [
                -4.1089633691562515,
                48.69443456873133
              ],
              [
                -4.057584711672935,
                48.689257976253764
              ],
              [
                -4.0534274992711286,
                48.7032941013924
              ],
              [
                -4.032990823785386,
                48.71270325427199
              ],
              [
                -4.0005346564303155,
                48.71162801931488
              ],
              [
                -3.9834396203178497,
                48.72630319219002
              ],
              [
                -3.9668110875090608,
                48.7196296260678
              ],
              [
                -3.973629366481163,
                48.70388914743309
              ],
              [
                -3.9694817850407995,
                48.67541780327085
              ],
              [
                -3.9494614719873633,
                48.65286849015005
              ],
              [
                -3.9035069777805154,
                48.66440380162745
              ],
              [
                -3.8895722831453385,
                48.64166403341278
              ],
              [
                -3.845544973771357,
                48.62696293321332
              ],
              [
                -3.8562366572284197,
                48.64905420905967
              ],
              [
                -3.8458155271587935,
                48.66164492704556
              ],
              [
                -3.8544747780529227,
                48.68637205322022
              ],
              [
                -3.820777313163899,
                48.701354575208065
              ],
              [
                -3.7874874253592217,
                48.70179551925303
              ],
              [
                -3.765699137667055,
                48.70888608345991
              ],
              [
                -3.7332511605024314,
                48.70742218765922
              ],
              [
                -3.702432092334233,
                48.69038564489073
              ],
              [
                -3.6591595380103863,
                48.69489143579908
              ],
              [
                -3.642801218211254,
                48.672120238447434
              ],
              [
                -3.6591438196705743,
                48.659209780669244
              ],
              [
                -3.636485708364634,
                48.67068553367222
              ],
              [
                -3.5812485466634136,
                48.67001788504223
              ],
              [
                -3.5848109666117063,
                48.71714328760577
              ],
              [
                -3.5553712374292132,
                48.727513465979534
              ],
              [
                -3.550313063112974,
                48.748161651547555
              ],
              [
                -3.583914958484379,
                48.770957492800314
              ],
              [
                -3.57794290588313,
                48.788317654113186
              ],
              [
                -3.535033949747009,
                48.80271604156535
              ],
              [
                -3.5408959300937988,
                48.823160071945985
              ],
              [
                -3.5231064424378755,
                48.82984632644791
              ],
              [
                -3.467838623077333,
                48.823298521249114
              ],
              [
                -3.4301953417140556,
                48.79725199605727
              ],
              [
                -3.3975446062757473,
                48.80074944363836
              ],
              [
                -3.382428393678025,
                48.81593302680193
              ],
              [
                -3.3570114279950727,
                48.81969907013649
              ],
              [
                -3.323351109794353,
                48.8372857508137
              ],
              [
                -3.2620728843625333,
                48.83540082059945
              ],
              [
                -3.2457616227016315,
                48.85707703727301
              ],
              [
                -3.2197192609615692,
                48.86646505727847
              ],
              [
                -3.2028204869337964,
                48.83450712281955
              ],
              [
                -3.1679438416382495,
                48.85314717376183
              ],
              [
                -3.1247589566102234,
                48.864723936263395
              ],
              [
                -3.094421852953979,
                48.86764668461141
              ],
              [
                -3.0834891305254475,
                48.827262011215225
              ],
              [
                -3.0537161489037152,
                48.8152457771198
              ],
              [
                -3.013633951697306,
                48.82213396052265
              ],
              [
                -3.006141529447617,
                48.8002958368664
              ],
              [
                -3.0454089632329833,
                48.78782195169868
              ],
              [
                -3.0109390309556923,
                48.76663541659801
              ],
              [
                -2.950301280923285,
                48.76363410458018
              ],
              [
                -2.9289747965586783,
                48.753783159339335
              ],
              [
                -2.9451008416298974,
                48.72080660138098
              ],
              [
                -2.925263771726924,
                48.707706235287056
              ],
              [
                -2.8902558845725252,
                48.69783483539522
              ],
              [
                -2.8807700984538154,
                48.67423957383046
              ],
              [
                -2.8565017877713177,
                48.67400220577111
              ],
              [
                -2.82693502135218,
                48.65056933154873
              ],
              [
                -2.815798289739638,
                48.60972420668523
              ],
              [
                -2.819598830141578,
                48.59352827457419
              ],
              [
                -2.7797389357262325,
                48.5851014526199
              ],
              [
                -2.772680617047176,
                48.57054449754173
              ],
              [
                -2.7202164699056217,
                48.55545942233219
              ],
              [
                -2.720977837428319,
                48.53284752618768
              ],
              [
                -2.698438421518125,
                48.50568354123005
              ],
              [
                -2.6756732508454437,
                48.510662191084755
              ],
              [
                -2.681558937117988,
                48.53113342751236
              ],
              [
                -2.6302852526774863,
                48.52609134516814
              ],
              [
                -2.6312676669697814,
                48.53812967265482
              ],
              [
                -2.60556004275335,
                48.55182776019479
              ],
              [
                -2.559733538085472,
                48.58639210176802
              ],
              [
                -2.4952155554349047,
                48.608924120470554
              ],
              [
                -2.4728755698685654,
                48.62308300588095
              ],
              [
                -2.468004297270983,
                48.64958127336475
              ],
              [
                -2.4356309681917874,
                48.65218264157844
              ],
              [
                -2.4121662285976435,
                48.64149535614902
              ],
              [
                -2.3609466388725773,
                48.65556175834698
              ],
              [
                -2.3145391685823196,
                48.67409586438523
              ],
              [
                -2.294173242748991,
                48.659975373377236
              ],
              [
                -2.3134177483953855,
                48.63324397584119
              ],
              [
                -2.3374720527788573,
                48.61972552862038
              ],
              [
                -2.311900696016676,
                48.61149441654407
              ],
              [
                -2.299891144928281,
                48.624056828499725
              ],
              [
                -2.263502079970802,
                48.64364865321494
              ],
              [
                -2.205399315491741,
                48.57889213970631
              ],
              [
                -2.1755905479570017,
                48.576407987143455
              ],
              [
                -2.1572330600099674,
                48.58835712746883
              ],
              [
                -2.165799240930372,
                48.60423827586908
              ],
              [
                -2.1237080247752895,
                48.6044100285603
              ],
              [
                -2.141418514151318,
                48.63150826238565
              ],
              [
                -2.1110187885946092,
                48.639371270835035
              ],
              [
                -2.0731195987308073,
                48.639848527788644
              ],
              [
                -2.0550968709795594,
                48.62731181103318
              ],
              [
                -2.030265589793804,
                48.623037585858
              ],
              [
                -2.0335527005150444,
                48.60945056178775
              ],
              [
                -2.0135087146521657,
                48.58752054847777
              ],
              [
                -2.006894935706843,
                48.56611290198358
              ],
              [
                -1.972343842323779,
                48.534637865266006
              ],
              [
                -1.9480369010443914,
                48.53880790488251
              ],
              [
                -1.9611498133853817,
                48.55028465234394
              ],
              [
                -1.9919510225165333,
                48.59410622069773
              ],
              [
                -2.0087091801575645,
                48.60763335351246
              ],
              [
                -2.025977992976761,
                48.634440306350065
              ],
              [
                -2.0259623321650078,
                48.651529854005666
              ],
              [
                -1.9952407599257496,
                48.66014163675909
              ],
              [
                -1.9698282134951834,
                48.686323125327455
              ],
              [
                -1.938080197743341,
                48.69445682698749
              ],
              [
                -1.9058385211153706,
                48.69048099448555
              ],
              [
                -1.8905012399508623,
                48.69894290465139
              ],
              [
                -1.8485728474073226,
                48.69470909677442
              ],
              [
                -1.8364331812622583,
                48.68121682888067
              ],
              [
                -1.862720260590434,
                48.66727765633872
              ],
              [
                -1.8716564802790996,
                48.64741056211108
              ],
              [
                -1.8450734275301934,
                48.61636825056999
              ],
              [
                -1.7739813304009915,
                48.60347255264488
              ],
              [
                -1.6611080846074195,
                48.61074343781696
              ],
              [
                -1.571087121326364,
                48.62644574305228
              ],
              [
                -1.5395886706131567,
                48.59990995187043
              ],
              [
                -1.5429924815935763,
                48.580444133540496
              ],
              [
                -1.5189153941473403,
                48.56659421958314
              ],
              [
                -1.5332845735947223,
                48.548008242217605
              ],
              [
                -1.5195667662578034,
                48.54001612578908
              ],
              [
                -1.4956341385339116,
                48.508901592854826
              ],
              [
                -1.4899474351423645,
                48.4893748476061
              ],
              [
                -1.4492619036481307,
                48.48610480553381
              ],
              [
                -1.4291375679083818,
                48.46255700303843
              ],
              [
                -1.3825547062366061,
                48.4568090552251
              ],
              [
                -1.3446860862323986,
                48.47306856926301
              ],
              [
                -1.3286586444430455,
                48.49624141596003
              ],
              [
                -1.2792064911793741,
                48.50916990134831
              ],
              [
                -1.2722484935647256,
                48.533924823055
              ],
              [
                -1.206555726308375,
                48.54220594454138
              ],
              [
                -1.1883677623098592,
                48.52868744833374
              ],
              [
                -1.1709940931325373,
                48.53107346572728
              ],
              [
                -1.1470794109416749,
                48.517497772579
              ],
              [
                -1.1305430914657242,
                48.52170438546665
              ],
              [
                -1.0701645143702043,
                48.50849381419032
              ],
              [
                -1.0605549892053183,
                48.51534444794686
              ],
              [
                -1.003998750116345,
                48.489170559999316
              ],
              [
                -0.9722539090536432,
                48.49459678797466
              ],
              [
                -0.9563792193607108,
                48.5166180795957
              ],
              [
                -0.9223589824244613,
                48.512387467627654
              ],
              [
                -0.895759002734999,
                48.49483509679017
              ],
              [
                -0.8603629154348681,
                48.50145849652254
              ],
              [
                -0.7975558085305263,
                48.465278693659805
              ],
              [
                -0.7778740724524535,
                48.46541168200867
              ],
              [
                -0.7796468261489741,
                48.44602717779943
              ],
              [
                -0.7572811397545338,
                48.436551469912764
              ],
              [
                -0.7151034623418729,
                48.448949122074
              ],
              [
                -0.7358573623603453,
                48.46112222178988
              ],
              [
                -0.730343478460553,
                48.472706578375146
              ],
              [
                -0.7020679300858332,
                48.467206812159105
              ],
              [
                -0.6662397250359153,
                48.48588955148741
              ],
              [
                -0.6510738694884249,
                48.44394876336686
              ],
              [
                -0.5986229162657322,
                48.47101955265918
              ],
              [
                -0.5502899127948604,
                48.47423143238625
              ],
              [
                -0.5304357344769987,
                48.495166069981224
              ],
              [
                -0.5050654278707298,
                48.50579601256293
              ],
              [
                -0.4781981375781819,
                48.501570405632215
              ],
              [
                -0.44380935670202487,
                48.51374721178168
              ],
              [
                -0.3676233888648988,
                48.492944315128234
              ],
              [
                -0.33820693066737895,
                48.50050101655408
              ],
              [
                -0.3202385045732452,
                48.522920009526636
              ],
              [
                -0.2715497531161014,
                48.50745217404008
              ],
              [
                -0.2629746987558156,
                48.52359724467027
              ],
              [
                -0.24146030977322894,
                48.53711490462154
              ],
              [
                -0.26180278773892185,
                48.54789343136948
              ],
              [
                -0.23435383691646136,
                48.56233718214002
              ],
              [
                -0.20693829348513745,
                48.562944759163955
              ],
              [
                -0.16938322355767327,
                48.53697934057344
              ],
              [
                -0.14460396356167668,
                48.52775250488166
              ],
              [
                -0.1663420949957147,
                48.51558833305454
              ],
              [
                -0.14362687075469976,
                48.45472711281225
              ],
              [
                -0.10641204070316028,
                48.44752336948581
              ],
              [
                -0.051896256193192464,
                48.4532597698412
              ],
              [
                -0.05735713318959158,
                48.42850475869075
              ],
              [
                -0.05453120471342586,
                48.382003457815514
              ],
              [
                -0.04462899093295152,
                48.379755379925435
              ],
              [
                0.0033707584170527497,
                48.39598744941706
              ],
              [
                0.020988775959532427,
                48.38019902542899
              ],
              [
                0.06252414284954447,
                48.38302768487248
              ],
              [
                0.0686800642491165,
                48.406668571805646
              ],
              [
                0.09917026625350714,
                48.41035346558878
              ],
              [
                0.11624508246972709,
                48.43555379652284
              ],
              [
                0.1513148609685129,
                48.43722944549019
              ],
              [
                0.17216701037378906,
                48.46478849710128
              ],
              [
                0.18981014616858835,
                48.46189487699406
              ],
              [
                0.21796784681891437,
                48.4738014493765
              ],
              [
                0.30023976976312095,
                48.480570774759265
              ],
              [
                0.35577910790038714,
                48.4582196404425
              ],
              [
                0.38155707814654405,
                48.42516246095979
              ],
              [
                0.3717304119271855,
                48.41045271670545
              ],
              [
                0.3831416441494548,
                48.35506581259146
              ],
              [
                0.3826045470591668,
                48.33382739375671
              ],
              [
                0.4062188750511576,
                48.31462381799055
              ],
              [
                0.4313327796769827,
                48.30663773892564
              ],
              [
                0.48757228180388706,
                48.307800269630285
              ],
              [
                0.49456203378441577,
                48.28681219277962
              ],
              [
                0.5303066115723511,
                48.265500468342935
              ],
              [
                0.5359730618565085,
                48.24984731423508
              ],
              [
                0.5791940330516644,
                48.24436715365327
              ],
              [
                0.6236114391567086,
                48.24531365157172
              ],
              [
                0.6531564634145168,
                48.26370008686643
              ],
              [
                0.6754723126802372,
                48.254743451079044
              ],
              [
                0.6954713879467597,
                48.236330986094266
              ],
              [
                0.7236370295054257,
                48.198143278755104
              ],
              [
                0.764084678712686,
                48.181597068873735
              ],
              [
                0.797655838494225,
                48.19445221754921
              ],
              [
                0.8367739335625146,
                48.166991974853865
              ],
              [
                0.8619836907733601,
                48.16682130452495
              ],
              [
                0.9116186783263119,
                48.14886135015183
              ],
              [
                0.913802022562964,
                48.13512781830264
              ],
              [
                0.8525696983122546,
                48.133605674559426
              ],
              [
                0.8412172317044129,
                48.10306240932052
              ],
              [
                0.8430226369432118,
                48.07264184794484
              ],
              [
                0.8011883732648392,
                48.0715172542445
              ],
              [
                0.7975514233427093,
                48.03724057968432
              ],
              [
                0.8405346727531238,
                48.021049640847735
              ],
              [
                0.8323705747596303,
                47.996592919852844
              ],
              [
                0.8186564019800159,
                47.9892543363892
              ],
              [
                0.8376537080820077,
                47.96869214349436
              ],
              [
                0.8454683997304765,
                47.9413323536207
              ],
              [
                0.8171444727137281,
                47.93447148791446
              ],
              [
                0.8091382962389404,
                47.91066255080899
              ],
              [
                0.7805065684044099,
                47.91037691407999
              ],
              [
                0.7573343557395469,
                47.8911737517487
              ],
              [
                0.7745788175007324,
                47.83968729513432
              ],
              [
                0.7452461943264459,
                47.82624263074177
              ],
              [
                0.7248506777855144,
                47.79889099623824
              ],
              [
                0.6512736394121261,
                47.75525397111593
              ],
              [
                0.6207093570907236,
                47.747478130583154
              ],
              [
                0.6116040970811059,
                47.728130849502094
              ],
              [
                0.5805178732790718,
                47.71232800971273
              ],
              [
                0.6144311990931555,
                47.69421364605317
              ]
            ]
          ],
          [
            [
              [
                -5.102603031250701,
                48.43611710405846
              ],
              [
                -5.103600745641675,
                48.47233254581352
              ],
              [
                -5.065760515653101,
                48.48139267104152
              ],
              [
                -5.04035308104457,
                48.46511684576535
              ],
              [
                -5.063102244199608,
                48.44905420596996
              ],
              [
                -5.102603031250701,
                48.43611710405846
              ]
            ]
          ]
        ]
      }
    },
    {
      "type": "Feature",
      "properties": {
        "region": "Centre",
        "departements": [
          "71",
          "63",
          "58",
          "43",
          "36",
          "23",
          "18",
          "03"
        ]
      },
      "geometry": {
        "type": "Polygon",
        "coordinates": [
          [
            [
              3.897408424881887,
              45.3570837817156
            ],
            [
              3.9169404058247803,
              45.33940170910745
            ],
            [
              3.937395868986861,
              45.37201990198935
            ],
            [
              3.9859297079746523,
              45.371846404559236
            ],
            [
              4.002609357264608,
              45.355903224229436
            ],
            [
              4.016059141026905,
              45.328622335814885
            ],
            [
              4.043265536912594,
              45.355946107018674
            ],
            [
              4.062397034876466,
              45.33910649399259
            ],
            [
              4.083541528780984,
              45.358094161343104
            ],
            [
              4.121367666873119,
              45.36908660993613
            ],
            [
              4.1540322116079285,
              45.36460333540307
            ],
            [
              4.149768797104822,
              45.38455824320961
            ],
            [
              4.17881972832703,
              45.39254145153728
            ],
            [
              4.193308884127496,
              45.384562275069875
            ],
            [
              4.226432364238226,
              45.389716036582385
            ],
            [
              4.244524979129677,
              45.384914673287405
            ],
            [
              4.271696633410009,
              45.35982598379431
            ],
            [
              4.290739610203065,
              45.358581485433724
            ],
            [
              4.308195090413248,
              45.370806841748106
            ],
            [
              4.346191897357872,
              45.36229645766761
            ],
            [
              4.36629429373957,
              45.337097928842844
            ],
            [
              4.33189877989193,
              45.31806910411131
            ],
            [
              4.365602171309155,
              45.30106532546477
            ],
            [
              4.358165874707906,
              45.2813072908644
            ],
            [
              4.369667772097112,
              45.26036388974016
            ],
            [
              4.418571110077435,
              45.275424101661066
            ],
            [
              4.483134616383878,
              45.23644648192782
            ],
            [
              4.489604429758615,
              45.224787898710176
            ],
            [
              4.477266258728365,
              45.20978594447126
            ],
            [
              4.472540720426905,
              45.179408906886586
            ],
            [
              4.447480119407685,
              45.16118502386361
            ],
            [
              4.446118275212825,
              45.13169134188572
            ],
            [
              4.376558944791765,
              45.1443595905019
            ],
            [
              4.37022058732025,
              45.13029910308921
            ],
            [
              4.400229848141373,
              45.11600398371944
            ],
            [
              4.372571367591827,
              45.10480297518196
            ],
            [
              4.346190894999054,
              45.06964388927494
            ],
            [
              4.359614567276412,
              45.05568487734863
            ],
            [
              4.378014671826731,
              45.05427007966308
            ],
            [
              4.379067913162388,
              45.03617454254133
            ],
            [
              4.338428544649489,
              45.02671076147119
            ],
            [
              4.314677006361451,
              45.03079389328605
            ],
            [
              4.297239439669978,
              45.01702262504178
            ],
            [
              4.289827924670836,
              44.99730682920296
            ],
            [
              4.311668803625915,
              44.97177463884522
            ],
            [
              4.251555903015938,
              44.958924064540234
            ],
            [
              4.221702631142119,
              44.96133612938675
            ],
            [
              4.216572079556928,
              44.933567915009554
            ],
            [
              4.1899324439493,
              44.91419030432338
            ],
            [
              4.179951268724776,
              44.88730128359599
            ],
            [
              4.156154791813548,
              44.87333360834132
            ],
            [
              4.103743185520496,
              44.87725256159482
            ],
            [
              4.068313356371929,
              44.86746929959503
            ],
            [
              4.0338762761727365,
              44.8710458107922
            ],
            [
              4.020171384284056,
              44.84572694383834
            ],
            [
              4.028374858328879,
              44.834081003006155
            ],
            [
              3.988454902516046,
              44.813419515634884
            ],
            [
              3.944536875109786,
              44.82322023968674
            ],
            [
              3.937001123548729,
              44.7954172172997
            ],
            [
              3.919817199492905,
              44.77460034297932
            ],
            [
              3.8895265818183935,
              44.75196027421232
            ],
            [
              3.862527190139651,
              44.743863434670935
            ],
            [
              3.836561503873052,
              44.74784401669704
            ],
            [
              3.8428722355724365,
              44.767658069140836
            ],
            [
              3.8025469466502706,
              44.78217403491838
            ],
            [
              3.752688285784399,
              44.820978132154096
            ],
            [
              3.7444352015394076,
              44.83779866715789
            ],
            [
              3.722885793793205,
              44.8309902964175
            ],
            [
              3.6690230882043697,
              44.828879139980735
            ],
            [
              3.67181554273005,
              44.843385113427054
            ],
            [
              3.6548748534796442,
              44.87421590375256
            ],
            [
              3.6264516856693065,
              44.88025029795416
            ],
            [
              3.5943359966689914,
              44.87542977006506
            ],
            [
              3.5980411899153943,
              44.85950943658448
            ],
            [
              3.588921232126889,
              44.8263980463694
            ],
            [
              3.5397490121099957,
              44.82817873595921
            ],
            [
              3.5056510328808947,
              44.823846640197424
            ],
            [
              3.4782424266646075,
              44.80967976284068
            ],
            [
              3.458847484667369,
              44.839932137298916
            ],
            [
              3.4418003889561284,
              44.85422679293021
            ],
            [
              3.4357113347213044,
              44.880244038151794
            ],
            [
              3.410379964997872,
              44.91777749816426
            ],
            [
              3.4158326368156513,
              44.92853462204254
            ],
            [
              3.40455052934818,
              44.956397735743366
            ],
            [
              3.38636652116385,
              44.952743854804055
            ],
            [
              3.3613425807398936,
              44.97141170967897
            ],
            [
              3.34795071948085,
              44.97386741391429
            ],
            [
              3.349918646764341,
              45.00260138512903
            ],
            [
              3.337173969362221,
              45.02533946243554
            ],
            [
              3.3114877307075306,
              45.02276714381717
            ],
            [
              3.3002890808475738,
              45.03204489436342
            ],
            [
              3.300037167089146,
              45.05612205325275
            ],
            [
              3.3142746780569206,
              45.08502161586657
            ],
            [
              3.3340673163073404,
              45.11112985018295
            ],
            [
              3.3013685993945794,
              45.12408985771677
            ],
            [
              3.2880332175079103,
              45.12042440957931
            ],
            [
              3.2606073460103326,
              45.17094202255946
            ],
            [
              3.27247945333649,
              45.20918164911843
            ],
            [
              3.239572097735146,
              45.21694671205992
            ],
            [
              3.220952339250761,
              45.244178044330745
            ],
            [
              3.228040568209475,
              45.26635049790692
            ],
            [
              3.2125769046776993,
              45.28063487720399
            ],
            [
              3.167616208952322,
              45.280135013197906
            ],
            [
              3.1595874385219407,
              45.29128516779879
            ],
            [
              3.1179979977042014,
              45.284187297622225
            ],
            [
              3.0999431470714955,
              45.316251503364
            ],
            [
              3.1134170784877164,
              45.32717903792977
            ],
            [
              3.1034981328800555,
              45.35437310008832
            ],
            [
              3.081709261400673,
              45.33620210714899
            ],
            [
              3.060267266954517,
              45.33058792846881
            ],
            [
              3.058569686824016,
              45.30656505249262
            ],
            [
              3.021790178296388,
              45.29536780296733
            ],
            [
              3.0183045953290004,
              45.2870664026082
            ],
            [
              2.967346132390612,
              45.307097870959936
            ],
            [
              2.9495692996597285,
              45.30885613298761
            ],
            [
              2.931754110661835,
              45.33059235323827
            ],
            [
              2.9207131825210073,
              45.36542334907543
            ],
            [
              2.8863031117541533,
              45.382961505858326
            ],
            [
              2.8677277513750035,
              45.376079673109146
            ],
            [
              2.851739807542808,
              45.392294826301445
            ],
            [
              2.8012313498513737,
              45.39285594883326
            ],
            [
              2.7635223964556954,
              45.38562409648569
            ],
            [
              2.742824191956514,
              45.393286416958404
            ],
            [
              2.714857227145231,
              45.38155782083131
            ],
            [
              2.6871186111491756,
              45.40629147061533
            ],
            [
              2.6764584284787265,
              45.43907413938682
            ],
            [
              2.663390372512316,
              45.43416415509558
            ],
            [
              2.6396930053973264,
              45.44570657455579
            ],
            [
              2.590384711197607,
              45.45005773186534
            ],
            [
              2.5437058143512723,
              45.47758527668323
            ],
            [
              2.508408697113082,
              45.47849879874483
            ],
            [
              2.516808004227086,
              45.52382961392976
            ],
            [
              2.516332317304299,
              45.55342661392312
            ],
            [
              2.490928563504916,
              45.5603922863538
            ],
            [
              2.4639202998517407,
              45.594746716951256
            ],
            [
              2.4784319627002147,
              45.60790817567205
            ],
            [
              2.483386743242332,
              45.639304413699904
            ],
            [
              2.517544011548676,
              45.639591069896426
            ],
            [
              2.5249409687054394,
              45.65723626708714
            ],
            [
              2.5125929116065997,
              45.6697634761611
            ],
            [
              2.526510829142244,
              45.68539249032416
            ],
            [
              2.5210064489111423,
              45.70681016156742
            ],
            [
              2.4921255582417543,
              45.73767009540705
            ],
            [
              2.4358558482207813,
              45.69927506144423
            ],
            [
              2.410248662063398,
              45.709634900959585
            ],
            [
              2.351695193492091,
              45.71006973438515
            ],
            [
              2.3401720745484034,
              45.682564129551814
            ],
            [
              2.3209438982497623,
              45.668590909995366
            ],
            [
              2.3059428488736584,
              45.674659005456235
            ],
            [
              2.2733519532781403,
              45.664007418292094
            ],
            [
              2.271074402972525,
              45.69164773075567
            ],
            [
              2.1939584682323856,
              45.69904710388085
            ],
            [
              2.202325950043259,
              45.71857614165799
            ],
            [
              2.182986086625649,
              45.72061691902859
            ],
            [
              2.1609119774740395,
              45.73583595403904
            ],
            [
              2.1338092129271105,
              45.735432891151106
            ],
            [
              2.1135454727593443,
              45.72477506502512
            ],
            [
              2.0839036779216125,
              45.7460341651736
            ],
            [
              2.0356658672821046,
              45.75505181598863
            ],
            [
              2.0015199455968986,
              45.7487930104446
            ],
            [
              1.988528308650944,
              45.72135422054224
            ],
            [
              1.9565786180296985,
              45.7247553300422
            ],
            [
              1.9417142236595262,
              45.711351415159655
            ],
            [
              1.915517948219608,
              45.71125548778204
            ],
            [
              1.898730779182943,
              45.69827755120411
            ],
            [
              1.880957399347195,
              45.71285387339609
            ],
            [
              1.875140102478583,
              45.7327797889896
            ],
            [
              1.8941319437754782,
              45.7592554835555
            ],
            [
              1.8808988285366512,
              45.797714818456456
            ],
            [
              1.8464472547509174,
              45.809940191138686
            ],
            [
              1.8284337256367398,
              45.80980874385992
            ],
            [
              1.7891620911385413,
              45.83007210551306
            ],
            [
              1.7558371847814345,
              45.855656306428116
            ],
            [
              1.7148786249110421,
              45.8400586312482
            ],
            [
              1.69036360011077,
              45.84361369992126
            ],
            [
              1.6766374034760068,
              45.83511402023573
            ],
            [
              1.6023984681707661,
              45.85746515857901
            ],
            [
              1.6023488376186423,
              45.89096810343807
            ],
            [
              1.635996388309483,
              45.88844297865446
            ],
            [
              1.6397206723679907,
              45.89953853071148
            ],
            [
              1.6150681481078124,
              45.93195022666644
            ],
            [
              1.5791744495987925,
              45.93040642363652
            ],
            [
              1.5782614117742197,
              45.91727264832772
            ],
            [
              1.5472651107258997,
              45.91683379316217
            ],
            [
              1.5299613213195493,
              45.93182220228596
            ],
            [
              1.5325001755915217,
              45.95280423814569
            ],
            [
              1.5661484901291225,
              45.96325060326457
            ],
            [
              1.5764733332307777,
              45.98099739362502
            ],
            [
              1.5648266887508957,
              45.99711597960844
            ],
            [
              1.5385468041090549,
              45.99742846047048
            ],
            [
              1.5363833974668037,
              46.02629327721946
            ],
            [
              1.5491757848158925,
              46.03541014153877
            ],
            [
              1.5317830893571065,
              46.05816171452662
            ],
            [
              1.5429508225169888,
              46.0765888129599
            ],
            [
              1.5048991958425688,
              46.08815343941205
            ],
            [
              1.4919762107249506,
              46.11473183426131
            ],
            [
              1.5052016882428472,
              46.127461799559406
            ],
            [
              1.467878491573528,
              46.151750416293105
            ],
            [
              1.4552353294299893,
              46.18103071472153
            ],
            [
              1.415268536568449,
              46.177157045823584
            ],
            [
              1.3749003074212893,
              46.2154511009523
            ],
            [
              1.394145356288105,
              46.238349230413554
            ],
            [
              1.4168521672178434,
              46.24087405708507
            ],
            [
              1.4036544413446612,
              46.25990982797783
            ],
            [
              1.4265688116168553,
              46.298921049134
            ],
            [
              1.4437697350516507,
              46.30589420737529
            ],
            [
              1.4151905101137505,
              46.34721849587296
            ],
            [
              1.4090311642821585,
              46.3613359928752
            ],
            [
              1.3835265726019255,
              46.374757364316125
            ],
            [
              1.3560228953092233,
              46.40012317441316
            ],
            [
              1.3223399070687456,
              46.38965357258241
            ],
            [
              1.3030567860553472,
              46.37099465262579
            ],
            [
              1.2604032451287535,
              46.37878248650986
            ],
            [
              1.2191909673622259,
              46.36592410433378
            ],
            [
              1.2047624195766258,
              46.387692968021526
            ],
            [
              1.1772799568053671,
              46.38395162215293
            ],
            [
              1.2109861172875847,
              46.42936675668184
            ],
            [
              1.1516045347766355,
              46.449236175811976
            ],
            [
              1.152977857618218,
              46.47295586110232
            ],
            [
              1.1349676142912506,
              46.495261976149834
            ],
            [
              1.1491434460646581,
              46.50220256803704
            ],
            [
              1.1082908975477561,
              46.53150940181887
            ],
            [
              1.08759324171297,
              46.538172760099805
            ],
            [
              1.0206069888359919,
              46.53709643301311
            ],
            [
              1.0147644249831798,
              46.56776399882199
            ],
            [
              0.987237034592862,
              46.56556286906366
            ],
            [
              0.9408377357519268,
              46.581410311122475
            ],
            [
              0.9158653080538118,
              46.59663148752451
            ],
            [
              0.8943018154002151,
              46.62573665182289
            ],
            [
              0.9065157405117292,
              46.64774942034653
            ],
            [
              0.9084421594440936,
              46.6826701222059
            ],
            [
              0.9279553620387494,
              46.69539122809664
            ],
            [
              0.9010383725080395,
              46.73609229312116
            ],
            [
              0.8674688807081561,
              46.74821910504847
            ],
            [
              0.884637875531021,
              46.75486872319864
            ],
            [
              0.9252287975177681,
              46.757176324942904
            ],
            [
              0.9469595959139807,
              46.73670637149566
            ],
            [
              0.9590385851297228,
              46.73775035471489
            ],
            [
              0.9833806433152704,
              46.76418354026803
            ],
            [
              1.011690169362143,
              46.75780474174544
            ],
            [
              0.987243902482599,
              46.79818923636699
            ],
            [
              1.0032488288235037,
              46.81410411812478
            ],
            [
              1.022251434317954,
              46.86391503191526
            ],
            [
              1.0338011309915904,
              46.90747018486123
            ],
            [
              1.0380284215747493,
              46.9420186917126
            ],
            [
              1.0635443101027082,
              46.95731046262916
            ],
            [
              1.0498776400419192,
              46.98064041873546
            ],
            [
              1.0736483557273722,
              47.00265445404348
            ],
            [
              1.0840420847936154,
              47.021019619722956
            ],
            [
              1.1102641592923617,
              47.02923293261394
            ],
            [
              1.1321442636157986,
              47.02762569675012
            ],
            [
              1.1818533493699115,
              47.04081998846271
            ],
            [
              1.1955887210148548,
              47.02953520853475
            ],
            [
              1.253119794649933,
              47.021765630239194
            ],
            [
              1.2776118302465334,
              47.04039666478023
            ],
            [
              1.2937693555688192,
              47.07225420538248
            ],
            [
              1.3121550924937646,
              47.0718848367818
            ],
            [
              1.3188363969257677,
              47.104914121347655
            ],
            [
              1.355725988719157,
              47.10878543596063
            ],
            [
              1.3653609997076237,
              47.12205127770916
            ],
            [
              1.3467111123061792,
              47.168764854539475
            ],
            [
              1.32666554504539,
              47.186225424714024
            ],
            [
              1.4014266290701616,
              47.21244937239578
            ],
            [
              1.4241047321761513,
              47.22954437481808
            ],
            [
              1.4484622479605171,
              47.23796792120677
            ],
            [
              1.4815998938388473,
              47.239163055882926
            ],
            [
              1.5245337678448851,
              47.22597700817113
            ],
            [
              1.539459756494749,
              47.25652806281719
            ],
            [
              1.566277084478891,
              47.261616837192406
            ],
            [
              1.59104001493485,
              47.25746333923802
            ],
            [
              1.5924281213159723,
              47.27667661628705
            ],
            [
              1.6504371377870972,
              47.27317015052999
            ],
            [
              1.6659002787349648,
              47.25778142355442
            ],
            [
              1.7058305011298698,
              47.26587806828036
            ],
            [
              1.715953376298902,
              47.276776997807374
            ],
            [
              1.7397902842883757,
              47.2549073525034
            ],
            [
              1.77611073651641,
              47.23138256399343
            ],
            [
              1.8088371356765827,
              47.23387535753442
            ],
            [
              1.8390792420529518,
              47.219308157716554
            ],
            [
              1.8554824505856486,
              47.22040769184943
            ],
            [
              1.8730051860601082,
              47.20531826355262
            ],
            [
              1.9038108872203174,
              47.21524765964095
            ],
            [
              1.9165941784807092,
              47.23598592691221
            ],
            [
              1.8947687643612021,
              47.25466020007403
            ],
            [
              1.9214647164538976,
              47.26271748785687
            ],
            [
              1.940816059215001,
              47.29013078285961
            ],
            [
              1.998492852908483,
              47.264047399335425
            ],
            [
              2.03110991609486,
              47.269807386211056
            ],
            [
              2.0772893478221053,
              47.285804260444245
            ],
            [
              2.111689632581936,
              47.279437465410155
            ],
            [
              2.1389909561599825,
              47.28548622024678
            ],
            [
              2.1515587241969385,
              47.310723959822234
            ],
            [
              2.128211459230398,
              47.331734733954534
            ],
            [
              2.103653119991459,
              47.39321656330969
            ],
            [
              2.1170302440572,
              47.41010870128665
            ],
            [
              2.1428436560395734,
              47.40889739927532
            ],
            [
              2.1886360612239333,
              47.43774542166242
            ],
            [
              2.2052259819019713,
              47.40525327924356
            ],
            [
              2.24369191507804,
              47.414818238040475
            ],
            [
              2.2478944881999485,
              47.44140228778668
            ],
            [
              2.2369731533510286,
              47.4712635208768
            ],
            [
              2.247745015297621,
              47.491732324776784
            ],
            [
              2.2178746796449196,
              47.495343490555165
            ],
            [
              2.2152905780056495,
              47.52210707630713
            ],
            [
              2.1956362774138967,
              47.54857375639977
            ],
            [
              2.131269305993213,
              47.550272515078134
            ],
            [
              2.1195753203342678,
              47.58295161292573
            ],
            [
              2.1537378905390843,
              47.60082068488091
            ],
            [
              2.1979481169523365,
              47.607172865315
            ],
            [
              2.2392136309887465,
              47.62097830786331
            ],
            [
              2.289632282146918,
              47.62905507196624
            ],
            [
              2.3249512144551785,
              47.60757115362496
            ],
            [
              2.3424427416844122,
              47.60527658931115
            ],
            [
              2.3730210260695963,
              47.585524572377516
            ],
            [
              2.402680868810648,
              47.599506360587185
            ],
            [
              2.439400020099367,
              47.60949994575173
            ],
            [
              2.475044546159242,
              47.579880080920134
            ],
            [
              2.4991330263197966,
              47.56751893993049
            ],
            [
              2.547268117212732,
              47.57517784121953
            ],
            [
              2.5729159948690103,
              47.560017104315655
            ],
            [
              2.596866741027346,
              47.5564207348813
            ],
            [
              2.616737946714408,
              47.54089713523513
            ],
            [
              2.612017744333409,
              47.52638001278611
            ],
            [
              2.6558708896887775,
              47.51039583983229
            ],
            [
              2.658459112358834,
              47.48789924166263
            ],
            [
              2.684437897133784,
              47.482967548570784
            ],
            [
              2.716060360099423,
              47.48953015835246
            ],
            [
              2.7274074958054517,
              47.498891999551546
            ],
            [
              2.722269834213415,
              47.52137488790703
            ],
            [
              2.7671158140580423,
              47.52510072819235
            ],
            [
              2.7848278000315037,
              47.51590818527616
            ],
            [
              2.7968724826242704,
              47.49670238161028
            ],
            [
              2.8253483178196612,
              47.49720762944185
            ],
            [
              2.8346896177800054,
              47.50891434033172
            ],
            [
              2.8746252064056805,
              47.52042311253978
            ],
            [
              2.8489038940037736,
              47.53754044480101
            ],
            [
              2.8574899628231805,
              47.552844658956644
            ],
            [
              2.890770179974213,
              47.55309660602271
            ],
            [
              2.914297452553034,
              47.56597018271849
            ],
            [
              2.95865823105343,
              47.55738006412381
            ],
            [
              2.9765380120036067,
              47.56942879709582
            ],
            [
              3.0187759740569513,
              47.55731386824091
            ],
            [
              3.059199650745983,
              47.56884905584853
            ],
            [
              3.080558427544962,
              47.5854885999859
            ],
            [
              3.102009918822544,
              47.58795615956075
            ],
            [
              3.1350763394879597,
              47.5419077972082
            ],
            [
              3.165190757880271,
              47.51750199807388
            ],
            [
              3.2046491761957805,
              47.522966343570126
            ],
            [
              3.2354902376938353,
              47.4891790840854
            ],
            [
              3.2721566613710795,
              47.49154765493751
            ],
            [
              3.2852515362929866,
              47.50393862662616
            ],
            [
              3.3395269332726487,
              47.47816523272086
            ],
            [
              3.3807002450190415,
              47.48729175533955
            ],
            [
              3.3972880002653882,
              47.508867495938276
            ],
            [
              3.437164175942187,
              47.50799559642577
            ],
            [
              3.488276701493949,
              47.493830911376975
            ],
            [
              3.492366537968952,
              47.56012889108053
            ],
            [
              3.50460694021663,
              47.557934222629186
            ],
            [
              3.5135049928892266,
              47.527668013741454
            ],
            [
              3.553140570878716,
              47.50232679103883
            ],
            [
              3.5806168100615214,
              47.49786323631363
            ],
            [
              3.580113356556516,
              47.46490071648911
            ],
            [
              3.6789914842274665,
              47.445533677873506
            ],
            [
              3.7147823454353084,
              47.406834666623176
            ],
            [
              3.74055092250182,
              47.39650073819435
            ],
            [
              3.774605414302544,
              47.40619956994621
            ],
            [
              3.785647440559844,
              47.39054224193822
            ],
            [
              3.818472205441228,
              47.380187941025326
            ],
            [
              3.8217875906686545,
              47.402796919032404
            ],
            [
              3.8443762508505244,
              47.41082738551116
            ],
            [
              3.851506603080638,
              47.43558613394464
            ],
            [
              3.878310953801514,
              47.42929226716236
            ],
            [
              3.8933965172489198,
              47.410290156628015
            ],
            [
              3.8635369268343536,
              47.395841532600606
            ],
            [
              3.8718702934595615,
              47.36693490948858
            ],
            [
              3.8867653218201808,
              47.3645805378824
            ],
            [
              3.9087922026053734,
              47.38205569491613
            ],
            [
              3.944243142987652,
              47.38021568332925
            ],
            [
              3.9653529425108722,
              47.3652327054121
            ],
            [
              3.973097819719344,
              47.332712674420605
            ],
            [
              3.999278507688071,
              47.312773725416655
            ],
            [
              4.028760221806572,
              47.31557728480351
            ],
            [
              4.046432164286821,
              47.339943756300286
            ],
            [
              4.106085850126875,
              47.339255985490894
            ],
            [
              4.1249016818373665,
              47.33586115686488
            ],
            [
              4.130399481098536,
              47.32021421171321
            ],
            [
              4.114111422721765,
              47.30795616873572
            ],
            [
              4.115801786333514,
              47.27973253282323
            ],
            [
              4.135479914723283,
              47.23739632412277
            ],
            [
              4.178052482394732,
              47.25029686466267
            ],
            [
              4.218051703421399,
              47.22051351486304
            ],
            [
              4.230668433773607,
              47.19895113888856
            ],
            [
              4.21254075976185,
              47.18181888845327
            ],
            [
              4.209834279044644,
              47.15541168354448
            ],
            [
              4.235126114423698,
              47.14567232864916
            ],
            [
              4.254511023751104,
              47.117244891665926
            ],
            [
              4.2732057577392935,
              47.10846860042988
            ],
            [
              4.349384584855175,
              47.09695260404792
            ],
            [
              4.344250468382807,
              47.07243028540817
            ],
            [
              4.401611638839053,
              47.08266237195949
            ],
            [
              4.406283415170733,
              47.049999892555
            ],
            [
              4.42831764695131,
              47.03978832160757
            ],
            [
              4.453754603542757,
              47.04180317977088
            ],
            [
              4.488156368101142,
              47.032053991768684
            ],
            [
              4.5067016541013825,
              47.01322725598124
            ],
            [
              4.554809047275526,
              47.02005452316086
            ],
            [
              4.573661325177989,
              46.97338633863404
            ],
            [
              4.589560484494725,
              46.9557070191566
            ],
            [
              4.623230215613321,
              46.94082023678555
            ],
            [
              4.650119701990474,
              46.94126696425738
            ],
            [
              4.6790861065904545,
              46.93024007090235
            ],
            [
              4.66452477880559,
              46.914160146408875
            ],
            [
              4.685479824630714,
              46.90086027628975
            ],
            [
              4.715721115401545,
              46.90691597166802
            ],
            [
              4.728129651701318,
              46.91937462593793
            ],
            [
              4.780547505930617,
              46.91818028344327
            ],
            [
              4.7884658140953436,
              46.931872716902944
            ],
            [
              4.893911988532932,
              46.951172459049864
            ],
            [
              4.896071329118784,
              46.96624020620316
            ],
            [
              4.927494382962588,
              46.96753853170502
            ],
            [
              4.994466553308194,
              46.959149599506034
            ],
            [
              5.0034065361874065,
              46.972143943970465
            ],
            [
              5.049303736126251,
              46.98158693341567
            ],
            [
              5.0762583071667144,
              46.95939003098176
            ],
            [
              5.100252102348397,
              46.95598327083581
            ],
            [
              5.1243390082418205,
              46.963720125840524
            ],
            [
              5.166234471151257,
              46.963868398378764
            ],
            [
              5.181859259011498,
              46.97482345386571
            ],
            [
              5.222006075229213,
              46.988855497295
            ],
            [
              5.255236339191406,
              46.97988809464049
            ],
            [
              5.260170972283091,
              46.94558220686418
            ],
            [
              5.274765609317477,
              46.93484664855668
            ],
            [
              5.308497060036723,
              46.93735552157344
            ],
            [
              5.306862019346935,
              46.92461572569682
            ],
            [
              5.328705057646148,
              46.8902268196612
            ],
            [
              5.3633777404924405,
              46.88326000729678
            ],
            [
              5.390761534745653,
              46.89436876615946
            ],
            [
              5.403416904275394,
              46.88995270444294
            ],
            [
              5.401826175213913,
              46.868321923377145
            ],
            [
              5.418370968481785,
              46.86028266347864
            ],
            [
              5.4592864241149215,
              46.855244785634916
            ],
            [
              5.462804105486921,
              46.84077447546622
            ],
            [
              5.4488892034635485,
              46.82627111311263
            ],
            [
              5.409821779763356,
              46.83254621337176
            ],
            [
              5.3285860378953895,
              46.8129521008927
            ],
            [
              5.3329251666131325,
              46.796100557884984
            ],
            [
              5.352854015210384,
              46.793190147243955
            ],
            [
              5.390414912053985,
              46.76783202725685
            ],
            [
              5.366370235232235,
              46.75127756992356
            ],
            [
              5.361096638423232,
              46.73098281339333
            ],
            [
              5.393640625030492,
              46.728633357928615
            ],
            [
              5.407751223773992,
              46.69588136597287
            ],
            [
              5.395359314315539,
              46.68505154004584
            ],
            [
              5.422089954439316,
              46.673031501871684
            ],
            [
              5.415503039920619,
              46.654982421219465
            ],
            [
              5.441107903009741,
              46.637540014709465
            ],
            [
              5.417107587832548,
              46.61545539475532
            ],
            [
              5.405690744011141,
              46.58167055755078
            ],
            [
              5.369638182241569,
              46.58033249938761
            ],
            [
              5.359203918767164,
              46.52256069453744
            ],
            [
              5.384819294338149,
              46.51562428945251
            ],
            [
              5.40775059526701,
              46.50005419367624
            ],
            [
              5.415741925117894,
              46.47313865941284
            ],
            [
              5.373305922688233,
              46.460100694018294
            ],
            [
              5.3233509593207256,
              46.462505958303325
            ],
            [
              5.310560613770375,
              46.446766420719875
            ],
            [
              5.25581668314639,
              46.451923595866475
            ],
            [
              5.215064143095116,
              46.46835927312158
            ],
            [
              5.201145471995378,
              46.50821850614692
            ],
            [
              5.172664602566099,
              46.513447365613864
            ],
            [
              5.137248163610305,
              46.509322673438184
            ],
            [
              5.107377093416356,
              46.49191576160186
            ],
            [
              5.056433075236103,
              46.48392614751307
            ],
            [
              5.027777929725955,
              46.49358075779722
            ],
            [
              5.004307716480809,
              46.51041518184386
            ],
            [
              4.935598865656449,
              46.514228992728945
            ],
            [
              4.915557341962093,
              46.48894113481689
            ],
            [
              4.915786922554027,
              46.465410523692164
            ],
            [
              4.891817622919295,
              46.43991436571944
            ],
            [
              4.8882077017045455,
              46.40298160185766
            ],
            [
              4.851457022538043,
              46.35626925172072
            ],
            [
              4.852756157390729,
              46.328199775494426
            ],
            [
              4.831827095028622,
              46.29688694217226
            ],
            [
              4.825956808265179,
              46.27478753204555
            ],
            [
              4.810994882268941,
              46.25992151697563
            ],
            [
              4.807756868341096,
              46.23696871115128
            ],
            [
              4.7945808953124605,
              46.21831635025701
            ],
            [
              4.780213475718984,
              46.176677022719375
            ],
            [
              4.757472202390895,
              46.17225721411849
            ],
            [
              4.730529789085251,
              46.1783721277199
            ],
            [
              4.7208781171109155,
              46.19392061792661
            ],
            [
              4.735252824806332,
              46.210851459521535
            ],
            [
              4.720630389105726,
              46.22239538927804
            ],
            [
              4.735773074768783,
              46.234243689563726
            ],
            [
              4.679555470888074,
              46.25866738898982
            ],
            [
              4.707543694868305,
              46.2846591310526
            ],
            [
              4.688792316232356,
              46.30134017113633
            ],
            [
              4.6546541224676705,
              46.30348939899555
            ],
            [
              4.617019082985369,
              46.28062156129126
            ],
            [
              4.618564521857389,
              46.26479290298609
            ],
            [
              4.58651066847238,
              46.26869366799675
            ],
            [
              4.557791734390365,
              46.294551693366884
            ],
            [
              4.537259095086993,
              46.269909752755986
            ],
            [
              4.504000511619177,
              46.26712967638222
            ],
            [
              4.488464517812633,
              46.28799447923909
            ],
            [
              4.458369104418381,
              46.29697584037131
            ],
            [
              4.405813600867752,
              46.29606050757099
            ],
            [
              4.392045244906183,
              46.26302385998399
            ],
            [
              4.388079599211451,
              46.21978851671503
            ],
            [
              4.362151387631787,
              46.195596184477786
            ],
            [
              4.3157404325049695,
              46.17203342079279
            ],
            [
              4.292313251311721,
              46.17248235017095
            ],
            [
              4.2818305705425415,
              46.156597324529926
            ],
            [
              4.257119428326002,
              46.157287705187656
            ],
            [
              4.257372590726873,
              46.18473517832983
            ],
            [
              4.224689888463,
              46.177995310819746
            ],
            [
              4.207908679923857,
              46.194835796707316
            ],
            [
              4.18453492610967,
              46.188021124528625
            ],
            [
              4.188443814996147,
              46.17512895597164
            ],
            [
              4.133393277727922,
              46.17732129820146
            ],
            [
              4.104090700200876,
              46.19839492284894
            ],
            [
              4.051958867651804,
              46.181688397585496
            ],
            [
              4.0304983004444725,
              46.169772418692666
            ],
            [
              3.9817875015959623,
              46.176336440402444
            ],
            [
              3.972545422490283,
              46.20271202778806
            ],
            [
              3.9135641774619283,
              46.20692040053432
            ],
            [
              3.8901323277345172,
              46.21449064143864
            ],
            [
              3.9094002908986636,
              46.25772625699907
            ],
            [
              3.8995333931893303,
              46.27590543921817
            ],
            [
              3.8778066858099134,
              46.275939918983156
            ],
            [
              3.8690933059580366,
              46.263723494024156
            ],
            [
              3.8048868330812957,
              46.25485708711847
            ],
            [
              3.802699984915529,
              46.23850996581434
            ],
            [
              3.768246928941596,
              46.237829248308365
            ],
            [
              3.7902842093787883,
              46.210905673837914
            ],
            [
              3.7907469501208273,
              46.18453497582482
            ],
            [
              3.8078602164262896,
              46.16159515953333
            ],
            [
              3.789761994058612,
              46.15485133205715
            ],
            [
              3.8025614332413635,
              46.11032928945375
            ],
            [
              3.8218816515656036,
              46.08798379604504
            ],
            [
              3.806993754653765,
              46.061272645914705
            ],
            [
              3.80676406021388,
              46.04562293029198
            ],
            [
              3.8283904088914604,
              45.99948536067427
            ],
            [
              3.8237895718712145,
              45.98735259327228
            ],
            [
              3.778005233789911,
              45.97179985823387
            ],
            [
              3.741274273248646,
              45.96600368355748
            ],
            [
              3.7088966387640045,
              45.97378446779926
            ],
            [
              3.693841059729285,
              45.94949142878095
            ],
            [
              3.6940178008729885,
              45.930732356412385
            ],
            [
              3.7234546463589506,
              45.92186686966796
            ],
            [
              3.7543707578917007,
              45.88603083611283
            ],
            [
              3.7315424899852925,
              45.87016039642116
            ],
            [
              3.72534244009261,
              45.82707398650144
            ],
            [
              3.7116170222098575,
              45.79955113302971
            ],
            [
              3.6906934795455935,
              45.79217071537155
            ],
            [
              3.7310653997028584,
              45.77483343230172
            ],
            [
              3.727105164096888,
              45.75553371264516
            ],
            [
              3.7586724976385866,
              45.74600532878878
            ],
            [
              3.7827600945783164,
              45.706694635321
            ],
            [
              3.776946294898936,
              45.6908405345388
            ],
            [
              3.823453198078696,
              45.63241694241682
            ],
            [
              3.86173367803394,
              45.62272878464922
            ],
            [
              3.8846825953282202,
              45.60275694217335
            ],
            [
              3.903596234209209,
              45.599022466324875
            ],
            [
              3.935548097136248,
              45.57675205994888
            ],
            [
              3.954348408158434,
              45.555962683335494
            ],
            [
              3.9459486995868804,
              45.54447980125801
            ],
            [
              3.964839538556207,
              45.503218682032596
            ],
            [
              3.9844000736338567,
              45.49411557572152
            ],
            [
              3.966604497321932,
              45.472189147410184
            ],
            [
              3.972751884382159,
              45.46143771943691
            ],
            [
              3.9601432570462634,
              45.44344571733884
            ],
            [
              3.899187761612733,
              45.410307649293415
            ],
            [
              3.8892315945582094,
              45.39452005881283
            ],
            [
              3.897408424881887,
              45.3570837817156
            ]
          ],
          [
            [
              4.1159670699158095,
              47.12333757652634
            ],
            [
              4.153771215900621,
              47.11455697541982
            ],
            [
              4.171903802407782,
              47.11744504627446
            ],
            [
              4.187112897689929,
              47.133641259369064
            ],
            [
              4.1819015999311935,
              47.15050500507014
            ],
            [
              4.137377150535575,
              47.14271256994814
            ],
            [
              4.115067396116834,
              47.14616206884513
            ],
            [
              4.1159670699158095,
              47.12333757652634
            ]
          ]
        ]
      }
    },
    {
      "type": "Feature",
      "properties": {
        "region": "Centre-Est",
        "code": "1",
        "departements": [
          "69",
          "42",
          "39",
          "25",
          "21",
          "07",
          "01"
        ]
      },
      "geometry": {
        "type": "MultiPolygon",
        "coordinates": [
          [
            [
              [
                4.755996992712002,
                45.36567226076598
              ],
              [
                4.772556757363274,
                45.35486449672088
              ],
              [
                4.761388480871705,
                45.34063001021366
              ],
              [
                4.769929030711337,
                45.316015123688956
              ],
              [
                4.800493926884063,
                45.298360661142944
              ],
              [
                4.80945700146176,
                45.28984878023442
              ],
              [
                4.809597016988471,
                45.26036757990201
              ],
              [
                4.802585860487608,
                45.22693117215798
              ],
              [
                4.812569706062625,
                45.204307182925724
              ],
              [
                4.804809814114698,
                45.194030298693185
              ],
              [
                4.813699779096304,
                45.16341716248438
              ],
              [
                4.829100372157167,
                45.15669010756043
              ],
              [
                4.804461066670614,
                45.133197210828584
              ],
              [
                4.804492252463412,
                45.12194771680664
              ],
              [
                4.827354281438577,
                45.10214857279052
              ],
              [
                4.831651038103518,
                45.07026753675957
              ],
              [
                4.860746068970967,
                45.055429204446796
              ],
              [
                4.840341325313034,
                45.03578322392562
              ],
              [
                4.837672652853049,
                45.00479181394786
              ],
              [
                4.851264766161909,
                44.99467770210391
              ],
              [
                4.860170175358192,
                44.96586245571145
              ],
              [
                4.875684162327823,
                44.95520873214619
              ],
              [
                4.8855710639544006,
                44.93465153198947
              ],
              [
                4.8579011507481304,
                44.903155110736876
              ],
              [
                4.85945820884153,
                44.87175235284045
              ],
              [
                4.841340887618573,
                44.842596306238924
              ],
              [
                4.821656483202532,
                44.83867049616437
              ],
              [
                4.795665859771827,
                44.793769117314746
              ],
              [
                4.760941584679994,
                44.771713549802
              ],
              [
                4.762850574483207,
                44.72009203958483
              ],
              [
                4.7811100231594805,
                44.682833634690404
              ],
              [
                4.77408913696615,
                44.644269843250804
              ],
              [
                4.74040453633284,
                44.60239249321297
              ],
              [
                4.741168931840421,
                44.58877434873562
              ],
              [
                4.710266499941698,
                44.58154911470836
              ],
              [
                4.692361920905272,
                44.55589194997334
              ],
              [
                4.707018905489797,
                44.53084113511007
              ],
              [
                4.692050189601407,
                44.5152420465306
              ],
              [
                4.689973321952771,
                44.49125058500801
              ],
              [
                4.6989568502390995,
                44.481694190593686
              ],
              [
                4.69865229412497,
                44.45230946012676
              ],
              [
                4.667379937465383,
                44.43066429434984
              ],
              [
                4.664373400022996,
                44.398944273043945
              ],
              [
                4.648946169255066,
                44.372462486293166
              ],
              [
                4.6506150134375535,
                44.329805791511276
              ],
              [
                4.653469115901898,
                44.302095538489496
              ],
              [
                4.649223666100485,
                44.270359865010946
              ],
              [
                4.638060170291897,
                44.28296923867679
              ],
              [
                4.61814481108176,
                44.278546617366906
              ],
              [
                4.606815593785338,
                44.290470941442756
              ],
              [
                4.5569412251008385,
                44.30414412850996
              ],
              [
                4.54446827908279,
                44.320768740097236
              ],
              [
                4.503310494319003,
                44.339246206238236
              ],
              [
                4.45762136443186,
                44.34163465741125
              ],
              [
                4.4511432681787,
                44.33458990256618
              ],
              [
                4.448416311728308,
                44.29660651655647
              ],
              [
                4.432780130031507,
                44.28698938355873
              ],
              [
                4.398976853249833,
                44.288946280259694
              ],
              [
                4.390787503015712,
                44.30304942711613
              ],
              [
                4.403209845144098,
                44.33389735712032
              ],
              [
                4.386524834610318,
                44.346613952796865
              ],
              [
                4.366781304696769,
                44.339496632938484
              ],
              [
                4.336073225463424,
                44.339522743700286
              ],
              [
                4.321723881147898,
                44.32398630005241
              ],
              [
                4.288429093459214,
                44.314658540974904
              ],
              [
                4.2894083121626245,
                44.293211983267184
              ],
              [
                4.277460812236595,
                44.27473441763758
              ],
              [
                4.25884619798255,
                44.26478557642796
              ],
              [
                4.241323541622981,
                44.270098246787754
              ],
              [
                4.215253431785848,
                44.290671875558495
              ],
              [
                4.186703448446319,
                44.299689052797774
              ],
              [
                4.177742579074996,
                44.317880186655266
              ],
              [
                4.142867700090412,
                44.31335085540006
              ],
              [
                4.126751899132338,
                44.33773352004587
              ],
              [
                4.0716271173670755,
                44.327301470845015
              ],
              [
                4.051451662788466,
                44.31732365711701
              ],
              [
                4.0368642122249785,
                44.330767432006844
              ],
              [
                4.053413964443739,
                44.339252388242215
              ],
              [
                4.052980345425569,
                44.3786960081517
              ],
              [
                4.068441217053273,
                44.40511357294197
              ],
              [
                4.047796695540712,
                44.41806858494041
              ],
              [
                4.037601702020996,
                44.44572224016011
              ],
              [
                3.998162987763964,
                44.45979755586323
              ],
              [
                3.987654659812161,
                44.47277510314574
              ],
              [
                3.9817259440883355,
                44.51510533136414
              ],
              [
                3.948773902996799,
                44.57288654843654
              ],
              [
                3.923566877594894,
                44.57188476465967
              ],
              [
                3.908306472806382,
                44.606619160372716
              ],
              [
                3.893726383489279,
                44.61783889720629
              ],
              [
                3.894746224001558,
                44.651133585716494
              ],
              [
                3.8699370374536626,
                44.67891759737075
              ],
              [
                3.862527190139651,
                44.743863434670935
              ],
              [
                3.8895265818183935,
                44.75196027421232
              ],
              [
                3.919817199492905,
                44.77460034297932
              ],
              [
                3.937001123548729,
                44.7954172172997
              ],
              [
                3.944536875109786,
                44.82322023968674
              ],
              [
                3.988454902516046,
                44.813419515634884
              ],
              [
                4.028374858328879,
                44.834081003006155
              ],
              [
                4.020171384284056,
                44.84572694383834
              ],
              [
                4.0338762761727365,
                44.8710458107922
              ],
              [
                4.068313356371929,
                44.86746929959503
              ],
              [
                4.103743185520496,
                44.87725256159482
              ],
              [
                4.156154791813548,
                44.87333360834132
              ],
              [
                4.179951268724776,
                44.88730128359599
              ],
              [
                4.1899324439493,
                44.91419030432338
              ],
              [
                4.216572079556928,
                44.933567915009554
              ],
              [
                4.221702631142119,
                44.96133612938675
              ],
              [
                4.251555903015938,
                44.958924064540234
              ],
              [
                4.311668803625915,
                44.97177463884522
              ],
              [
                4.289827924670836,
                44.99730682920296
              ],
              [
                4.297239439669978,
                45.01702262504178
              ],
              [
                4.314677006361451,
                45.03079389328605
              ],
              [
                4.338428544649489,
                45.02671076147119
              ],
              [
                4.379067913162388,
                45.03617454254133
              ],
              [
                4.378014671826731,
                45.05427007966308
              ],
              [
                4.359614567276412,
                45.05568487734863
              ],
              [
                4.346190894999054,
                45.06964388927494
              ],
              [
                4.372571367591827,
                45.10480297518196
              ],
              [
                4.400229848141373,
                45.11600398371944
              ],
              [
                4.37022058732025,
                45.13029910308921
              ],
              [
                4.376558944791765,
                45.1443595905019
              ],
              [
                4.446118275212825,
                45.13169134188572
              ],
              [
                4.447480119407685,
                45.16118502386361
              ],
              [
                4.472540720426905,
                45.179408906886586
              ],
              [
                4.477266258728365,
                45.20978594447126
              ],
              [
                4.489604429758615,
                45.224787898710176
              ],
              [
                4.483134616383878,
                45.23644648192782
              ],
              [
                4.418571110077435,
                45.275424101661066
              ],
              [
                4.369667772097112,
                45.26036388974016
              ],
              [
                4.358165874707906,
                45.2813072908644
              ],
              [
                4.365602171309155,
                45.30106532546477
              ],
              [
                4.33189877989193,
                45.31806910411131
              ],
              [
                4.36629429373957,
                45.337097928842844
              ],
              [
                4.346191897357872,
                45.36229645766761
              ],
              [
                4.308195090413248,
                45.370806841748106
              ],
              [
                4.290739610203065,
                45.358581485433724
              ],
              [
                4.271696633410009,
                45.35982598379431
              ],
              [
                4.244524979129677,
                45.384914673287405
              ],
              [
                4.226432364238226,
                45.389716036582385
              ],
              [
                4.193308884127496,
                45.384562275069875
              ],
              [
                4.17881972832703,
                45.39254145153728
              ],
              [
                4.149768797104822,
                45.38455824320961
              ],
              [
                4.1540322116079285,
                45.36460333540307
              ],
              [
                4.121367666873119,
                45.36908660993613
              ],
              [
                4.083541528780984,
                45.358094161343104
              ],
              [
                4.062397034876466,
                45.33910649399259
              ],
              [
                4.043265536912594,
                45.355946107018674
              ],
              [
                4.016059141026905,
                45.328622335814885
              ],
              [
                4.002609357264608,
                45.355903224229436
              ],
              [
                3.9859297079746523,
                45.371846404559236
              ],
              [
                3.937395868986861,
                45.37201990198935
              ],
              [
                3.9169404058247803,
                45.33940170910745
              ],
              [
                3.897408424881887,
                45.3570837817156
              ],
              [
                3.8892315945582094,
                45.39452005881283
              ],
              [
                3.899187761612733,
                45.410307649293415
              ],
              [
                3.9601432570462634,
                45.44344571733884
              ],
              [
                3.972751884382159,
                45.46143771943691
              ],
              [
                3.966604497321932,
                45.472189147410184
              ],
              [
                3.9844000736338567,
                45.49411557572152
              ],
              [
                3.964839538556207,
                45.503218682032596
              ],
              [
                3.9459486995868804,
                45.54447980125801
              ],
              [
                3.954348408158434,
                45.555962683335494
              ],
              [
                3.935548097136248,
                45.57675205994888
              ],
              [
                3.903596234209209,
                45.599022466324875
              ],
              [
                3.8846825953282202,
                45.60275694217335
              ],
              [
                3.86173367803394,
                45.62272878464922
              ],
              [
                3.823453198078696,
                45.63241694241682
              ],
              [
                3.776946294898936,
                45.6908405345388
              ],
              [
                3.7827600945783164,
                45.706694635321
              ],
              [
                3.7586724976385866,
                45.74600532878878
              ],
              [
                3.727105164096888,
                45.75553371264516
              ],
              [
                3.7310653997028584,
                45.77483343230172
              ],
              [
                3.6906934795455935,
                45.79217071537155
              ],
              [
                3.7116170222098575,
                45.79955113302971
              ],
              [
                3.72534244009261,
                45.82707398650144
              ],
              [
                3.7315424899852925,
                45.87016039642116
              ],
              [
                3.7543707578917007,
                45.88603083611283
              ],
              [
                3.7234546463589506,
                45.92186686966796
              ],
              [
                3.6940178008729885,
                45.930732356412385
              ],
              [
                3.693841059729285,
                45.94949142878095
              ],
              [
                3.7088966387640045,
                45.97378446779926
              ],
              [
                3.741274273248646,
                45.96600368355748
              ],
              [
                3.778005233789911,
                45.97179985823387
              ],
              [
                3.8237895718712145,
                45.98735259327228
              ],
              [
                3.8283904088914604,
                45.99948536067427
              ],
              [
                3.80676406021388,
                46.04562293029198
              ],
              [
                3.806993754653765,
                46.061272645914705
              ],
              [
                3.8218816515656036,
                46.08798379604504
              ],
              [
                3.8025614332413635,
                46.11032928945375
              ],
              [
                3.789761994058612,
                46.15485133205715
              ],
              [
                3.8078602164262896,
                46.16159515953333
              ],
              [
                3.7907469501208273,
                46.18453497582482
              ],
              [
                3.7902842093787883,
                46.210905673837914
              ],
              [
                3.768246928941596,
                46.237829248308365
              ],
              [
                3.802699984915529,
                46.23850996581434
              ],
              [
                3.8048868330812957,
                46.25485708711847
              ],
              [
                3.8690933059580366,
                46.263723494024156
              ],
              [
                3.8778066858099134,
                46.275939918983156
              ],
              [
                3.8995333931893303,
                46.27590543921817
              ],
              [
                3.9094002908986636,
                46.25772625699907
              ],
              [
                3.8901323277345172,
                46.21449064143864
              ],
              [
                3.9135641774619283,
                46.20692040053432
              ],
              [
                3.972545422490283,
                46.20271202778806
              ],
              [
                3.9817875015959623,
                46.176336440402444
              ],
              [
                4.0304983004444725,
                46.169772418692666
              ],
              [
                4.051958867651804,
                46.181688397585496
              ],
              [
                4.104090700200876,
                46.19839492284894
              ],
              [
                4.133393277727922,
                46.17732129820146
              ],
              [
                4.188443814996147,
                46.17512895597164
              ],
              [
                4.18453492610967,
                46.188021124528625
              ],
              [
                4.207908679923857,
                46.194835796707316
              ],
              [
                4.224689888463,
                46.177995310819746
              ],
              [
                4.257372590726873,
                46.18473517832983
              ],
              [
                4.257119428326002,
                46.157287705187656
              ],
              [
                4.2818305705425415,
                46.156597324529926
              ],
              [
                4.292313251311721,
                46.17248235017095
              ],
              [
                4.3157404325049695,
                46.17203342079279
              ],
              [
                4.362151387631787,
                46.195596184477786
              ],
              [
                4.388079599211451,
                46.21978851671503
              ],
              [
                4.392045244906183,
                46.26302385998399
              ],
              [
                4.405813600867752,
                46.29606050757099
              ],
              [
                4.458369104418381,
                46.29697584037131
              ],
              [
                4.488464517812633,
                46.28799447923909
              ],
              [
                4.504000511619177,
                46.26712967638222
              ],
              [
                4.537259095086993,
                46.269909752755986
              ],
              [
                4.557791734390365,
                46.294551693366884
              ],
              [
                4.58651066847238,
                46.26869366799675
              ],
              [
                4.618564521857389,
                46.26479290298609
              ],
              [
                4.617019082985369,
                46.28062156129126
              ],
              [
                4.6546541224676705,
                46.30348939899555
              ],
              [
                4.688792316232356,
                46.30134017113633
              ],
              [
                4.707543694868305,
                46.2846591310526
              ],
              [
                4.679555470888074,
                46.25866738898982
              ],
              [
                4.735773074768783,
                46.234243689563726
              ],
              [
                4.720630389105726,
                46.22239538927804
              ],
              [
                4.735252824806332,
                46.210851459521535
              ],
              [
                4.7208781171109155,
                46.19392061792661
              ],
              [
                4.730529789085251,
                46.1783721277199
              ],
              [
                4.757472202390895,
                46.17225721411849
              ],
              [
                4.780213475718984,
                46.176677022719375
              ],
              [
                4.7945808953124605,
                46.21831635025701
              ],
              [
                4.807756868341096,
                46.23696871115128
              ],
              [
                4.810994882268941,
                46.25992151697563
              ],
              [
                4.825956808265179,
                46.27478753204555
              ],
              [
                4.831827095028622,
                46.29688694217226
              ],
              [
                4.852756157390729,
                46.328199775494426
              ],
              [
                4.851457022538043,
                46.35626925172072
              ],
              [
                4.8882077017045455,
                46.40298160185766
              ],
              [
                4.891817622919295,
                46.43991436571944
              ],
              [
                4.915786922554027,
                46.465410523692164
              ],
              [
                4.915557341962093,
                46.48894113481689
              ],
              [
                4.935598865656449,
                46.514228992728945
              ],
              [
                5.004307716480809,
                46.51041518184386
              ],
              [
                5.027777929725955,
                46.49358075779722
              ],
              [
                5.056433075236103,
                46.48392614751307
              ],
              [
                5.107377093416356,
                46.49191576160186
              ],
              [
                5.137248163610305,
                46.509322673438184
              ],
              [
                5.172664602566099,
                46.513447365613864
              ],
              [
                5.201145471995378,
                46.50821850614692
              ],
              [
                5.215064143095116,
                46.46835927312158
              ],
              [
                5.25581668314639,
                46.451923595866475
              ],
              [
                5.310560613770375,
                46.446766420719875
              ],
              [
                5.3233509593207256,
                46.462505958303325
              ],
              [
                5.373305922688233,
                46.460100694018294
              ],
              [
                5.415741925117894,
                46.47313865941284
              ],
              [
                5.40775059526701,
                46.50005419367624
              ],
              [
                5.384819294338149,
                46.51562428945251
              ],
              [
                5.359203918767164,
                46.52256069453744
              ],
              [
                5.369638182241569,
                46.58033249938761
              ],
              [
                5.405690744011141,
                46.58167055755078
              ],
              [
                5.417107587832548,
                46.61545539475532
              ],
              [
                5.441107903009741,
                46.637540014709465
              ],
              [
                5.415503039920619,
                46.654982421219465
              ],
              [
                5.422089954439316,
                46.673031501871684
              ],
              [
                5.395359314315539,
                46.68505154004584
              ],
              [
                5.407751223773992,
                46.69588136597287
              ],
              [
                5.393640625030492,
                46.728633357928615
              ],
              [
                5.361096638423232,
                46.73098281339333
              ],
              [
                5.366370235232235,
                46.75127756992356
              ],
              [
                5.390414912053985,
                46.76783202725685
              ],
              [
                5.352854015210384,
                46.793190147243955
              ],
              [
                5.3329251666131325,
                46.796100557884984
              ],
              [
                5.3285860378953895,
                46.8129521008927
              ],
              [
                5.409821779763356,
                46.83254621337176
              ],
              [
                5.4488892034635485,
                46.82627111311263
              ],
              [
                5.462804105486921,
                46.84077447546622
              ],
              [
                5.4592864241149215,
                46.855244785634916
              ],
              [
                5.418370968481785,
                46.86028266347864
              ],
              [
                5.401826175213913,
                46.868321923377145
              ],
              [
                5.403416904275394,
                46.88995270444294
              ],
              [
                5.390761534745653,
                46.89436876615946
              ],
              [
                5.3633777404924405,
                46.88326000729678
              ],
              [
                5.328705057646148,
                46.8902268196612
              ],
              [
                5.306862019346935,
                46.92461572569682
              ],
              [
                5.308497060036723,
                46.93735552157344
              ],
              [
                5.274765609317477,
                46.93484664855668
              ],
              [
                5.260170972283091,
                46.94558220686418
              ],
              [
                5.255236339191406,
                46.97988809464049
              ],
              [
                5.222006075229213,
                46.988855497295
              ],
              [
                5.181859259011498,
                46.97482345386571
              ],
              [
                5.166234471151257,
                46.963868398378764
              ],
              [
                5.1243390082418205,
                46.963720125840524
              ],
              [
                5.100252102348397,
                46.95598327083581
              ],
              [
                5.0762583071667144,
                46.95939003098176
              ],
              [
                5.049303736126251,
                46.98158693341567
              ],
              [
                5.0034065361874065,
                46.972143943970465
              ],
              [
                4.994466553308194,
                46.959149599506034
              ],
              [
                4.927494382962588,
                46.96753853170502
              ],
              [
                4.896071329118784,
                46.96624020620316
              ],
              [
                4.893911988532932,
                46.951172459049864
              ],
              [
                4.7884658140953436,
                46.931872716902944
              ],
              [
                4.780547505930617,
                46.91818028344327
              ],
              [
                4.728129651701318,
                46.91937462593793
              ],
              [
                4.715721115401545,
                46.90691597166802
              ],
              [
                4.685479824630714,
                46.90086027628975
              ],
              [
                4.66452477880559,
                46.914160146408875
              ],
              [
                4.6790861065904545,
                46.93024007090235
              ],
              [
                4.650119701990474,
                46.94126696425738
              ],
              [
                4.623230215613321,
                46.94082023678555
              ],
              [
                4.589560484494725,
                46.9557070191566
              ],
              [
                4.573661325177989,
                46.97338633863404
              ],
              [
                4.554809047275526,
                47.02005452316086
              ],
              [
                4.5067016541013825,
                47.01322725598124
              ],
              [
                4.488156368101142,
                47.032053991768684
              ],
              [
                4.453754603542757,
                47.04180317977088
              ],
              [
                4.42831764695131,
                47.03978832160757
              ],
              [
                4.406283415170733,
                47.049999892555
              ],
              [
                4.401611638839053,
                47.08266237195949
              ],
              [
                4.344250468382807,
                47.07243028540817
              ],
              [
                4.349384584855175,
                47.09695260404792
              ],
              [
                4.2732057577392935,
                47.10846860042988
              ],
              [
                4.254511023751104,
                47.117244891665926
              ],
              [
                4.235126114423698,
                47.14567232864916
              ],
              [
                4.209834279044644,
                47.15541168354448
              ],
              [
                4.21254075976185,
                47.18181888845327
              ],
              [
                4.230668433773607,
                47.19895113888856
              ],
              [
                4.218051703421399,
                47.22051351486304
              ],
              [
                4.178052482394732,
                47.25029686466267
              ],
              [
                4.135479914723283,
                47.23739632412277
              ],
              [
                4.115801786333514,
                47.27973253282323
              ],
              [
                4.114111422721765,
                47.30795616873572
              ],
              [
                4.130399481098536,
                47.32021421171321
              ],
              [
                4.1249016818373665,
                47.33586115686488
              ],
              [
                4.106085850126875,
                47.339255985490894
              ],
              [
                4.076218510845687,
                47.383480194423754
              ],
              [
                4.088307134357006,
                47.39652090232598
              ],
              [
                4.066060118363545,
                47.407251287195685
              ],
              [
                4.119426533664949,
                47.443553393311014
              ],
              [
                4.129760578477719,
                47.47483692093974
              ],
              [
                4.112403898450227,
                47.5034970330936
              ],
              [
                4.138136112599596,
                47.52153256449299
              ],
              [
                4.156528733449272,
                47.55161760512027
              ],
              [
                4.17512808182493,
                47.553259163212694
              ],
              [
                4.197168115097694,
                47.59802850906373
              ],
              [
                4.214168417613283,
                47.602912165808426
              ],
              [
                4.212381292101606,
                47.62796570432303
              ],
              [
                4.249113979601859,
                47.65949100902422
              ],
              [
                4.225637843042874,
                47.67116302241697
              ],
              [
                4.258324006422516,
                47.68389555308575
              ],
              [
                4.267304312456938,
                47.70164928916197
              ],
              [
                4.2526277781965405,
                47.716066198902226
              ],
              [
                4.260502367415732,
                47.74220354600016
              ],
              [
                4.289656740825392,
                47.73317231931354
              ],
              [
                4.332471702607339,
                47.756511310391986
              ],
              [
                4.327231405103721,
                47.78566401630385
              ],
              [
                4.340296871154208,
                47.79956664297927
              ],
              [
                4.320330919498607,
                47.81169317443553
              ],
              [
                4.319285858378513,
                47.83743970579336
              ],
              [
                4.300805981058354,
                47.84877161085865
              ],
              [
                4.2610008241447535,
                47.84385063866699
              ],
              [
                4.262193864556681,
                47.88395527973197
              ],
              [
                4.277339137948259,
                47.89945297805272
              ],
              [
                4.311152699462278,
                47.903922726683135
              ],
              [
                4.2934241069450065,
                47.92567623483797
              ],
              [
                4.3090036167800365,
                47.96117328277752
              ],
              [
                4.351286047683726,
                47.95658154025503
              ],
              [
                4.414346270874161,
                47.968206710901
              ],
              [
                4.448998378066956,
                47.957154747571174
              ],
              [
                4.4932784015747025,
                47.96880579277352
              ],
              [
                4.518171359735413,
                47.96658777645795
              ],
              [
                4.5599688756782095,
                47.97142319625819
              ],
              [
                4.535820168596839,
                48.001210026464854
              ],
              [
                4.582678644289108,
                48.02946360186476
              ],
              [
                4.6168068514656495,
                48.031366971594
              ],
              [
                4.67322963618766,
                48.015051709502096
              ],
              [
                4.704238250439468,
                48.0202323762063
              ],
              [
                4.719943437560306,
                48.00889645519276
              ],
              [
                4.749300809603172,
                48.00425102648959
              ],
              [
                4.789083695644797,
                48.00782938255744
              ],
              [
                4.794634345104126,
                47.983197869158744
              ],
              [
                4.785061370779013,
                47.968869095555945
              ],
              [
                4.811007449975246,
                47.95932655708529
              ],
              [
                4.845182055142008,
                47.96125251907535
              ],
              [
                4.866096820746109,
                47.94050603305215
              ],
              [
                4.828942462053263,
                47.915128709594974
              ],
              [
                4.857004574909452,
                47.895855881593434
              ],
              [
                4.87629817749016,
                47.92022401352716
              ],
              [
                4.901848449197037,
                47.921289405231384
              ],
              [
                4.928173323343671,
                47.886876403893034
              ],
              [
                4.9282302679425625,
                47.871121167237085
              ],
              [
                4.9540942495981195,
                47.8667681480835
              ],
              [
                4.9683502146365655,
                47.83194135820226
              ],
              [
                4.993918239441858,
                47.81957144123197
              ],
              [
                4.987227991995704,
                47.8032996343454
              ],
              [
                4.918299821120011,
                47.7773135776728
              ],
              [
                4.930742567556667,
                47.76133580408352
              ],
              [
                4.949610301299183,
                47.765002530384045
              ],
              [
                4.971770458339338,
                47.73022100712152
              ],
              [
                4.953807643894032,
                47.70691553121908
              ],
              [
                4.959844644041361,
                47.69697375959394
              ],
              [
                4.992275225837213,
                47.688313503769756
              ],
              [
                5.030001604156784,
                47.70940841478221
              ],
              [
                5.0435872776506425,
                47.676515292793226
              ],
              [
                5.084909015051583,
                47.65725535909673
              ],
              [
                5.1282137463189255,
                47.64769555171287
              ],
              [
                5.178340930532218,
                47.680951862214265
              ],
              [
                5.173597037303847,
                47.65256871236608
              ],
              [
                5.211414189836741,
                47.64189107719557
              ],
              [
                5.239232274239111,
                47.61613009897604
              ],
              [
                5.238668295142944,
                47.597284983235
              ],
              [
                5.252920215668424,
                47.57694786282474
              ],
              [
                5.299837418963084,
                47.60492946802028
              ],
              [
                5.340003771124325,
                47.609065915523516
              ],
              [
                5.354893869684326,
                47.59131447740441
              ],
              [
                5.374078595885573,
                47.60454165278582
              ],
              [
                5.39980448309253,
                47.597153502136244
              ],
              [
                5.425594945399527,
                47.63207432012174
              ],
              [
                5.477547427463133,
                47.60872207289565
              ],
              [
                5.497062180458679,
                47.55418172115122
              ],
              [
                5.486403857432212,
                47.526968551040035
              ],
              [
                5.471680911081918,
                47.527461847421854
              ],
              [
                5.447063511552309,
                47.496253655345264
              ],
              [
                5.399215772340755,
                47.49901418953457
              ],
              [
                5.376587470082713,
                47.46467984209965
              ],
              [
                5.406499562267299,
                47.4618228232386
              ],
              [
                5.432338107070534,
                47.438347264883
              ],
              [
                5.451397515008267,
                47.38406251344994
              ],
              [
                5.477377417366495,
                47.39529212690571
              ],
              [
                5.496952532848246,
                47.390117858136
              ],
              [
                5.487995511763959,
                47.36201125941915
              ],
              [
                5.4927946655161906,
                47.33207816699496
              ],
              [
                5.4722397259852755,
                47.31697205065742
              ],
              [
                5.518538729512594,
                47.30418661945213
              ],
              [
                5.531653812708307,
                47.28437396080552
              ],
              [
                5.572097032797981,
                47.2684421265039
              ],
              [
                5.574464664810694,
                47.25405893079992
              ],
              [
                5.602110210787404,
                47.26053058449396
              ],
              [
                5.641087079328796,
                47.255902139031384
              ],
              [
                5.67598472782394,
                47.27574753150103
              ],
              [
                5.698725742766405,
                47.264996774959506
              ],
              [
                5.732304584331136,
                47.2635708244963
              ],
              [
                5.772794289154126,
                47.27839174115347
              ],
              [
                5.783911882300601,
                47.29062859459643
              ],
              [
                5.84401524176912,
                47.30002560772319
              ],
              [
                5.860063369485741,
                47.31441371512956
              ],
              [
                5.908850384555448,
                47.33130809335063
              ],
              [
                5.926973317778065,
                47.344842696907314
              ],
              [
                5.965726777821383,
                47.33714799401978
              ],
              [
                5.979565477765114,
                47.32599225383308
              ],
              [
                6.031152213443059,
                47.337818639776025
              ],
              [
                6.038905360008941,
                47.345543807863976
              ],
              [
                6.080045800270596,
                47.35403647497674
              ],
              [
                6.118643218077476,
                47.39516918586829
              ],
              [
                6.159315835079816,
                47.38763809750605
              ],
              [
                6.20045182507361,
                47.4291448308537
              ],
              [
                6.227146778558152,
                47.421361759224745
              ],
              [
                6.256322884311814,
                47.42460267369418
              ],
              [
                6.2635413933118995,
                47.446113357872484
              ],
              [
                6.280184223466656,
                47.44396949481327
              ],
              [
                6.3343537374171,
                47.50596607053227
              ],
              [
                6.4176533951113335,
                47.52107576002842
              ],
              [
                6.463493609157821,
                47.51211727914121
              ],
              [
                6.475912751751343,
                47.49653791477729
              ],
              [
                6.495895471628419,
                47.50568894568784
              ],
              [
                6.5183760537344355,
                47.49650598459375
              ],
              [
                6.534536369742796,
                47.50605436714645
              ],
              [
                6.55356252302069,
                47.49279726215029
              ],
              [
                6.573512260277363,
                47.495493621813196
              ],
              [
                6.583644236898135,
                47.50998705821796
              ],
              [
                6.568287888950471,
                47.53296730090853
              ],
              [
                6.581373134078281,
                47.5439823802077
              ],
              [
                6.6108754443878,
                47.530375696762064
              ],
              [
                6.646719240296149,
                47.53526063805599
              ],
              [
                6.670176179849052,
                47.55789898345777
              ],
              [
                6.715410264318535,
                47.55291548061491
              ],
              [
                6.738845896180387,
                47.55702322452207
              ],
              [
                6.767404952407747,
                47.538017268556935
              ],
              [
                6.797499350037713,
                47.5495126825397
              ],
              [
                6.80700533167707,
                47.562801384972
              ],
              [
                6.816660001724921,
                47.54792247821983
              ],
              [
                6.860809068981891,
                47.54751358468233
              ],
              [
                6.883473648745609,
                47.55533115808764
              ],
              [
                6.905669627634239,
                47.547361521011815
              ],
              [
                6.909674152385642,
                47.525507149094636
              ],
              [
                6.946162450184676,
                47.51131633258056
              ],
              [
                6.930856287246399,
                47.49817970710937
              ],
              [
                6.907596719688256,
                47.49436626816266
              ],
              [
                6.917231799861733,
                47.46886980086098
              ],
              [
                6.932315529660057,
                47.45581501043693
              ],
              [
                6.940536510867674,
                47.43337372140521
              ],
              [
                6.9383780521299885,
                47.40601986473863
              ],
              [
                6.917565696040302,
                47.40554258429283
              ],
              [
                6.911280984371045,
                47.3856550932385
              ],
              [
                6.8853970779398175,
                47.37459946804773
              ],
              [
                6.87936818281023,
                47.35839729641757
              ],
              [
                6.919496443267278,
                47.35536414476774
              ],
              [
                6.994215518452339,
                47.363057159308
              ],
              [
                7.012120561775966,
                47.37292288887178
              ],
              [
                7.049718402997699,
                47.360719992295074
              ],
              [
                7.062207100094967,
                47.34415745980239
              ],
              [
                7.046203037401215,
                47.326976713950984
              ],
              [
                7.016140643996923,
                47.31359873592356
              ],
              [
                6.993126569921015,
                47.29554511879603
              ],
              [
                6.942895673773597,
                47.287754384904254
              ],
              [
                6.955208843014741,
                47.244149772352195
              ],
              [
                6.940725555973242,
                47.231843645454894
              ],
              [
                6.882433031143578,
                47.201615584703326
              ],
              [
                6.858349567867174,
                47.164383477038406
              ],
              [
                6.800236684357302,
                47.128793351463806
              ],
              [
                6.763777402656871,
                47.11979205072034
              ],
              [
                6.739920812240863,
                47.1080561130741
              ],
              [
                6.74109066784422,
                47.091064413033465
              ],
              [
                6.717835845806807,
                47.08893991246636
              ],
              [
                6.691621066187363,
                47.06668923642061
              ],
              [
                6.7140493259380465,
                47.04912442357012
              ],
              [
                6.699656601550015,
                47.039041188281
              ],
              [
                6.661624427517901,
                47.02822165295931
              ],
              [
                6.633742279087916,
                46.99841408318843
              ],
              [
                6.59318642597294,
                46.991771506770114
              ],
              [
                6.566568468914689,
                46.98063803499442
              ],
              [
                6.5188133537312165,
                46.970857851315834
              ],
              [
                6.49668554758685,
                46.97418077120232
              ],
              [
                6.446572766755816,
                46.9341439731704
              ],
              [
                6.432669440426171,
                46.92860208537252
              ],
              [
                6.4645840104267736,
                46.89020943846434
              ],
              [
                6.460055924791717,
                46.85168246859297
              ],
              [
                6.44262902075631,
                46.83235109259498
              ],
              [
                6.434826378361494,
                46.801464616461466
              ],
              [
                6.458567776224122,
                46.788495437539005
              ],
              [
                6.425917841439646,
                46.75480272370325
              ],
              [
                6.39507223431701,
                46.74824769305675
              ],
              [
                6.391779221321134,
                46.73835933517175
              ],
              [
                6.344803166577885,
                46.711872179216
              ],
              [
                6.285329368806656,
                46.691241021954745
              ],
              [
                6.227994158729884,
                46.64830608201645
              ],
              [
                6.175538722376977,
                46.61413990223054
              ],
              [
                6.127338291895881,
                46.59030639234697
              ],
              [
                6.110748015678899,
                46.576313203446446
              ],
              [
                6.1381085470292716,
                46.55766039903405
              ],
              [
                6.1564485471743415,
                46.54546781327305
              ],
              [
                6.112697563396416,
                46.50963869187334
              ],
              [
                6.096828928594163,
                46.481206078469945
              ],
              [
                6.073927085793577,
                46.46394600628466
              ],
              [
                6.085838952286885,
                46.440997039522614
              ],
              [
                6.06400848181829,
                46.41622698893153
              ],
              [
                6.098192550862728,
                46.4087886309623
              ],
              [
                6.169741660312734,
                46.36793686221589
              ],
              [
                6.121274356078805,
                46.31370764747048
              ],
              [
                6.119369631480403,
                46.29490719406557
              ],
              [
                6.102638404712805,
                46.28506396607944
              ],
              [
                6.124247271884754,
                46.25101201647218
              ],
              [
                6.101761179926224,
                46.23748787561317
              ],
              [
                6.088183203547555,
                46.24681497717057
              ],
              [
                6.033127717153324,
                46.23799614420531
              ],
              [
                6.0025553835169445,
                46.220910810001136
              ],
              [
                5.978439780731028,
                46.216958336715976
              ],
              [
                5.963675623254598,
                46.19696085882454
              ],
              [
                5.992165784426486,
                46.18661733755954
              ],
              [
                5.956063159932633,
                46.13208943594269
              ],
              [
                5.922266804802187,
                46.13147760862653
              ],
              [
                5.8924200086063525,
                46.118482302607056
              ],
              [
                5.883180329915085,
                46.08491752032048
              ],
              [
                5.855667958392184,
                46.08676688670444
              ],
              [
                5.832300912634432,
                46.10599585856304
              ],
              [
                5.8114184967701625,
                46.07842009259869
              ],
              [
                5.806996561909532,
                46.043829800018194
              ],
              [
                5.812398928975968,
                46.02398062317354
              ],
              [
                5.809643351753076,
                45.98979960381866
              ],
              [
                5.834025839734275,
                45.972026538215985
              ],
              [
                5.831226413621035,
                45.93845957829322
              ],
              [
                5.8285402770414905,
                45.909296035615355
              ],
              [
                5.80366973107069,
                45.85558153164841
              ],
              [
                5.786777683247082,
                45.80940611504179
              ],
              [
                5.77937453777779,
                45.76217553185385
              ],
              [
                5.783495254205752,
                45.74431423922736
              ],
              [
                5.756676853365063,
                45.70873356110276
              ],
              [
                5.704119379498135,
                45.710926329459184
              ],
              [
                5.708336503736496,
                45.683064766572876
              ],
              [
                5.687058475150925,
                45.66816731077608
              ],
              [
                5.689187102194641,
                45.64850161239945
              ],
              [
                5.659528303353562,
                45.638682809874865
              ],
              [
                5.623748035268078,
                45.61326832676418
              ],
              [
                5.602655500360425,
                45.651527036877965
              ],
              [
                5.586411372003499,
                45.66707375970352
              ],
              [
                5.552743866622332,
                45.67988793690172
              ],
              [
                5.5757522584808825,
                45.69178828956468
              ],
              [
                5.5455415978088505,
                45.71359345746488
              ],
              [
                5.52567323556446,
                45.71672537840989
              ],
              [
                5.516232131684801,
                45.73225264077732
              ],
              [
                5.482525465260449,
                45.754586398783026
              ],
              [
                5.457406410775327,
                45.78099315590627
              ],
              [
                5.422469140800665,
                45.80730767616671
              ],
              [
                5.434944676804955,
                45.831093776494285
              ],
              [
                5.413134793996487,
                45.85221987973304
              ],
              [
                5.351020842949957,
                45.883709517437694
              ],
              [
                5.329298728282268,
                45.86357404303832
              ],
              [
                5.302019342914551,
                45.84764710800802
              ],
              [
                5.288915017040864,
                45.81112188995001
              ],
              [
                5.266894883868229,
                45.78936901099017
              ],
              [
                5.221074288749879,
                45.76845271626348
              ],
              [
                5.191532760208242,
                45.771688000938774
              ],
              [
                5.176892976082814,
                45.7934833284559
              ],
              [
                5.1603687442585455,
                45.80231368825673
              ],
              [
                5.101067478338776,
                45.81337808264365
              ],
              [
                5.089312645190639,
                45.784275022180616
              ],
              [
                5.059330594890989,
                45.79197852353507
              ],
              [
                5.068368951685849,
                45.765473881827624
              ],
              [
                5.093091174921406,
                45.766089791057205
              ],
              [
                5.094526879742294,
                45.739453359509234
              ],
              [
                5.126011929215237,
                45.73790916787724
              ],
              [
                5.159431081299061,
                45.7088530167123
              ],
              [
                5.131061214476138,
                45.7077086126494
              ],
              [
                5.1081318769103605,
                45.68802493937274
              ],
              [
                5.059543480830934,
                45.66509793238911
              ],
              [
                5.058062092364437,
                45.65324362294234
              ],
              [
                5.035148740524161,
                45.63720294798379
              ],
              [
                5.038083762231331,
                45.61507172104689
              ],
              [
                5.0047455923475,
                45.62311113752578
              ],
              [
                4.997963145407583,
                45.60341491364353
              ],
              [
                4.9719731415095545,
                45.61268302966118
              ],
              [
                4.927527809638902,
                45.605706962994894
              ],
              [
                4.901457719834113,
                45.606267804658444
              ],
              [
                4.864457684448963,
                45.59360146128447
              ],
              [
                4.85277784466551,
                45.57887851405256
              ],
              [
                4.828114865183135,
                45.58789311790868
              ],
              [
                4.808696981728118,
                45.5723005698916
              ],
              [
                4.840117013694024,
                45.543291913290595
              ],
              [
                4.864438371893341,
                45.5373424891419
              ],
              [
                4.868481734036511,
                45.5234402120416
              ],
              [
                4.8412638959614664,
                45.50060628572331
              ],
              [
                4.782279555986659,
                45.47220452723034
              ],
              [
                4.775917949204341,
                45.45421052340817
              ],
              [
                4.756935570818616,
                45.45570734978024
              ],
              [
                4.758664794548146,
                45.43109160083594
              ],
              [
                4.744760477737733,
                45.42132931211987
              ],
              [
                4.755804203494391,
                45.39641527650575
              ],
              [
                4.755996992712002,
                45.36567226076598
              ]
            ]
          ],
          [
            [
              [
                4.1819015999311935,
                47.15050500507014
              ],
              [
                4.187112897689929,
                47.133641259369064
              ],
              [
                4.171903802407782,
                47.11744504627446
              ],
              [
                4.153771215900621,
                47.11455697541982
              ],
              [
                4.1159670699158095,
                47.12333757652634
              ],
              [
                4.115067396116834,
                47.14616206884513
              ],
              [
                4.137377150535575,
                47.14271256994814
              ],
              [
                4.1819015999311935,
                47.15050500507014
              ]
            ]
          ]
        ]
      }
    },
    {
      "type": "Feature",
      "properties": {
        "region": "Côte d'Azur",
        "code": "20",
        "departements": [
          "980",
          "83",
          "20",
          "06",
          "05",
          "04"
        ]
      },
      "geometry": {
        "type": "MultiPolygon",
        "coordinates": [
          [
            [
              [
                9.40226832441199,
                41.858698242272276
              ],
              [
                9.406272769840172,
                41.82236027573807
              ],
              [
                9.394129959534725,
                41.79894602702587
              ],
              [
                9.40804423486613,
                41.765964137404545
              ],
              [
                9.399816891537837,
                41.692798815395356
              ],
              [
                9.372306452198895,
                41.67882801196141
              ],
              [
                9.3867990309586,
                41.66013485456259
              ],
              [
                9.370050242610121,
                41.63650941542051
              ],
              [
                9.354744447894907,
                41.64070711833988
              ],
              [
                9.336739554234802,
                41.6215416098364
              ],
              [
                9.287840387799415,
                41.60914794779935
              ],
              [
                9.29567773050855,
                41.58331885207275
              ],
              [
                9.318350951823037,
                41.60473961141595
              ],
              [
                9.342535240446413,
                41.594200027915484
              ],
              [
                9.365038855194317,
                41.596441470607836
              ],
              [
                9.340900099192766,
                41.559245310577836
              ],
              [
                9.30264040024383,
                41.54562427007991
              ],
              [
                9.283924696074152,
                41.52045330843586
              ],
              [
                9.275938375380612,
                41.496440290295695
              ],
              [
                9.28564621195539,
                41.481455763871594
              ],
              [
                9.256106433634463,
                41.45544645978787
              ],
              [
                9.223954643701347,
                41.44249242165367
              ],
              [
                9.226384203660677,
                41.41695973685865
              ],
              [
                9.2502303450001,
                41.4084598048058
              ],
              [
                9.217973376538382,
                41.36822599455603
              ],
              [
                9.179838238258498,
                41.36705499317599
              ],
              [
                9.167240749781808,
                41.385592289043764
              ],
              [
                9.148965906928566,
                41.38520002286676
              ],
              [
                9.123343747407722,
                41.39749027875982
              ],
              [
                9.092348336772952,
                41.39866884973409
              ],
              [
                9.104353270113341,
                41.4255060819188
              ],
              [
                9.097269216996475,
                41.44376682791671
              ],
              [
                9.074312339266525,
                41.44292158486769
              ],
              [
                9.039677264505034,
                41.46863417186722
              ],
              [
                9.0227210321415,
                41.46376611394031
              ],
              [
                8.99284982541176,
                41.48539712661482
              ],
              [
                8.959459141628432,
                41.49213642659868
              ],
              [
                8.921974806573186,
                41.49333335996221
              ],
              [
                8.91474945736704,
                41.50721159848068
              ],
              [
                8.884614957295412,
                41.50507147381323
              ],
              [
                8.877812471356815,
                41.523794319360206
              ],
              [
                8.852559366284032,
                41.53340920646009
              ],
              [
                8.839699710816092,
                41.54602923754972
              ],
              [
                8.82073184232227,
                41.545714667370824
              ],
              [
                8.800523477489595,
                41.57188276189636
              ],
              [
                8.775873328951134,
                41.59168224390554
              ],
              [
                8.789698855828817,
                41.605741813229336
              ],
              [
                8.793554350339635,
                41.62955326123481
              ],
              [
                8.821776132159119,
                41.63009123019617
              ],
              [
                8.850720584313095,
                41.64641263412892
              ],
              [
                8.869502509562649,
                41.64609463570318
              ],
              [
                8.880911938109922,
                41.66809704399582
              ],
              [
                8.915782780480423,
                41.68156786818509
              ],
              [
                8.914509146058741,
                41.68972719719775
              ],
              [
                8.841281825467787,
                41.69754888764182
              ],
              [
                8.812716636350928,
                41.71412605870484
              ],
              [
                8.773461665894612,
                41.71202820764472
              ],
              [
                8.78400108030721,
                41.73521507782763
              ],
              [
                8.77244949030242,
                41.74151395397478
              ],
              [
                8.721540704721875,
                41.724158153889434
              ],
              [
                8.686037575634304,
                41.748045833798216
              ],
              [
                8.713140775389308,
                41.760833711858524
              ],
              [
                8.730281258947743,
                41.776823799920166
              ],
              [
                8.70924681599125,
                41.79940893302203
              ],
              [
                8.740535859236362,
                41.80060842998491
              ],
              [
                8.770981055994985,
                41.811121572150675
              ],
              [
                8.784393807344568,
                41.830407894413874
              ],
              [
                8.790279130273717,
                41.86641909560435
              ],
              [
                8.779265166063484,
                41.88361463279185
              ],
              [
                8.802495279594497,
                41.89037396990991
              ],
              [
                8.780329131904372,
                41.924549684275014
              ],
              [
                8.740124001713054,
                41.92079895025009
              ],
              [
                8.717470184551035,
                41.90771623226959
              ],
              [
                8.671249490634217,
                41.90478838139739
              ],
              [
                8.641453371512307,
                41.90989807542862
              ],
              [
                8.613429079275429,
                41.9012604850547
              ],
              [
                8.620491915709744,
                41.92638143385013
              ],
              [
                8.59770740264425,
                41.95324242752227
              ],
              [
                8.614841081409581,
                41.97132815848069
              ],
              [
                8.646060498119223,
                41.96813286974832
              ],
              [
                8.665774103171897,
                41.978579613548604
              ],
              [
                8.656419834192247,
                42.00934596433834
              ],
              [
                8.690325750960795,
                42.02759574803638
              ],
              [
                8.702100729051129,
                42.02667306302128
              ],
              [
                8.741332481964943,
                42.04090929509705
              ],
              [
                8.739158783588737,
                42.06270232429793
              ],
              [
                8.719858223120928,
                42.063513495459055
              ],
              [
                8.71025694439948,
                42.09582422568561
              ],
              [
                8.683317701085334,
                42.10767939043072
              ],
              [
                8.658338303250986,
                42.10633293826876
              ],
              [
                8.647011374442783,
                42.121135348279964
              ],
              [
                8.62381016858365,
                42.12310886026918
              ],
              [
                8.577473591502791,
                42.15655723250558
              ],
              [
                8.590170524060465,
                42.16388769237882
              ],
              [
                8.578216021601701,
                42.188552849158576
              ],
              [
                8.581385985210854,
                42.20594433664427
              ],
              [
                8.56099542798187,
                42.23688048012684
              ],
              [
                8.615721768949843,
                42.253944800849766
              ],
              [
                8.689105710448825,
                42.26352397175119
              ],
              [
                8.690120554846226,
                42.27821075076003
              ],
              [
                8.65998027654801,
                42.30242037262011
              ],
              [
                8.637554534466465,
                42.30184726505929
              ],
              [
                8.62490287547782,
                42.3121592221741
              ],
              [
                8.628148233048128,
                42.338703487843894
              ],
              [
                8.614873875271428,
                42.349587758831014
              ],
              [
                8.59038224862291,
                42.35235664185015
              ],
              [
                8.562054289065225,
                42.33282223020302
              ],
              [
                8.551790417379964,
                42.34737867747405
              ],
              [
                8.573411068108614,
                42.38140571205032
              ],
              [
                8.608843089791446,
                42.38638181068826
              ],
              [
                8.608422093704315,
                42.416825413431944
              ],
              [
                8.623443614293404,
                42.421015734058656
              ],
              [
                8.655236173325635,
                42.41573491228313
              ],
              [
                8.67479692494207,
                42.47624538852454
              ],
              [
                8.664552800602856,
                42.4929949414802
              ],
              [
                8.665497159436656,
                42.51362834780463
              ],
              [
                8.696840811820111,
                42.52558454397895
              ],
              [
                8.71045001223845,
                42.52370248684714
              ],
              [
                8.720517193362127,
                42.55564630552545
              ],
              [
                8.756417557530522,
                42.570659862791466
              ],
              [
                8.760441827402945,
                42.55857137100389
              ],
              [
                8.787065945635801,
                42.55803097954457
              ],
              [
                8.804094980454654,
                42.569860341632605
              ],
              [
                8.808932860020777,
                42.599055946968434
              ],
              [
                8.87503956071919,
                42.61316864013493
              ],
              [
                8.881531586278046,
                42.62934512068445
              ],
              [
                8.902416916945402,
                42.62713736501694
              ],
              [
                8.918133832632359,
                42.63690557613399
              ],
              [
                8.94178034180466,
                42.63409527809801
              ],
              [
                9.010380292350433,
                42.64035285104823
              ],
              [
                9.061821349825943,
                42.66509048310729
              ],
              [
                9.053801584912287,
                42.67995503339286
              ],
              [
                9.085757984829678,
                42.714606767529766
              ],
              [
                9.124558531022126,
                42.731635182878094
              ],
              [
                9.168148283828739,
                42.73637983567517
              ],
              [
                9.19805748276381,
                42.724981437235
              ],
              [
                9.220663922308333,
                42.73560950529737
              ],
              [
                9.293321757624451,
                42.67431591000078
              ],
              [
                9.32260417864183,
                42.69810306283922
              ],
              [
                9.32247464967814,
                42.71680913865703
              ],
              [
                9.3451446458748,
                42.73666315749103
              ],
              [
                9.337520755219344,
                42.765033852323455
              ],
              [
                9.340204735886463,
                42.800597016108405
              ],
              [
                9.311621298469504,
                42.829728091907505
              ],
              [
                9.331968178166248,
                42.87026782937916
              ],
              [
                9.322219609930274,
                42.899631062547094
              ],
              [
                9.347705223407253,
                42.91305574845976
              ],
              [
                9.358875948356951,
                42.94492748470534
              ],
              [
                9.340869996691138,
                42.99446130565274
              ],
              [
                9.359044857554936,
                43.006721643949774
              ],
              [
                9.413672465126256,
                43.00653079400656
              ],
              [
                9.463553614767086,
                42.98640316480421
              ],
              [
                9.451876286538043,
                42.964357928208706
              ],
              [
                9.466129664769332,
                42.9409504747163
              ],
              [
                9.469036245492854,
                42.90508876257289
              ],
              [
                9.48223146636352,
                42.86451840047255
              ],
              [
                9.491086000893741,
                42.79496852775402
              ],
              [
                9.47207892681302,
                42.7705337050651
              ],
              [
                9.446187747709702,
                42.67357644963208
              ],
              [
                9.474879109198852,
                42.62483253404349
              ],
              [
                9.514827798261265,
                42.58472928229309
              ],
              [
                9.527302925634157,
                42.566105171529315
              ],
              [
                9.53474359181352,
                42.523009178263784
              ],
              [
                9.529616852014632,
                42.489443970187914
              ],
              [
                9.54134697029719,
                42.455927275892016
              ],
              [
                9.543397471188387,
                42.428489580925785
              ],
              [
                9.532439507617266,
                42.38377840928965
              ],
              [
                9.537662619936489,
                42.34360270025531
              ],
              [
                9.559720920174655,
                42.281366796993574
              ],
              [
                9.552574586239787,
                42.23523928410182
              ],
              [
                9.558966860048981,
                42.19643769306218
              ],
              [
                9.556601094642179,
                42.14214728519851
              ],
              [
                9.549983013016067,
                42.104163972329616
              ],
              [
                9.530222254216497,
                42.08620807802025
              ],
              [
                9.466958564261997,
                42.01274493764188
              ],
              [
                9.441543252653778,
                41.98975134561307
              ],
              [
                9.41378283019094,
                41.95570089844187
              ],
              [
                9.415949003320323,
                41.927960722873955
              ],
              [
                9.397017056900047,
                41.87461789997752
              ],
              [
                9.40226832441199,
                41.858698242272276
              ]
            ]
          ],
          [
            [
              [
                6.397097505711295,
                42.992801581371666
              ],
              [
                6.382674546492372,
                43.0122950539356
              ],
              [
                6.420662735426035,
                43.01371293579736
              ],
              [
                6.397097505711295,
                42.992801581371666
              ]
            ]
          ],
          [
            [
              [
                5.753650891000443,
                43.72462222505303
              ],
              [
                5.757332977582704,
                43.72940911375532
              ],
              [
                5.7491639540055255,
                43.7405464918297
              ],
              [
                5.7184242970991175,
                43.75512132052309
              ],
              [
                5.713394551246806,
                43.77950341891952
              ],
              [
                5.684551176087874,
                43.78850163078797
              ],
              [
                5.674483353980397,
                43.807360446333846
              ],
              [
                5.654445137414141,
                43.82511098585937
              ],
              [
                5.627700103254839,
                43.830927143331614
              ],
              [
                5.574599751241474,
                43.83029407148107
              ],
              [
                5.54452228126406,
                43.81819693654997
              ],
              [
                5.549174903324726,
                43.8514199844283
              ],
              [
                5.573186434978607,
                43.86492031403171
              ],
              [
                5.6064371876892,
                43.91613043943877
              ],
              [
                5.579927197959687,
                43.925980406162694
              ],
              [
                5.558844627129812,
                43.942576073587574
              ],
              [
                5.544991957929805,
                43.93905484015686
              ],
              [
                5.51208954255573,
                43.94600228564646
              ],
              [
                5.508647939314863,
                43.959839793825395
              ],
              [
                5.518062394104204,
                43.99011201336662
              ],
              [
                5.543633878090188,
                44.02596177811475
              ],
              [
                5.544598165016952,
                44.06989191567907
              ],
              [
                5.5026367853279545,
                44.06343920865494
              ],
              [
                5.498787806458752,
                44.11571934778835
              ],
              [
                5.540435810430644,
                44.13221365213216
              ],
              [
                5.551327343869811,
                44.14979115926589
              ],
              [
                5.582976621063447,
                44.15762325973775
              ],
              [
                5.564374392120529,
                44.17090170649433
              ],
              [
                5.576187167563138,
                44.18804165094906
              ],
              [
                5.609572963808623,
                44.18817112634557
              ],
              [
                5.63959354437225,
                44.16758605191366
              ],
              [
                5.6316731817286305,
                44.15136802990124
              ],
              [
                5.67860502821166,
                44.14608869344783
              ],
              [
                5.68271535182101,
                44.16321640945639
              ],
              [
                5.646965152793732,
                44.166291647187435
              ],
              [
                5.651592585237082,
                44.18957707724826
              ],
              [
                5.676037325543462,
                44.19143313185896
              ],
              [
                5.681311859737585,
                44.23289466958045
              ],
              [
                5.672996044869041,
                44.23984311301397
              ],
              [
                5.676206589256276,
                44.27551099308782
              ],
              [
                5.647509019416229,
                44.27247769824454
              ],
              [
                5.631970064900461,
                44.284721309902835
              ],
              [
                5.637756422122977,
                44.29968616697366
              ],
              [
                5.608077262744189,
                44.30850908328983
              ],
              [
                5.617135908418277,
                44.332475894185805
              ],
              [
                5.5373670436986435,
                44.333525718131106
              ],
              [
                5.521782790630088,
                44.34931163553876
              ],
              [
                5.4930715607447445,
                44.33717752081172
              ],
              [
                5.46941457400079,
                44.35149029453098
              ],
              [
                5.46065693964672,
                44.36832054562284
              ],
              [
                5.434953500862137,
                44.36911743294876
              ],
              [
                5.443026623183156,
                44.391237330733084
              ],
              [
                5.418530667075709,
                44.424947370319
              ],
              [
                5.447194165800079,
                44.431852481873705
              ],
              [
                5.4764897049095795,
                44.41972379409436
              ],
              [
                5.498303440849121,
                44.43732497621575
              ],
              [
                5.464433745418449,
                44.44788666870274
              ],
              [
                5.458727518186473,
                44.46614393059478
              ],
              [
                5.4798758917737445,
                44.49123966897652
              ],
              [
                5.516510011697751,
                44.49138247772147
              ],
              [
                5.562404689872195,
                44.47485185176209
              ],
              [
                5.603651238319425,
                44.465544996850255
              ],
              [
                5.6163088106464185,
                44.47271206540212
              ],
              [
                5.629785093116038,
                44.5011871029685
              ],
              [
                5.664504139914002,
                44.501894032401594
              ],
              [
                5.627373773874302,
                44.53458025973445
              ],
              [
                5.5972487980667855,
                44.543273727979226
              ],
              [
                5.617737322579476,
                44.583133580603594
              ],
              [
                5.643926214041127,
                44.60972161106435
              ],
              [
                5.641715054881292,
                44.65107468886509
              ],
              [
                5.726039426074854,
                44.63939834273572
              ],
              [
                5.753939211901072,
                44.662713661324155
              ],
              [
                5.790619766631355,
                44.65329030204328
              ],
              [
                5.799407769469486,
                44.67394966436931
              ],
              [
                5.825802514085463,
                44.68569233800322
              ],
              [
                5.82711625324567,
                44.70028877822114
              ],
              [
                5.801469996094522,
                44.706778512869995
              ],
              [
                5.82777670542201,
                44.7400904212036
              ],
              [
                5.846789359515513,
                44.75162114202083
              ],
              [
                5.888833543818295,
                44.74880281266777
              ],
              [
                5.900145988864039,
                44.75831810886521
              ],
              [
                5.92220546362268,
                44.75408063667132
              ],
              [
                5.9801466158902254,
                44.78117807160656
              ],
              [
                5.977781702799108,
                44.79098097178422
              ],
              [
                5.94951924784745,
                44.80453012289717
              ],
              [
                5.979181680039922,
                44.81858485233257
              ],
              [
                6.004863991929379,
                44.82044164675532
              ],
              [
                6.030210546238997,
                44.838096097754196
              ],
              [
                6.056880845755912,
                44.81648809334095
              ],
              [
                6.111944264637026,
                44.844104598030206
              ],
              [
                6.128361780211359,
                44.86189793671716
              ],
              [
                6.1707886083957675,
                44.85422409321522
              ],
              [
                6.196382213093447,
                44.85897725265292
              ],
              [
                6.25054409332542,
                44.85265497741959
              ],
              [
                6.269405725021001,
                44.87047437006196
              ],
              [
                6.300679811301804,
                44.87347754001874
              ],
              [
                6.336319027358193,
                44.84836943493937
              ],
              [
                6.354685212537601,
                44.85597093285778
              ],
              [
                6.350781709377172,
                44.88120395797154
              ],
              [
                6.358440638759468,
                44.89205674340702
              ],
              [
                6.354621853701313,
                44.92359576979837
              ],
              [
                6.3588400606704845,
                44.941284471463
              ],
              [
                6.3289997583261135,
                44.94731911410858
              ],
              [
                6.3285028218875325,
                44.969718924476524
              ],
              [
                6.3148150406516885,
                44.98018487183722
              ],
              [
                6.321848392012048,
                45.000080059582814
              ],
              [
                6.300180534522452,
                45.00397824625707
              ],
              [
                6.251755823777455,
                44.99669933009644
              ],
              [
                6.203927022398643,
                45.012469165084845
              ],
              [
                6.2200801563699395,
                45.06536793621533
              ],
              [
                6.243017832342709,
                45.06906387836911
              ],
              [
                6.229388123209472,
                45.108750055807405
              ],
              [
                6.260566197557925,
                45.12684791386632
              ],
              [
                6.299216785815758,
                45.10855211143577
              ],
              [
                6.3312977067397425,
                45.11812379084807
              ],
              [
                6.362935515883446,
                45.10449356656247
              ],
              [
                6.373529600716985,
                45.08414824428705
              ],
              [
                6.364877554955543,
                45.07017079687575
              ],
              [
                6.393914586674507,
                45.06181851097421
              ],
              [
                6.438596097282185,
                45.06258355349038
              ],
              [
                6.451799595532319,
                45.05172052616644
              ],
              [
                6.486234598441578,
                45.05607309559144
              ],
              [
                6.480384256020366,
                45.09079271505677
              ],
              [
                6.510979894458294,
                45.10875068557236
              ],
              [
                6.529708447474563,
                45.09856919735164
              ],
              [
                6.55601396596344,
                45.104195104315984
              ],
              [
                6.57653069592537,
                45.12309720037721
              ],
              [
                6.615550094957373,
                45.12147775227429
              ],
              [
                6.6299873381374725,
                45.1093269281999
              ],
              [
                6.627487761756953,
                45.10121505030452
              ],
              [
                6.662113977091666,
                45.07163521564911
              ],
              [
                6.658833037991113,
                45.0522106577603
              ],
              [
                6.672439472064712,
                45.02142288028361
              ],
              [
                6.7256836969428715,
                45.02150040053337
              ],
              [
                6.743421512935462,
                45.015920279449546
              ],
              [
                6.751188313816809,
                44.99755867124376
              ],
              [
                6.7376342538806036,
                44.99148903315492
              ],
              [
                6.763468605707418,
                44.971219657081626
              ],
              [
                6.753079854453953,
                44.94296106206407
              ],
              [
                6.750709573838057,
                44.90565221939063
              ],
              [
                6.771184461028274,
                44.90344432994035
              ],
              [
                6.805918328309796,
                44.87664147794964
              ],
              [
                6.863241048677118,
                44.850610814016996
              ],
              [
                6.913770297405167,
                44.84542283675211
              ],
              [
                6.933687243037528,
                44.862026072008646
              ],
              [
                6.972609983994274,
                44.84623344849374
              ],
              [
                7.0067737788907705,
                44.839315967633134
              ],
              [
                7.018283625506064,
                44.81230540654565
              ],
              [
                6.9995712397492555,
                44.78944471324736
              ],
              [
                7.024748601836657,
                44.76238093071902
              ],
              [
                7.024189433792721,
                44.74131576508321
              ],
              [
                7.043683920015221,
                44.71814050323442
              ],
              [
                7.06578600052752,
                44.71360743394211
              ],
              [
                7.077108800206922,
                44.68091750917342
              ],
              [
                7.059729404484276,
                44.67996132818681
              ],
              [
                7.023734517020338,
                44.6913011223226
              ],
              [
                6.98622673933706,
                44.68808002657876
              ],
              [
                6.957471911814601,
                44.66982246847716
              ],
              [
                6.948335091404861,
                44.65481629914676
              ],
              [
                6.962336081450481,
                44.62657915489668
              ],
              [
                6.948379982167533,
                44.61745199059853
              ],
              [
                6.932733186254122,
                44.59270863771759
              ],
              [
                6.9319953299582595,
                44.572724638567955
              ],
              [
                6.913213082531437,
                44.558826349687266
              ],
              [
                6.8760332305264455,
                44.550160873365996
              ],
              [
                6.854013487274841,
                44.529129653944196
              ],
              [
                6.865674424523799,
                44.4950039431701
              ],
              [
                6.881970580210891,
                44.477261501575526
              ],
              [
                6.906339114831614,
                44.46684649800382
              ],
              [
                6.911101127447187,
                44.45236482780562
              ],
              [
                6.937139400716047,
                44.43887286300481
              ],
              [
                6.937079169120725,
                44.42969968048132
              ],
              [
                6.892869620487909,
                44.42078067903776
              ],
              [
                6.896507825430464,
                44.374299547914674
              ],
              [
                6.88742990090296,
                44.36104783803612
              ],
              [
                6.922569034715827,
                44.35073334653868
              ],
              [
                6.92647211225925,
                44.334749781019966
              ],
              [
                6.960525832743343,
                44.31085198397747
              ],
              [
                6.955859859005885,
                44.2970594542236
              ],
              [
                6.9934468208164935,
                44.280891427852495
              ],
              [
                6.99712995413101,
                44.251997804252646
              ],
              [
                7.008054894297459,
                44.236431060527
              ],
              [
                7.038841660238861,
                44.22372981024312
              ],
              [
                7.070224944864906,
                44.23297997575481
              ],
              [
                7.112226619139014,
                44.21733524158766
              ],
              [
                7.141050183667786,
                44.2010003780328
              ],
              [
                7.1597495198014025,
                44.20620545858123
              ],
              [
                7.2033866897276635,
                44.184792768493224
              ],
              [
                7.218868901675846,
                44.1689469810721
              ],
              [
                7.237041234869469,
                44.174339231954
              ],
              [
                7.24856917472652,
                44.158515503110245
              ],
              [
                7.280317813440188,
                44.141181126207165
              ],
              [
                7.340417586180365,
                44.145649028908274
              ],
              [
                7.358475305086881,
                44.11815061891558
              ],
              [
                7.388931942608855,
                44.12479464638471
              ],
              [
                7.4268012934594045,
                44.117564036132904
              ],
              [
                7.429927081340899,
                44.127804524896916
              ],
              [
                7.459974202378207,
                44.125692456404565
              ],
              [
                7.505741191835109,
                44.143652395337554
              ],
              [
                7.5567970945239376,
                44.14692262748108
              ],
              [
                7.577148887227901,
                44.15289005329537
              ],
              [
                7.614555274657836,
                44.14967082474187
              ],
              [
                7.645064338759674,
                44.17790074590103
              ],
              [
                7.68458536705161,
                44.17401845696774
              ],
              [
                7.670852285754872,
                44.15374050304116
              ],
              [
                7.667154197554274,
                44.13343096570642
              ],
              [
                7.67452067122969,
                44.117978351966265
              ],
              [
                7.715741685167259,
                44.082768394074186
              ],
              [
                7.714078792245614,
                44.06542948835954
              ],
              [
                7.700025563701426,
                44.04078903341254
              ],
              [
                7.664986572845552,
                44.03066821354587
              ],
              [
                7.670204633842334,
                43.998475578585406
              ],
              [
                7.652699330334664,
                43.97484454446134
              ],
              [
                7.610194650987026,
                43.95513695471592
              ],
              [
                7.596854299346449,
                43.95652880599456
              ],
              [
                7.572900090571807,
                43.9377923733289
              ],
              [
                7.559929417388958,
                43.914446448952816
              ],
              [
                7.559218845189717,
                43.897294632318086
              ],
              [
                7.511282181839372,
                43.88226017750882
              ],
              [
                7.495202515535623,
                43.862291505445505
              ],
              [
                7.518300877134688,
                43.80329700642123
              ],
              [
                7.530159376168468,
                43.78804906400435
              ],
              [
                7.490212035782315,
                43.767197668733566
              ],
              [
                7.475918505385493,
                43.750796761738144
              ],
              [
                7.4597300454166495,
                43.76004177050826
              ],
              [
                7.412274588246639,
                43.7343884782676
              ],
              [
                7.413235194461564,
                43.72476923386886
              ],
              [
                7.375064708715003,
                43.71753336634211
              ],
              [
                7.360727399718111,
                43.72228177889476
              ],
              [
                7.337596357798404,
                43.711716462798286
              ],
              [
                7.326468236003214,
                43.69615480753041
              ],
              [
                7.297211876953826,
                43.68614078433695
              ],
              [
                7.285170356707785,
                43.694320925627316
              ],
              [
                7.24382000023942,
                43.68938268481802
              ],
              [
                7.225884891654834,
                43.66225535365977
              ],
              [
                7.206455679516468,
                43.64563646874049
              ],
              [
                7.194537177820155,
                43.657919305629925
              ],
              [
                7.157853271963104,
                43.65385083741795
              ],
              [
                7.139271239473155,
                43.6360982414893
              ],
              [
                7.1230039862754415,
                43.58829721341579
              ],
              [
                7.121751847241626,
                43.55949556145099
              ],
              [
                7.101266887315347,
                43.57067799664823
              ],
              [
                7.0675662048264405,
                43.561639844055605
              ],
              [
                7.055944916816456,
                43.54796646787975
              ],
              [
                7.014827677611477,
                43.550856545562084
              ],
              [
                6.974303482945652,
                43.546078781561825
              ],
              [
                6.952169379017137,
                43.53471699106892
              ],
              [
                6.938368675282269,
                43.51639156043654
              ],
              [
                6.954746280767227,
                43.50472407547113
              ],
              [
                6.947072439425319,
                43.48436595161653
              ],
              [
                6.933726236453417,
                43.480068010885034
              ],
              [
                6.922885490828145,
                43.45174387541975
              ],
              [
                6.905141154857869,
                43.44535017666573
              ],
              [
                6.891803829527237,
                43.428580913728375
              ],
              [
                6.857004426913538,
                43.430474860535256
              ],
              [
                6.858844544234777,
                43.414799720326116
              ],
              [
                6.826767053167243,
                43.41737073152947
              ],
              [
                6.782764730332782,
                43.409442320887486
              ],
              [
                6.766270052682748,
                43.42375280812916
              ],
              [
                6.733704630154437,
                43.40559793735444
              ],
              [
                6.732003206721381,
                43.38946313855496
              ],
              [
                6.714335229285594,
                43.36790695222178
              ],
              [
                6.7099565741085065,
                43.344596635575606
              ],
              [
                6.6800297271705,
                43.340297041676884
              ],
              [
                6.665952517510404,
                43.3182163655059
              ],
              [
                6.583869079366629,
                43.27730467434808
              ],
              [
                6.58599194489557,
                43.264474487305584
              ],
              [
                6.6206975135955615,
                43.26419875103567
              ],
              [
                6.639850874222042,
                43.27423471176637
              ],
              [
                6.662119995811744,
                43.26490893551231
              ],
              [
                6.677311623765608,
                43.278791964313584
              ],
              [
                6.697137390126857,
                43.26639912327035
              ],
              [
                6.690285120903589,
                43.25444947454634
              ],
              [
                6.663579906038083,
                43.23804248633585
              ],
              [
                6.6697773834987,
                43.20593681234112
              ],
              [
                6.6424608658713495,
                43.185044777871894
              ],
              [
                6.620225523392656,
                43.16070781744534
              ],
              [
                6.591926740934735,
                43.18547932186572
              ],
              [
                6.556403062532188,
                43.188079368186806
              ],
              [
                6.495595304956187,
                43.15114513174647
              ],
              [
                6.459406427232955,
                43.155878063276724
              ],
              [
                6.4051625531535405,
                43.14899847503375
              ],
              [
                6.368717778683196,
                43.13697275788714
              ],
              [
                6.359759637416901,
                43.119904470727896
              ],
              [
                6.365822239355368,
                43.08894493070752
              ],
              [
                6.332512727498749,
                43.0910972881653
              ],
              [
                6.316672182510005,
                43.106169850809124
              ],
              [
                6.274938809272962,
                43.12074293872334
              ],
              [
                6.24125248602693,
                43.11390300424902
              ],
              [
                6.20808289628789,
                43.11644424038581
              ],
              [
                6.1802726418863445,
                43.10699799522913
              ],
              [
                6.1604467571254595,
                43.08929067476381
              ],
              [
                6.15001613157217,
                43.061260557512185
              ],
              [
                6.157072005051721,
                43.0283622233928
              ],
              [
                6.116717634954243,
                43.03924175451086
              ],
              [
                6.131609970477635,
                43.04800821003079
              ],
              [
                6.125902358634685,
                43.07753538311637
              ],
              [
                6.076465121556624,
                43.08694321993878
              ],
              [
                6.031440047836645,
                43.0774733246304
              ],
              [
                6.0234687473310835,
                43.09480782262938
              ],
              [
                6.006259832558937,
                43.103984285718425
              ],
              [
                5.940943551094233,
                43.10775854379546
              ],
              [
                5.9206305576319345,
                43.12390905489088
              ],
              [
                5.899891552467621,
                43.11317366571534
              ],
              [
                5.916526116114346,
                43.08566056570662
              ],
              [
                5.871977255950896,
                43.06810192056182
              ],
              [
                5.8574626666009255,
                43.0466186792423
              ],
              [
                5.828809918694244,
                43.04936457422897
              ],
              [
                5.804564531287972,
                43.078284936751075
              ],
              [
                5.813898362790477,
                43.107129005014066
              ],
              [
                5.773153880321081,
                43.117608445363594
              ],
              [
                5.781006228280267,
                43.13093301699203
              ],
              [
                5.725850946491633,
                43.13652712230804
              ],
              [
                5.719019910025584,
                43.14727450998757
              ],
              [
                5.694880043308294,
                43.14358778681909
              ],
              [
                5.671875005699277,
                43.179268786904935
              ],
              [
                5.683909137465821,
                43.23605829449104
              ],
              [
                5.738053338597997,
                43.26234879905431
              ],
              [
                5.760928945485899,
                43.26733799967126
              ],
              [
                5.749842102092498,
                43.289268158207484
              ],
              [
                5.726600840963344,
                43.317355354807546
              ],
              [
                5.691040375926617,
                43.31296284082202
              ],
              [
                5.6805714198425825,
                43.320567749059826
              ],
              [
                5.686454243837883,
                43.34018809721801
              ],
              [
                5.705025402908448,
                43.35591845372619
              ],
              [
                5.694566647112354,
                43.364397692972155
              ],
              [
                5.682787396731936,
                43.39915686931637
              ],
              [
                5.724430347442292,
                43.408873853719896
              ],
              [
                5.749995488821414,
                43.40151212758493
              ],
              [
                5.786515741534922,
                43.41454030725915
              ],
              [
                5.750365813842735,
                43.43483686058608
              ],
              [
                5.729497620866793,
                43.4649455181253
              ],
              [
                5.698802592390258,
                43.48217012690398
              ],
              [
                5.716142493328895,
                43.50429675245373
              ],
              [
                5.722822019697228,
                43.54816058741321
              ],
              [
                5.695815693323289,
                43.5621406925523
              ],
              [
                5.6692574361600405,
                43.56473259595678
              ],
              [
                5.655965226280003,
                43.57740113848914
              ],
              [
                5.691599302975247,
                43.58442798717338
              ],
              [
                5.681084297973491,
                43.61251583703795
              ],
              [
                5.7002276041895055,
                43.64171580606343
              ],
              [
                5.744798262971254,
                43.65677840759107
              ],
              [
                5.799061112603831,
                43.66051789095841
              ],
              [
                5.803458345470844,
                43.67967259461735
              ],
              [
                5.782188925366387,
                43.70688803457204
              ],
              [
                5.753650891000443,
                43.72462222505303
              ]
            ]
          ],
          [
            [
              [
                6.244070723660419,
                43.02003990146341
              ],
              [
                6.250456907741955,
                42.999405471017184
              ],
              [
                6.2086721858280045,
                42.98337897719049
              ],
              [
                6.164093203064464,
                43.001486581994094
              ],
              [
                6.178205964056932,
                43.008378995767266
              ],
              [
                6.201680276206104,
                43.000832977469685
              ],
              [
                6.244070723660419,
                43.02003990146341
              ]
            ]
          ],
          [
            [
              [
                6.4348048599912655,
                43.01553967859008
              ],
              [
                6.455204193482509,
                43.02681414026909
              ],
              [
                6.470219113787291,
                43.04517281781743
              ],
              [
                6.489595213255647,
                43.04264656574441
              ],
              [
                6.4698423857502005,
                43.01636834554753
              ],
              [
                6.4348048599912655,
                43.01553967859008
              ]
            ]
          ]
        ]
      }
    },
    {
      "type": "Feature",
      "properties": {
        "region": "Est",
        "code": "7",
        "departements": [
          "90",
          "88",
          "70",
          "68",
          "67",
          "57",
          "55",
          "54",
          "52",
          "51"
        ]
      },
      "geometry": {
        "type": "Polygon",
        "coordinates": [
          [
            [
              7.577312855212316,
              48.12036852180279
            ],
            [
              7.579959302676986,
              48.1060241628568
            ],
            [
              7.569229918944941,
              48.08140103227969
            ],
            [
              7.571623278915894,
              48.03037963253785
            ],
            [
              7.605442849614272,
              48.00375666733687
            ],
            [
              7.622090012011825,
              47.972273158282675
            ],
            [
              7.583289971638735,
              47.93111867339603
            ],
            [
              7.583517659704031,
              47.90164054665845
            ],
            [
              7.556704620769357,
              47.87994110574265
            ],
            [
              7.563546061062802,
              47.85213451656705
            ],
            [
              7.531259755609871,
              47.786758092739966
            ],
            [
              7.5322376356790635,
              47.768103948729824
            ],
            [
              7.548078387714247,
              47.73958664484275
            ],
            [
              7.543471717716171,
              47.7219511962019
            ],
            [
              7.513752001020271,
              47.70281805790175
            ],
            [
              7.522345790100707,
              47.662321489849276
            ],
            [
              7.566467478798788,
              47.63289794133456
            ],
            [
              7.592166196122287,
              47.595364230897054
            ],
            [
              7.5847059048213925,
              47.57726432341283
            ],
            [
              7.506109699820528,
              47.5443371916087
            ],
            [
              7.5252484411100795,
              47.5198644991559
            ],
            [
              7.507326934833388,
              47.5152130072166
            ],
            [
              7.506753671499357,
              47.49563386052678
            ],
            [
              7.486855374527259,
              47.48173332111362
            ],
            [
              7.434560148747173,
              47.497929056791456
            ],
            [
              7.422690550181342,
              47.484388198189606
            ],
            [
              7.4501432999503265,
              47.47529024914208
            ],
            [
              7.420293972815237,
              47.44542252005264
            ],
            [
              7.380947797110134,
              47.431864331193985
            ],
            [
              7.337556330611329,
              47.44091115313276
            ],
            [
              7.281541911285926,
              47.43421552862775
            ],
            [
              7.2462970616937685,
              47.4222020998741
            ],
            [
              7.232812984772371,
              47.43881243982562
            ],
            [
              7.206682632158959,
              47.43482071398383
            ],
            [
              7.170823146393291,
              47.444351795572196
            ],
            [
              7.18658232857427,
              47.491228297146144
            ],
            [
              7.158949175727589,
              47.49075866687029
            ],
            [
              7.130345969302944,
              47.50302658239207
            ],
            [
              7.111058458608464,
              47.49490275577542
            ],
            [
              7.066595656975458,
              47.49348103198955
            ],
            [
              7.024394386855231,
              47.50421334191186
            ],
            [
              6.985924997204884,
              47.49152131286686
            ],
            [
              6.998962818675516,
              47.45229903121829
            ],
            [
              6.970004495274878,
              47.44688262940426
            ],
            [
              6.940536510867674,
              47.43337372140521
            ],
            [
              6.932315529660057,
              47.45581501043693
            ],
            [
              6.917231799861733,
              47.46886980086098
            ],
            [
              6.907596719688256,
              47.49436626816266
            ],
            [
              6.930856287246399,
              47.49817970710937
            ],
            [
              6.946162450184676,
              47.51131633258056
            ],
            [
              6.909674152385642,
              47.525507149094636
            ],
            [
              6.905669627634239,
              47.547361521011815
            ],
            [
              6.883473648745609,
              47.55533115808764
            ],
            [
              6.860809068981891,
              47.54751358468233
            ],
            [
              6.816660001724921,
              47.54792247821983
            ],
            [
              6.80700533167707,
              47.562801384972
            ],
            [
              6.797499350037713,
              47.5495126825397
            ],
            [
              6.767404952407747,
              47.538017268556935
            ],
            [
              6.738845896180387,
              47.55702322452207
            ],
            [
              6.715410264318535,
              47.55291548061491
            ],
            [
              6.670176179849052,
              47.55789898345777
            ],
            [
              6.646719240296149,
              47.53526063805599
            ],
            [
              6.6108754443878,
              47.530375696762064
            ],
            [
              6.581373134078281,
              47.5439823802077
            ],
            [
              6.568287888950471,
              47.53296730090853
            ],
            [
              6.583644236898135,
              47.50998705821796
            ],
            [
              6.573512260277363,
              47.495493621813196
            ],
            [
              6.55356252302069,
              47.49279726215029
            ],
            [
              6.534536369742796,
              47.50605436714645
            ],
            [
              6.5183760537344355,
              47.49650598459375
            ],
            [
              6.495895471628419,
              47.50568894568784
            ],
            [
              6.475912751751343,
              47.49653791477729
            ],
            [
              6.463493609157821,
              47.51211727914121
            ],
            [
              6.4176533951113335,
              47.52107576002842
            ],
            [
              6.3343537374171,
              47.50596607053227
            ],
            [
              6.280184223466656,
              47.44396949481327
            ],
            [
              6.2635413933118995,
              47.446113357872484
            ],
            [
              6.256322884311814,
              47.42460267369418
            ],
            [
              6.227146778558152,
              47.421361759224745
            ],
            [
              6.20045182507361,
              47.4291448308537
            ],
            [
              6.159315835079816,
              47.38763809750605
            ],
            [
              6.118643218077476,
              47.39516918586829
            ],
            [
              6.080045800270596,
              47.35403647497674
            ],
            [
              6.038905360008941,
              47.345543807863976
            ],
            [
              6.031152213443059,
              47.337818639776025
            ],
            [
              5.979565477765114,
              47.32599225383308
            ],
            [
              5.965726777821383,
              47.33714799401978
            ],
            [
              5.926973317778065,
              47.344842696907314
            ],
            [
              5.908850384555448,
              47.33130809335063
            ],
            [
              5.860063369485741,
              47.31441371512956
            ],
            [
              5.84401524176912,
              47.30002560772319
            ],
            [
              5.783911882300601,
              47.29062859459643
            ],
            [
              5.772794289154126,
              47.27839174115347
            ],
            [
              5.732304584331136,
              47.2635708244963
            ],
            [
              5.698725742766405,
              47.264996774959506
            ],
            [
              5.67598472782394,
              47.27574753150103
            ],
            [
              5.641087079328796,
              47.255902139031384
            ],
            [
              5.602110210787404,
              47.26053058449396
            ],
            [
              5.574464664810694,
              47.25405893079992
            ],
            [
              5.572097032797981,
              47.2684421265039
            ],
            [
              5.531653812708307,
              47.28437396080552
            ],
            [
              5.518538729512594,
              47.30418661945213
            ],
            [
              5.4722397259852755,
              47.31697205065742
            ],
            [
              5.4927946655161906,
              47.33207816699496
            ],
            [
              5.487995511763959,
              47.36201125941915
            ],
            [
              5.496952532848246,
              47.390117858136
            ],
            [
              5.477377417366495,
              47.39529212690571
            ],
            [
              5.451397515008267,
              47.38406251344994
            ],
            [
              5.432338107070534,
              47.438347264883
            ],
            [
              5.406499562267299,
              47.4618228232386
            ],
            [
              5.376587470082713,
              47.46467984209965
            ],
            [
              5.399215772340755,
              47.49901418953457
            ],
            [
              5.447063511552309,
              47.496253655345264
            ],
            [
              5.471680911081918,
              47.527461847421854
            ],
            [
              5.486403857432212,
              47.526968551040035
            ],
            [
              5.497062180458679,
              47.55418172115122
            ],
            [
              5.477547427463133,
              47.60872207289565
            ],
            [
              5.425594945399527,
              47.63207432012174
            ],
            [
              5.39980448309253,
              47.597153502136244
            ],
            [
              5.374078595885573,
              47.60454165278582
            ],
            [
              5.354893869684326,
              47.59131447740441
            ],
            [
              5.340003771124325,
              47.609065915523516
            ],
            [
              5.299837418963084,
              47.60492946802028
            ],
            [
              5.252920215668424,
              47.57694786282474
            ],
            [
              5.238668295142944,
              47.597284983235
            ],
            [
              5.239232274239111,
              47.61613009897604
            ],
            [
              5.211414189836741,
              47.64189107719557
            ],
            [
              5.173597037303847,
              47.65256871236608
            ],
            [
              5.178340930532218,
              47.680951862214265
            ],
            [
              5.1282137463189255,
              47.64769555171287
            ],
            [
              5.084909015051583,
              47.65725535909673
            ],
            [
              5.0435872776506425,
              47.676515292793226
            ],
            [
              5.030001604156784,
              47.70940841478221
            ],
            [
              4.992275225837213,
              47.688313503769756
            ],
            [
              4.959844644041361,
              47.69697375959394
            ],
            [
              4.953807643894032,
              47.70691553121908
            ],
            [
              4.971770458339338,
              47.73022100712152
            ],
            [
              4.949610301299183,
              47.765002530384045
            ],
            [
              4.930742567556667,
              47.76133580408352
            ],
            [
              4.918299821120011,
              47.7773135776728
            ],
            [
              4.987227991995704,
              47.8032996343454
            ],
            [
              4.993918239441858,
              47.81957144123197
            ],
            [
              4.9683502146365655,
              47.83194135820226
            ],
            [
              4.9540942495981195,
              47.8667681480835
            ],
            [
              4.9282302679425625,
              47.871121167237085
            ],
            [
              4.928173323343671,
              47.886876403893034
            ],
            [
              4.901848449197037,
              47.921289405231384
            ],
            [
              4.87629817749016,
              47.92022401352716
            ],
            [
              4.857004574909452,
              47.895855881593434
            ],
            [
              4.828942462053263,
              47.915128709594974
            ],
            [
              4.866096820746109,
              47.94050603305215
            ],
            [
              4.845182055142008,
              47.96125251907535
            ],
            [
              4.811007449975246,
              47.95932655708529
            ],
            [
              4.785061370779013,
              47.968869095555945
            ],
            [
              4.794634345104126,
              47.983197869158744
            ],
            [
              4.789083695644797,
              48.00782938255744
            ],
            [
              4.749300809603172,
              48.00425102648959
            ],
            [
              4.719943437560306,
              48.00889645519276
            ],
            [
              4.704238250439468,
              48.0202323762063
            ],
            [
              4.711006682460102,
              48.04991853541924
            ],
            [
              4.688818526238874,
              48.073127919250304
            ],
            [
              4.708492447514134,
              48.10012538889342
            ],
            [
              4.730610406781701,
              48.11820899817677
            ],
            [
              4.7632776797863725,
              48.11550181600475
            ],
            [
              4.8193072949588815,
              48.10319242346332
            ],
            [
              4.835619390228278,
              48.10855609279288
            ],
            [
              4.829291938175258,
              48.129608375504965
            ],
            [
              4.850099917169891,
              48.14175885538576
            ],
            [
              4.837947597948636,
              48.168959717850704
            ],
            [
              4.862104268789182,
              48.19962383107111
            ],
            [
              4.844090578611303,
              48.24161361141823
            ],
            [
              4.857678156974527,
              48.26856300069992
            ],
            [
              4.842390138796092,
              48.28357098511807
            ],
            [
              4.850845034125924,
              48.296245729889414
            ],
            [
              4.814217580453079,
              48.323010826658724
            ],
            [
              4.8414713515268755,
              48.339464111308324
            ],
            [
              4.754719796035579,
              48.36668089354523
            ],
            [
              4.76018751621395,
              48.38761245982979
            ],
            [
              4.700747648353684,
              48.39575121376588
            ],
            [
              4.672923053694571,
              48.44493692940629
            ],
            [
              4.635723724779378,
              48.456919205602716
            ],
            [
              4.6493513522062,
              48.47085769541501
            ],
            [
              4.670183207291811,
              48.53188730232318
            ],
            [
              4.635013531124556,
              48.54446897027231
            ],
            [
              4.6263828171661405,
              48.554547535211604
            ],
            [
              4.576487514925921,
              48.549380130056875
            ],
            [
              4.527473253110997,
              48.52851621730074
            ],
            [
              4.521965785232567,
              48.54505196597459
            ],
            [
              4.49528083286357,
              48.53872358042404
            ],
            [
              4.403076671568411,
              48.561260233656824
            ],
            [
              4.314917546995119,
              48.61621957939382
            ],
            [
              4.331760406442508,
              48.63027354824816
            ],
            [
              4.317329119564903,
              48.65166491720243
            ],
            [
              4.332773350334676,
              48.67058273703408
            ],
            [
              4.3255940122986445,
              48.700277029531
            ],
            [
              4.302615983872354,
              48.71237740647513
            ],
            [
              4.2523956317261185,
              48.708651278525025
            ],
            [
              4.233040648104506,
              48.702313167606725
            ],
            [
              4.161208977574132,
              48.70564270827603
            ],
            [
              4.131090952946843,
              48.68615119823393
            ],
            [
              4.079787822987737,
              48.701118254412116
            ],
            [
              4.058195208802969,
              48.66627477909254
            ],
            [
              4.030051914462845,
              48.65914499071498
            ],
            [
              4.001695483416846,
              48.66387541820995
            ],
            [
              3.98646950961592,
              48.65506991614687
            ],
            [
              3.977230864165596,
              48.632216352927855
            ],
            [
              3.9585488780832865,
              48.622904721543364
            ],
            [
              3.9492402192699783,
              48.60343151995247
            ],
            [
              3.916112422498775,
              48.60703746596832
            ],
            [
              3.9000544029762967,
              48.574837870717545
            ],
            [
              3.872574553060613,
              48.58047608998417
            ],
            [
              3.8586730804738507,
              48.56033634110919
            ],
            [
              3.8655808154248064,
              48.537930954397474
            ],
            [
              3.851404847916241,
              48.523378465573664
            ],
            [
              3.822742058660399,
              48.516104417807576
            ],
            [
              3.7947250716869743,
              48.52769326968686
            ],
            [
              3.7428823405595684,
              48.5336960863688
            ],
            [
              3.7041935334272225,
              48.53348173230274
            ],
            [
              3.688010554935591,
              48.53996363936458
            ],
            [
              3.643639260745969,
              48.536262879171076
            ],
            [
              3.6340147312950517,
              48.54129833541425
            ],
            [
              3.631866148641539,
              48.570977927086886
            ],
            [
              3.6042445587901217,
              48.572452767827976
            ],
            [
              3.579891832495665,
              48.60485886515818
            ],
            [
              3.5556137492385345,
              48.62028467657408
            ],
            [
              3.5190711976645597,
              48.633474580141225
            ],
            [
              3.5174997752390147,
              48.64336703334491
            ],
            [
              3.460426313142606,
              48.65300999879329
            ],
            [
              3.4406134906014127,
              48.6636539025972
            ],
            [
              3.4693877334848082,
              48.68643581459289
            ],
            [
              3.4643028353269045,
              48.707377209765006
            ],
            [
              3.4697275479340295,
              48.73786507384338
            ],
            [
              3.4443842525897947,
              48.73668491350176
            ],
            [
              3.4302049079731773,
              48.756874901226034
            ],
            [
              3.395834526122342,
              48.75925128896011
            ],
            [
              3.409426927872636,
              48.78384005486431
            ],
            [
              3.442913938608982,
              48.78618495446326
            ],
            [
              3.4321733352035433,
              48.81226134369876
            ],
            [
              3.484964362562067,
              48.82500976544345
            ],
            [
              3.4851874436586847,
              48.851908494372864
            ],
            [
              3.5083215469627684,
              48.890402602371054
            ],
            [
              3.528576443116953,
              48.91214102895302
            ],
            [
              3.5738538398044097,
              48.92148321270002
            ],
            [
              3.5744431375994288,
              48.93901643224886
            ],
            [
              3.601964878227183,
              48.94505940416911
            ],
            [
              3.591558411237313,
              48.96037176960385
            ],
            [
              3.620658549289589,
              48.9659439788058
            ],
            [
              3.6387510313501172,
              49.002277384044845
            ],
            [
              3.665158653762439,
              49.00563193481009
            ],
            [
              3.678113179313511,
              49.01690766636074
            ],
            [
              3.663950657450056,
              49.03730898527378
            ],
            [
              3.647726454659581,
              49.04140800760242
            ],
            [
              3.587608670612347,
              49.03381324798993
            ],
            [
              3.5877067932472952,
              49.059394631367105
            ],
            [
              3.6390535019551273,
              49.08130605737889
            ],
            [
              3.6117958918993924,
              49.11808793409194
            ],
            [
              3.6103983127772716,
              49.13550196815309
            ],
            [
              3.622246623748466,
              49.151103693376655
            ],
            [
              3.6534402301896542,
              49.14869065051608
            ],
            [
              3.6838349064164695,
              49.15449185807903
            ],
            [
              3.701623868432638,
              49.14308771135046
            ],
            [
              3.7487650521863713,
              49.15708155419203
            ],
            [
              3.7511478237665794,
              49.17770096615194
            ],
            [
              3.725444039996693,
              49.173515945092305
            ],
            [
              3.704392046963459,
              49.181373023469
            ],
            [
              3.697104870697589,
              49.20547444963648
            ],
            [
              3.662544752146768,
              49.20897792079391
            ],
            [
              3.670777136423702,
              49.23959850877529
            ],
            [
              3.65525456317135,
              49.26285133857558
            ],
            [
              3.6573162286122742,
              49.291023347068474
            ],
            [
              3.643938967409509,
              49.31271547683784
            ],
            [
              3.6989371212574853,
              49.33195284253632
            ],
            [
              3.7422207217091263,
              49.33651301919691
            ],
            [
              3.777534921928809,
              49.35581577743615
            ],
            [
              3.8224705767098395,
              49.35696565512036
            ],
            [
              3.84805797975596,
              49.36391735212325
            ],
            [
              3.8563548292895904,
              49.381163036761194
            ],
            [
              3.837686516500783,
              49.39565820991326
            ],
            [
              3.864856156264051,
              49.40533685972032
            ],
            [
              3.898159524095673,
              49.39324676616779
            ],
            [
              3.9252301838116423,
              49.40757795776365
            ],
            [
              3.9613090288565647,
              49.37734494086453
            ],
            [
              3.9949400464231957,
              49.37789993445056
            ],
            [
              4.0127284202980995,
              49.358299141243386
            ],
            [
              4.035496373111564,
              49.359904159430094
            ],
            [
              4.039913351175735,
              49.397396867183815
            ],
            [
              4.047972977986833,
              49.40564229475753
            ],
            [
              4.0769132710042255,
              49.401612719003566
            ],
            [
              4.188996868487692,
              49.398693325461345
            ],
            [
              4.2013073779715375,
              49.38378396286446
            ],
            [
              4.248321950611529,
              49.38225603439192
            ],
            [
              4.258398145436199,
              49.36351577479519
            ],
            [
              4.290937077765363,
              49.34699963965571
            ],
            [
              4.306756525620349,
              49.32779732810991
            ],
            [
              4.330894078223754,
              49.32715621477832
            ],
            [
              4.3541542998888705,
              49.31616310169742
            ],
            [
              4.376853871003221,
              49.31699430474222
            ],
            [
              4.393424577830647,
              49.29708771300736
            ],
            [
              4.418775444942886,
              49.2851133003246
            ],
            [
              4.459506424178967,
              49.27757864272764
            ],
            [
              4.541215512322572,
              49.28622829426292
            ],
            [
              4.575868215345435,
              49.296651189312385
            ],
            [
              4.594974261377573,
              49.2707300343065
            ],
            [
              4.6058938566008445,
              49.26970402626851
            ],
            [
              4.635511161128344,
              49.232134393917896
            ],
            [
              4.670374586913542,
              49.24151155534761
            ],
            [
              4.686074799511886,
              49.256759043801544
            ],
            [
              4.726823349053574,
              49.25232502044604
            ],
            [
              4.7442321118937505,
              49.2414729109037
            ],
            [
              4.788889603899746,
              49.24134019593029
            ],
            [
              4.815420265730455,
              49.249854960398
            ],
            [
              4.826941205469512,
              49.23576093816036
            ],
            [
              4.86275799597872,
              49.24154352922503
            ],
            [
              4.909606220926124,
              49.26349853270867
            ],
            [
              4.950989232683009,
              49.23686584630137
            ],
            [
              4.964355608998914,
              49.24744898908259
            ],
            [
              5.0490438324721545,
              49.285310734141504
            ],
            [
              5.029829036850663,
              49.31126357145343
            ],
            [
              5.026436999727152,
              49.33591387470532
            ],
            [
              5.053405249590282,
              49.35696721044802
            ],
            [
              5.060208646165214,
              49.3715170366231
            ],
            [
              5.089930289451002,
              49.370323496215384
            ],
            [
              5.10414955392406,
              49.38977780781045
            ],
            [
              5.088196804414101,
              49.40639195324937
            ],
            [
              5.105323165099615,
              49.42524686929281
            ],
            [
              5.083514142411665,
              49.48411961123408
            ],
            [
              5.062396105126222,
              49.49915347170529
            ],
            [
              5.079628538782785,
              49.50986338174908
            ],
            [
              5.100584675318172,
              49.53581688248469
            ],
            [
              5.0894348019213345,
              49.54153840662955
            ],
            [
              5.118278729173794,
              49.59307211738766
            ],
            [
              5.144850262012005,
              49.589890809096836
            ],
            [
              5.162975033383016,
              49.56353425622026
            ],
            [
              5.2130512805303555,
              49.573482704275165
            ],
            [
              5.232756898423872,
              49.56948078917659
            ],
            [
              5.262709976999561,
              49.54181962580043
            ],
            [
              5.311770447172107,
              49.55928969326421
            ],
            [
              5.339875065404366,
              49.59248374512851
            ],
            [
              5.379377254594306,
              49.59433240963621
            ],
            [
              5.393536658328508,
              49.61708773850276
            ],
            [
              5.430990436352139,
              49.592779697501115
            ],
            [
              5.441967127749439,
              49.55082330374587
            ],
            [
              5.465066186620626,
              49.53886525112502
            ],
            [
              5.447572873980034,
              49.517370291127484
            ],
            [
              5.470910130592771,
              49.49720502129504
            ],
            [
              5.541175427366362,
              49.51526468551874
            ],
            [
              5.556054418170868,
              49.529249012712015
            ],
            [
              5.593452750302351,
              49.52190879652461
            ],
            [
              5.615929213702141,
              49.52712694494857
            ],
            [
              5.636796547934622,
              49.54504576700591
            ],
            [
              5.663216639729165,
              49.5527322793671
            ],
            [
              5.701263034650679,
              49.53951786025749
            ],
            [
              5.7325201904510275,
              49.544464906619325
            ],
            [
              5.774412837219823,
              49.56298255279729
            ],
            [
              5.793930405166045,
              49.551240203734956
            ],
            [
              5.8369571912669995,
              49.54247191409379
            ],
            [
              5.836233336445646,
              49.51985372493001
            ],
            [
              5.869093663016168,
              49.49878274863684
            ],
            [
              5.893401083719673,
              49.496909750110916
            ],
            [
              5.939944946897957,
              49.50096978911359
            ],
            [
              5.971783320923806,
              49.4913163055914
            ],
            [
              5.982536594108972,
              49.45105527746582
            ],
            [
              6.02765177650771,
              49.455538917030424
            ],
            [
              6.055623323914133,
              49.46535978168454
            ],
            [
              6.076705098128764,
              49.463656672860225
            ],
            [
              6.123474712997803,
              49.473441852078615
            ],
            [
              6.155249287805073,
              49.50381182382041
            ],
            [
              6.256413026994873,
              49.5100225584692
            ],
            [
              6.279098229910086,
              49.50335719786734
            ],
            [
              6.296571041016304,
              49.480106944913075
            ],
            [
              6.312489363480976,
              49.48032031550801
            ],
            [
              6.364391072331403,
              49.459485597794696
            ],
            [
              6.407623710243866,
              49.4675154675881
            ],
            [
              6.419090928661235,
              49.474937866427084
            ],
            [
              6.470082245543733,
              49.462763723134074
            ],
            [
              6.554360572853942,
              49.41838313208105
            ],
            [
              6.5405283477242735,
              49.401145041619664
            ],
            [
              6.563269082557648,
              49.38828526012536
            ],
            [
              6.587074296882195,
              49.3849358288203
            ],
            [
              6.568452040389599,
              49.3449154814342
            ],
            [
              6.5955807025304996,
              49.33027144782366
            ],
            [
              6.588884741951244,
              49.32209317831749
            ],
            [
              6.6175524843963345,
              49.302169283821854
            ],
            [
              6.638579265784432,
              49.29553478914614
            ],
            [
              6.660330281989145,
              49.26096781243674
            ],
            [
              6.684616608971706,
              49.24231882936001
            ],
            [
              6.694810016062328,
              49.21590718897018
            ],
            [
              6.71965859480421,
              49.22137943216265
            ],
            [
              6.731498100833765,
              49.2060909576377
            ],
            [
              6.711364818806887,
              49.188541683234874
            ],
            [
              6.738512367681464,
              49.16366113912631
            ],
            [
              6.7845550558709675,
              49.168090266711616
            ],
            [
              6.834537718950126,
              49.151466712468384
            ],
            [
              6.8609420718719845,
              49.17871523308854
            ],
            [
              6.851537824818373,
              49.200484084387014
            ],
            [
              6.835378369933188,
              49.21132385245782
            ],
            [
              6.857449193294861,
              49.222275027981475
            ],
            [
              6.885215505575565,
              49.21104948546778
            ],
            [
              6.9354255357579655,
              49.22215593921376
            ],
            [
              6.959285196153518,
              49.20300203966244
            ],
            [
              6.974631643711455,
              49.20981472133559
            ],
            [
              6.998806412798309,
              49.19427844167972
            ],
            [
              7.034324960729169,
              49.189681536322034
            ],
            [
              7.0276480006522135,
              49.17008240822472
            ],
            [
              7.046147533263103,
              49.13856517309118
            ],
            [
              7.054297461807657,
              49.1126326923314
            ],
            [
              7.102777636286391,
              49.140499445767595
            ],
            [
              7.156729211133253,
              49.121305964534294
            ],
            [
              7.183938532639857,
              49.130733985517935
            ],
            [
              7.206632231887248,
              49.123477362718766
            ],
            [
              7.245302859127929,
              49.129807084465035
            ],
            [
              7.282600803455493,
              49.11693169088899
            ],
            [
              7.298652796709717,
              49.117457118012105
            ],
            [
              7.329841252153916,
              49.144944493025186
            ],
            [
              7.36284676727469,
              49.14521917131234
            ],
            [
              7.366092677702596,
              49.172465701358625
            ],
            [
              7.4450608117676325,
              49.18430555508701
            ],
            [
              7.4552291504089965,
              49.16632509495078
            ],
            [
              7.493995166397878,
              49.16963770649743
            ],
            [
              7.492159555313797,
              49.14186210733454
            ],
            [
              7.515445437889962,
              49.12116845523475
            ],
            [
              7.528977470244165,
              49.097207912439856
            ],
            [
              7.569010373147195,
              49.07978656309812
            ],
            [
              7.599982064041664,
              49.08333244993025
            ],
            [
              7.631070828249015,
              49.07018534790654
            ],
            [
              7.635285449703197,
              49.0541613551771
            ],
            [
              7.674493719844778,
              49.045038223564895
            ],
            [
              7.707321827434022,
              49.05405939239169
            ],
            [
              7.732229514556395,
              49.044360193628584
            ],
            [
              7.7694289796184846,
              49.04774245099701
            ],
            [
              7.794587260656014,
              49.065791918907415
            ],
            [
              7.868785609773862,
              49.03415707326486
            ],
            [
              7.8916198759125775,
              49.04759725259064
            ],
            [
              7.91670251003609,
              49.04096826102967
            ],
            [
              7.934626827531663,
              49.05780915030637
            ],
            [
              7.963045952864435,
              49.04293379198175
            ],
            [
              7.980055713019351,
              49.02611958784408
            ],
            [
              7.996711900374363,
              49.02835488426032
            ],
            [
              8.04922031277792,
              49.01418078522583
            ],
            [
              8.091376040143569,
              48.98925821691501
            ],
            [
              8.139803411862454,
              48.9784496512654
            ],
            [
              8.222736022927482,
              48.97597079725059
            ],
            [
              8.232836216038969,
              48.96697753356419
            ],
            [
              8.195800936945588,
              48.956207796670824
            ],
            [
              8.139135858085103,
              48.892894767368645
            ],
            [
              8.124578710186213,
              48.87069214791491
            ],
            [
              8.096320563319823,
              48.810383710147846
            ],
            [
              8.058939302273348,
              48.78881229521909
            ],
            [
              8.029130925797226,
              48.78647637177024
            ],
            [
              8.02282921871248,
              48.7683571613944
            ],
            [
              8.00494993955973,
              48.75878082453401
            ],
            [
              7.969723932850821,
              48.75544146180311
            ],
            [
              7.9631400450945655,
              48.7213530972908
            ],
            [
              7.890886576122132,
              48.663095896501474
            ],
            [
              7.83981724689541,
              48.6413739851056
            ],
            [
              7.828710432304629,
              48.61770955816417
            ],
            [
              7.804169862129346,
              48.59233465434716
            ],
            [
              7.800241352793423,
              48.57868703631089
            ],
            [
              7.807039561191584,
              48.5211033498163
            ],
            [
              7.794703889606317,
              48.50209025324464
            ],
            [
              7.768199002101854,
              48.489657602973395
            ],
            [
              7.764890504178269,
              48.456687573980204
            ],
            [
              7.7359757519993035,
              48.40415792790444
            ],
            [
              7.732004052005759,
              48.375403413096564
            ],
            [
              7.7450285445207925,
              48.33566571677894
            ],
            [
              7.733240771599047,
              48.31779594408542
            ],
            [
              7.703153723776976,
              48.30881155728774
            ],
            [
              7.667802806274936,
              48.223910814462734
            ],
            [
              7.645993836509834,
              48.20894372463805
            ],
            [
              7.628420489829124,
              48.18234169524649
            ],
            [
              7.601153626284707,
              48.15837840879526
            ],
            [
              7.597069643598031,
              48.13314665478638
            ],
            [
              7.577312855212316,
              48.12036852180279
            ]
          ]
        ]
      }
    },
    {
      "type": "Feature",
      "properties": {
        "region": "IDF Est",
        "departements": [
          "94",
          "93",
          "89",
          "77",
          "75",
          "10"
        ]
      },
      "geometry": {
        "type": "Polygon",
        "coordinates": [
          [
            [
              4.2934241069450065,
              47.92567623483797
            ],
            [
              4.311152699462278,
              47.903922726683135
            ],
            [
              4.277339137948259,
              47.89945297805272
            ],
            [
              4.262193864556681,
              47.88395527973197
            ],
            [
              4.2610008241447535,
              47.84385063866699
            ],
            [
              4.300805981058354,
              47.84877161085865
            ],
            [
              4.319285858378513,
              47.83743970579336
            ],
            [
              4.320330919498607,
              47.81169317443553
            ],
            [
              4.340296871154208,
              47.79956664297927
            ],
            [
              4.327231405103721,
              47.78566401630385
            ],
            [
              4.332471702607339,
              47.756511310391986
            ],
            [
              4.289656740825392,
              47.73317231931354
            ],
            [
              4.260502367415732,
              47.74220354600016
            ],
            [
              4.2526277781965405,
              47.716066198902226
            ],
            [
              4.267304312456938,
              47.70164928916197
            ],
            [
              4.258324006422516,
              47.68389555308575
            ],
            [
              4.225637843042874,
              47.67116302241697
            ],
            [
              4.249113979601859,
              47.65949100902422
            ],
            [
              4.212381292101606,
              47.62796570432303
            ],
            [
              4.214168417613283,
              47.602912165808426
            ],
            [
              4.197168115097694,
              47.59802850906373
            ],
            [
              4.17512808182493,
              47.553259163212694
            ],
            [
              4.156528733449272,
              47.55161760512027
            ],
            [
              4.138136112599596,
              47.52153256449299
            ],
            [
              4.112403898450227,
              47.5034970330936
            ],
            [
              4.129760578477719,
              47.47483692093974
            ],
            [
              4.119426533664949,
              47.443553393311014
            ],
            [
              4.066060118363545,
              47.407251287195685
            ],
            [
              4.088307134357006,
              47.39652090232598
            ],
            [
              4.076218510845687,
              47.383480194423754
            ],
            [
              4.106085850126875,
              47.339255985490894
            ],
            [
              4.046432164286821,
              47.339943756300286
            ],
            [
              4.028760221806572,
              47.31557728480351
            ],
            [
              3.999278507688071,
              47.312773725416655
            ],
            [
              3.973097819719344,
              47.332712674420605
            ],
            [
              3.9653529425108722,
              47.3652327054121
            ],
            [
              3.944243142987652,
              47.38021568332925
            ],
            [
              3.9087922026053734,
              47.38205569491613
            ],
            [
              3.8867653218201808,
              47.3645805378824
            ],
            [
              3.8718702934595615,
              47.36693490948858
            ],
            [
              3.8635369268343536,
              47.395841532600606
            ],
            [
              3.8933965172489198,
              47.410290156628015
            ],
            [
              3.878310953801514,
              47.42929226716236
            ],
            [
              3.851506603080638,
              47.43558613394464
            ],
            [
              3.8443762508505244,
              47.41082738551116
            ],
            [
              3.8217875906686545,
              47.402796919032404
            ],
            [
              3.818472205441228,
              47.380187941025326
            ],
            [
              3.785647440559844,
              47.39054224193822
            ],
            [
              3.774605414302544,
              47.40619956994621
            ],
            [
              3.74055092250182,
              47.39650073819435
            ],
            [
              3.7147823454353084,
              47.406834666623176
            ],
            [
              3.6789914842274665,
              47.445533677873506
            ],
            [
              3.580113356556516,
              47.46490071648911
            ],
            [
              3.5806168100615214,
              47.49786323631363
            ],
            [
              3.553140570878716,
              47.50232679103883
            ],
            [
              3.5135049928892266,
              47.527668013741454
            ],
            [
              3.50460694021663,
              47.557934222629186
            ],
            [
              3.492366537968952,
              47.56012889108053
            ],
            [
              3.488276701493949,
              47.493830911376975
            ],
            [
              3.437164175942187,
              47.50799559642577
            ],
            [
              3.3972880002653882,
              47.508867495938276
            ],
            [
              3.3807002450190415,
              47.48729175533955
            ],
            [
              3.3395269332726487,
              47.47816523272086
            ],
            [
              3.2852515362929866,
              47.50393862662616
            ],
            [
              3.2721566613710795,
              47.49154765493751
            ],
            [
              3.2354902376938353,
              47.4891790840854
            ],
            [
              3.2046491761957805,
              47.522966343570126
            ],
            [
              3.165190757880271,
              47.51750199807388
            ],
            [
              3.1350763394879597,
              47.5419077972082
            ],
            [
              3.102009918822544,
              47.58795615956075
            ],
            [
              3.080558427544962,
              47.5854885999859
            ],
            [
              3.059199650745983,
              47.56884905584853
            ],
            [
              3.0187759740569513,
              47.55731386824091
            ],
            [
              2.9765380120036067,
              47.56942879709582
            ],
            [
              2.9622747369522457,
              47.57678810211018
            ],
            [
              2.9403094506517125,
              47.60348550057479
            ],
            [
              2.936290512560618,
              47.63665230316903
            ],
            [
              2.954234275262721,
              47.64577868896602
            ],
            [
              2.9181549279743337,
              47.66979136771246
            ],
            [
              2.911669508308486,
              47.69146053421784
            ],
            [
              2.858973240721994,
              47.71131839341009
            ],
            [
              2.848796639073614,
              47.72588667336868
            ],
            [
              2.8566660682192713,
              47.76092647077394
            ],
            [
              2.9145173600355263,
              47.76938033260984
            ],
            [
              2.9496989968031038,
              47.76587258709822
            ],
            [
              2.954736881556772,
              47.77555900512353
            ],
            [
              2.988221260489061,
              47.78603448891204
            ],
            [
              3.023798094359226,
              47.78655467899923
            ],
            [
              3.0281191130010834,
              47.80064806639638
            ],
            [
              3.0125379851547156,
              47.834374131761656
            ],
            [
              3.0297012521374107,
              47.83508204151216
            ],
            [
              3.029058320822418,
              47.857123076441624
            ],
            [
              3.0053630487182557,
              47.86404745363208
            ],
            [
              3.00722631015934,
              47.895294555605346
            ],
            [
              3.0646112850926173,
              47.93051941081648
            ],
            [
              3.0784722436737018,
              47.93141992007049
            ],
            [
              3.1284501214452565,
              47.97097324034548
            ],
            [
              3.1245523178040195,
              48.006029252910174
            ],
            [
              3.1040899600034066,
              48.01354534990655
            ],
            [
              3.0883177986514796,
              48.05393639481059
            ],
            [
              3.0504714242752176,
              48.072334131124755
            ],
            [
              3.0498962046090887,
              48.088837886069456
            ],
            [
              3.0294654865478936,
              48.13320717199774
            ],
            [
              2.990882804955562,
              48.15249378691091
            ],
            [
              2.9712637126470374,
              48.15183377076339
            ],
            [
              2.936314411640624,
              48.1633917441478
            ],
            [
              2.868032820232008,
              48.156433549044586
            ],
            [
              2.8208799789852854,
              48.12966447731962
            ],
            [
              2.7978126665223124,
              48.14068615599144
            ],
            [
              2.7989445730680167,
              48.16827665010273
            ],
            [
              2.7414685556447598,
              48.15977844911796
            ],
            [
              2.7551983055667155,
              48.145653478490786
            ],
            [
              2.720460981753342,
              48.136910896310766
            ],
            [
              2.7065470696044738,
              48.12481924580505
            ],
            [
              2.6634205012712795,
              48.12220248073456
            ],
            [
              2.6397338993017683,
              48.1388605931352
            ],
            [
              2.602684217604197,
              48.13148889808521
            ],
            [
              2.570562642830993,
              48.14081569138084
            ],
            [
              2.537506945660482,
              48.14033979679666
            ],
            [
              2.521518685158647,
              48.127300215727736
            ],
            [
              2.4903153051303115,
              48.12660259180864
            ],
            [
              2.460116447222927,
              48.13685254342551
            ],
            [
              2.4832376593500602,
              48.164518230078265
            ],
            [
              2.5063270278885916,
              48.15643757520199
            ],
            [
              2.5093663344872534,
              48.18250926382449
            ],
            [
              2.523126693688509,
              48.19489310648136
            ],
            [
              2.5068882455094257,
              48.22598658432872
            ],
            [
              2.4690901704508605,
              48.255272821570486
            ],
            [
              2.452518016092004,
              48.25003251288878
            ],
            [
              2.4237635277023717,
              48.260297326582666
            ],
            [
              2.4210918870276967,
              48.298668261849855
            ],
            [
              2.402664267131608,
              48.320719459421184
            ],
            [
              2.4255796854392964,
              48.33725297618987
            ],
            [
              2.4298322285044196,
              48.362015783117755
            ],
            [
              2.46921772462766,
              48.37645004114287
            ],
            [
              2.5216135704659886,
              48.404932172570405
            ],
            [
              2.527461927309532,
              48.4157156753841
            ],
            [
              2.50765489240467,
              48.429543907057045
            ],
            [
              2.501886311020425,
              48.48476669856557
            ],
            [
              2.51535674995086,
              48.50615222035927
            ],
            [
              2.49952467433224,
              48.52523904800114
            ],
            [
              2.5198364478476627,
              48.5625203315344
            ],
            [
              2.5182770284128475,
              48.5832577878723
            ],
            [
              2.543776514406961,
              48.60384977114558
            ],
            [
              2.5258433805130944,
              48.61310782203827
            ],
            [
              2.53361600680745,
              48.65733138882678
            ],
            [
              2.544818846722052,
              48.671181815072785
            ],
            [
              2.585373689362236,
              48.67939805001862
            ],
            [
              2.571660318442073,
              48.69201409164602
            ],
            [
              2.5538667808447078,
              48.68832401270366
            ],
            [
              2.531076672373326,
              48.69978570765512
            ],
            [
              2.5157508385679277,
              48.72893861768784
            ],
            [
              2.5035365695581286,
              48.735211482171685
            ],
            [
              2.454965343815732,
              48.72228146116879
            ],
            [
              2.4141357629081504,
              48.71799549181414
            ],
            [
              2.3707067322771356,
              48.720175922532974
            ],
            [
              2.3546837090965482,
              48.73856509020945
            ],
            [
              2.3207180175230313,
              48.74875623508064
            ],
            [
              2.3087015923862384,
              48.75541506900493
            ],
            [
              2.3258120232145614,
              48.78191098020334
            ],
            [
              2.318696288355829,
              48.78799561087479
            ],
            [
              2.3318953139887446,
              48.81701271305569
            ],
            [
              2.2790573794463054,
              48.83248998498127
            ],
            [
              2.2242245702250814,
              48.85351605360998
            ],
            [
              2.2317363464837308,
              48.869069480870024
            ],
            [
              2.258472586492028,
              48.88038999464371
            ],
            [
              2.277487004862913,
              48.87797011937597
            ],
            [
              2.319884458526643,
              48.90045886733916
            ],
            [
              2.3198186459199985,
              48.91593565477114
            ],
            [
              2.3363515897545497,
              48.93235062393098
            ],
            [
              2.3269700232985637,
              48.94536493100808
            ],
            [
              2.2909735732251613,
              48.950966788077196
            ],
            [
              2.2989593311869005,
              48.96630137751687
            ],
            [
              2.333312950123798,
              48.95538233563509
            ],
            [
              2.344102277288972,
              48.96823838528235
            ],
            [
              2.3845399290016545,
              48.970997610129494
            ],
            [
              2.407383854100793,
              48.95612202818259
            ],
            [
              2.4594899596115933,
              48.95504632683333
            ],
            [
              2.4673283497589793,
              48.96433475385722
            ],
            [
              2.5147706684191236,
              48.9822601449233
            ],
            [
              2.5322426864128684,
              49.005223756710706
            ],
            [
              2.55306064485419,
              49.0098171174389
            ],
            [
              2.547651942231624,
              49.02344674891678
            ],
            [
              2.587858904546535,
              49.04990157898905
            ],
            [
              2.572031573014404,
              49.06149045194861
            ],
            [
              2.5905242793946224,
              49.079654846732424
            ],
            [
              2.633272965218076,
              49.10837621896302
            ],
            [
              2.673154178752123,
              49.090859401094306
            ],
            [
              2.7067286108537023,
              49.06571610231719
            ],
            [
              2.753551034147009,
              49.06074104171223
            ],
            [
              2.7870683167938073,
              49.075272380356054
            ],
            [
              2.7918669791571764,
              49.090224385649144
            ],
            [
              2.845152480122472,
              49.0846582975852
            ],
            [
              2.8560893422319023,
              49.07003394285967
            ],
            [
              2.8949540105299616,
              49.077060509386286
            ],
            [
              2.9015078805206906,
              49.08537404257291
            ],
            [
              2.974612129302612,
              49.07483790651457
            ],
            [
              3.0085155429257675,
              49.09151015780461
            ],
            [
              3.0483639955943445,
              49.086321770811566
            ],
            [
              3.071884293834167,
              49.117554218816146
            ],
            [
              3.1039032023368676,
              49.10783847337312
            ],
            [
              3.1361260876735515,
              49.10736575572267
            ],
            [
              3.16523032905892,
              49.09965085798759
            ],
            [
              3.1535840813505853,
              49.08328424779814
            ],
            [
              3.1818268776645002,
              49.060865198640144
            ],
            [
              3.1682883590774806,
              49.01667270236993
            ],
            [
              3.229176905886298,
              48.98841784600257
            ],
            [
              3.2518351589230496,
              48.97236625695047
            ],
            [
              3.2678460373508416,
              48.938331129104206
            ],
            [
              3.3047494707754015,
              48.94876427894454
            ],
            [
              3.3130758740800688,
              48.9212163651494
            ],
            [
              3.3302994547269797,
              48.908706088642376
            ],
            [
              3.3663472431751384,
              48.922836905893014
            ],
            [
              3.3828132392962247,
              48.88874725594759
            ],
            [
              3.380474508825688,
              48.874761432854626
            ],
            [
              3.404630766733507,
              48.86387236235099
            ],
            [
              3.452232416190477,
              48.856291455303484
            ],
            [
              3.4607105852412756,
              48.83944139457446
            ],
            [
              3.4851874436586847,
              48.851908494372864
            ],
            [
              3.484964362562067,
              48.82500976544345
            ],
            [
              3.4321733352035433,
              48.81226134369876
            ],
            [
              3.442913938608982,
              48.78618495446326
            ],
            [
              3.409426927872636,
              48.78384005486431
            ],
            [
              3.395834526122342,
              48.75925128896011
            ],
            [
              3.4302049079731773,
              48.756874901226034
            ],
            [
              3.4443842525897947,
              48.73668491350176
            ],
            [
              3.4697275479340295,
              48.73786507384338
            ],
            [
              3.4643028353269045,
              48.707377209765006
            ],
            [
              3.4693877334848082,
              48.68643581459289
            ],
            [
              3.4406134906014127,
              48.6636539025972
            ],
            [
              3.460426313142606,
              48.65300999879329
            ],
            [
              3.5174997752390147,
              48.64336703334491
            ],
            [
              3.5190711976645597,
              48.633474580141225
            ],
            [
              3.5556137492385345,
              48.62028467657408
            ],
            [
              3.579891832495665,
              48.60485886515818
            ],
            [
              3.6042445587901217,
              48.572452767827976
            ],
            [
              3.631866148641539,
              48.570977927086886
            ],
            [
              3.6340147312950517,
              48.54129833541425
            ],
            [
              3.643639260745969,
              48.536262879171076
            ],
            [
              3.688010554935591,
              48.53996363936458
            ],
            [
              3.7041935334272225,
              48.53348173230274
            ],
            [
              3.7428823405595684,
              48.5336960863688
            ],
            [
              3.7947250716869743,
              48.52769326968686
            ],
            [
              3.822742058660399,
              48.516104417807576
            ],
            [
              3.851404847916241,
              48.523378465573664
            ],
            [
              3.8655808154248064,
              48.537930954397474
            ],
            [
              3.8586730804738507,
              48.56033634110919
            ],
            [
              3.872574553060613,
              48.58047608998417
            ],
            [
              3.9000544029762967,
              48.574837870717545
            ],
            [
              3.916112422498775,
              48.60703746596832
            ],
            [
              3.9492402192699783,
              48.60343151995247
            ],
            [
              3.9585488780832865,
              48.622904721543364
            ],
            [
              3.977230864165596,
              48.632216352927855
            ],
            [
              3.98646950961592,
              48.65506991614687
            ],
            [
              4.001695483416846,
              48.66387541820995
            ],
            [
              4.030051914462845,
              48.65914499071498
            ],
            [
              4.058195208802969,
              48.66627477909254
            ],
            [
              4.079787822987737,
              48.701118254412116
            ],
            [
              4.131090952946843,
              48.68615119823393
            ],
            [
              4.161208977574132,
              48.70564270827603
            ],
            [
              4.233040648104506,
              48.702313167606725
            ],
            [
              4.2523956317261185,
              48.708651278525025
            ],
            [
              4.302615983872354,
              48.71237740647513
            ],
            [
              4.3255940122986445,
              48.700277029531
            ],
            [
              4.332773350334676,
              48.67058273703408
            ],
            [
              4.317329119564903,
              48.65166491720243
            ],
            [
              4.331760406442508,
              48.63027354824816
            ],
            [
              4.314917546995119,
              48.61621957939382
            ],
            [
              4.403076671568411,
              48.561260233656824
            ],
            [
              4.49528083286357,
              48.53872358042404
            ],
            [
              4.521965785232567,
              48.54505196597459
            ],
            [
              4.527473253110997,
              48.52851621730074
            ],
            [
              4.576487514925921,
              48.549380130056875
            ],
            [
              4.6263828171661405,
              48.554547535211604
            ],
            [
              4.635013531124556,
              48.54446897027231
            ],
            [
              4.670183207291811,
              48.53188730232318
            ],
            [
              4.6493513522062,
              48.47085769541501
            ],
            [
              4.635723724779378,
              48.456919205602716
            ],
            [
              4.672923053694571,
              48.44493692940629
            ],
            [
              4.700747648353684,
              48.39575121376588
            ],
            [
              4.76018751621395,
              48.38761245982979
            ],
            [
              4.754719796035579,
              48.36668089354523
            ],
            [
              4.8414713515268755,
              48.339464111308324
            ],
            [
              4.814217580453079,
              48.323010826658724
            ],
            [
              4.850845034125924,
              48.296245729889414
            ],
            [
              4.842390138796092,
              48.28357098511807
            ],
            [
              4.857678156974527,
              48.26856300069992
            ],
            [
              4.844090578611303,
              48.24161361141823
            ],
            [
              4.862104268789182,
              48.19962383107111
            ],
            [
              4.837947597948636,
              48.168959717850704
            ],
            [
              4.850099917169891,
              48.14175885538576
            ],
            [
              4.829291938175258,
              48.129608375504965
            ],
            [
              4.835619390228278,
              48.10855609279288
            ],
            [
              4.8193072949588815,
              48.10319242346332
            ],
            [
              4.7632776797863725,
              48.11550181600475
            ],
            [
              4.730610406781701,
              48.11820899817677
            ],
            [
              4.708492447514134,
              48.10012538889342
            ],
            [
              4.688818526238874,
              48.073127919250304
            ],
            [
              4.711006682460102,
              48.04991853541924
            ],
            [
              4.704238250439468,
              48.0202323762063
            ],
            [
              4.67322963618766,
              48.015051709502096
            ],
            [
              4.6168068514656495,
              48.031366971594
            ],
            [
              4.582678644289108,
              48.02946360186476
            ],
            [
              4.535820168596839,
              48.001210026464854
            ],
            [
              4.5599688756782095,
              47.97142319625819
            ],
            [
              4.518171359735413,
              47.96658777645795
            ],
            [
              4.4932784015747025,
              47.96880579277352
            ],
            [
              4.448998378066956,
              47.957154747571174
            ],
            [
              4.414346270874161,
              47.968206710901
            ],
            [
              4.351286047683726,
              47.95658154025503
            ],
            [
              4.3090036167800365,
              47.96117328277752
            ],
            [
              4.2934241069450065,
              47.92567623483797
            ]
          ]
        ]
      }
    },
    {
      "type": "Feature",
      "properties": {
        "region": "IDF Ouest",
        "departements": [
          "95",
          "92",
          "78"
        ]
      },
      "geometry": {
        "type": "Polygon",
        "coordinates": [
          [
            [
              2.2265593271545225,
              48.77610203162176
            ],
            [
              2.2027216574242257,
              48.771358218371454
            ],
            [
              2.1820096609166937,
              48.757573640869396
            ],
            [
              2.150675004182983,
              48.753712115449396
            ],
            [
              2.1349798974354277,
              48.737139276053675
            ],
            [
              2.097999010182745,
              48.73436502883337
            ],
            [
              2.1103326928214208,
              48.714381141190366
            ],
            [
              2.0820789629661083,
              48.68544592956703
            ],
            [
              2.0456590375105823,
              48.687570739614664
            ],
            [
              2.0178852678544255,
              48.64224227868909
            ],
            [
              2.0602445240702307,
              48.6175941143781
            ],
            [
              2.034508920154608,
              48.603498748150024
            ],
            [
              2.035741451799255,
              48.58886342431221
            ],
            [
              2.0172296562124665,
              48.56946047379915
            ],
            [
              2.01757406029729,
              48.55759738742344
            ],
            [
              1.9787832030076382,
              48.553654167165384
            ],
            [
              1.9378872442847588,
              48.562931040710545
            ],
            [
              1.9340684230182927,
              48.54810690246857
            ],
            [
              1.9674261909808515,
              48.53307136184394
            ],
            [
              1.9460308303104135,
              48.515862147920664
            ],
            [
              1.933377950693106,
              48.482146422725215
            ],
            [
              1.9149145708790403,
              48.473854949789406
            ],
            [
              1.9221489648373706,
              48.457600286064135
            ],
            [
              1.9064022701801788,
              48.44014576962788
            ],
            [
              1.8716851573650342,
              48.43978475842447
            ],
            [
              1.84486306037181,
              48.4493607065379
            ],
            [
              1.8321369890615689,
              48.467581442678565
            ],
            [
              1.8032057888939028,
              48.472565678495286
            ],
            [
              1.7768442507697113,
              48.50931096191216
            ],
            [
              1.775751488475668,
              48.52770729661422
            ],
            [
              1.7872450519775867,
              48.55374456486673
            ],
            [
              1.7653297161980415,
              48.56937104099974
            ],
            [
              1.7092527874670105,
              48.57802434626235
            ],
            [
              1.7019890546581085,
              48.58499862181419
            ],
            [
              1.714895681919355,
              48.61439494545783
            ],
            [
              1.6662188615195896,
              48.613706715891
            ],
            [
              1.651574528306872,
              48.63812870428749
            ],
            [
              1.603118482168126,
              48.66241796207503
            ],
            [
              1.6117708691618606,
              48.68947111646258
            ],
            [
              1.579545829918285,
              48.70181187348942
            ],
            [
              1.6263993499269267,
              48.748094297484094
            ],
            [
              1.5875947031508344,
              48.773602302755286
            ],
            [
              1.5756742260519878,
              48.7905067944881
            ],
            [
              1.5912030850964909,
              48.814869639400584
            ],
            [
              1.5772685877162862,
              48.84436076548629
            ],
            [
              1.581598875031263,
              48.85499897015231
            ],
            [
              1.5462315883376268,
              48.87242890235984
            ],
            [
              1.5595052783343866,
              48.88205164409549
            ],
            [
              1.5385208308731109,
              48.90668492167043
            ],
            [
              1.5386150005667363,
              48.92179645733065
            ],
            [
              1.5073440226070087,
              48.927598989147334
            ],
            [
              1.5015238197988665,
              48.94105360615515
            ],
            [
              1.4974212515808907,
              48.97955944476306
            ],
            [
              1.477085024550759,
              48.978790316157344
            ],
            [
              1.4770779834042216,
              49.01679764336922
            ],
            [
              1.4577625828067995,
              49.026291046220386
            ],
            [
              1.4474328265726297,
              49.04518805211747
            ],
            [
              1.4607983669865394,
              49.0627440580796
            ],
            [
              1.4848834480593345,
              49.05154791492779
            ],
            [
              1.5380423840651944,
              49.072342033316
            ],
            [
              1.5570756944651978,
              49.06962240086733
            ],
            [
              1.6017185942276444,
              49.08450261108525
            ],
            [
              1.6087960706299218,
              49.07789415353795
            ],
            [
              1.6350518648476458,
              49.11430020855939
            ],
            [
              1.655777439712795,
              49.13016217033744
            ],
            [
              1.6643738026115165,
              49.15336752369717
            ],
            [
              1.674090204376027,
              49.210248479159524
            ],
            [
              1.7043642065965865,
              49.232201775163404
            ],
            [
              1.7341091564710822,
              49.221278789282294
            ],
            [
              1.7421373979981678,
              49.18015527802457
            ],
            [
              1.755165127607803,
              49.17454501384096
            ],
            [
              1.7954686863275515,
              49.18525912523885
            ],
            [
              1.845548847714221,
              49.169897638882595
            ],
            [
              1.877040859056052,
              49.17144524902654
            ],
            [
              1.8852389528169067,
              49.16263786454188
            ],
            [
              1.9314802344723212,
              49.17417045483985
            ],
            [
              1.9607171449401366,
              49.173518197205695
            ],
            [
              1.973760882151743,
              49.18378113635129
            ],
            [
              2.0006083248213287,
              49.175708039448175
            ],
            [
              2.0749104023995684,
              49.20868708172066
            ],
            [
              2.0968812642737786,
              49.18975715797898
            ],
            [
              2.1327389034606554,
              49.191378260554046
            ],
            [
              2.1819500283812623,
              49.17367773782481
            ],
            [
              2.218650036331584,
              49.180682600571025
            ],
            [
              2.252488213818398,
              49.15288152246086
            ],
            [
              2.2864129770481765,
              49.15992057659305
            ],
            [
              2.3109290446865427,
              49.18640655833579
            ],
            [
              2.3462570508145517,
              49.161815824563625
            ],
            [
              2.3912888696248515,
              49.14934773205012
            ],
            [
              2.4131026213629148,
              49.152351151856486
            ],
            [
              2.471584849664169,
              49.13543134509872
            ],
            [
              2.5032579551258722,
              49.11758406300134
            ],
            [
              2.4899309091229616,
              49.10636117791936
            ],
            [
              2.5581713639343153,
              49.09838623642425
            ],
            [
              2.5905242793946224,
              49.079654846732424
            ],
            [
              2.572031573014404,
              49.06149045194861
            ],
            [
              2.587858904546535,
              49.04990157898905
            ],
            [
              2.547651942231624,
              49.02344674891678
            ],
            [
              2.55306064485419,
              49.0098171174389
            ],
            [
              2.5322426864128684,
              49.005223756710706
            ],
            [
              2.5147706684191236,
              48.9822601449233
            ],
            [
              2.4673283497589793,
              48.96433475385722
            ],
            [
              2.4594899596115933,
              48.95504632683333
            ],
            [
              2.407383854100793,
              48.95612202818259
            ],
            [
              2.3845399290016545,
              48.970997610129494
            ],
            [
              2.344102277288972,
              48.96823838528235
            ],
            [
              2.333312950123798,
              48.95538233563509
            ],
            [
              2.2989593311869005,
              48.96630137751687
            ],
            [
              2.2909735732251613,
              48.950966788077196
            ],
            [
              2.3269700232985637,
              48.94536493100808
            ],
            [
              2.3363515897545497,
              48.93235062393098
            ],
            [
              2.3198186459199985,
              48.91593565477114
            ],
            [
              2.319884458526643,
              48.90045886733916
            ],
            [
              2.277487004862913,
              48.87797011937597
            ],
            [
              2.258472586492028,
              48.88038999464371
            ],
            [
              2.2317363464837308,
              48.869069480870024
            ],
            [
              2.2242245702250814,
              48.85351605360998
            ],
            [
              2.2790573794463054,
              48.83248998498127
            ],
            [
              2.3318953139887446,
              48.81701271305569
            ],
            [
              2.318696288355829,
              48.78799561087479
            ],
            [
              2.3258120232145614,
              48.78191098020334
            ],
            [
              2.3087015923862384,
              48.75541506900493
            ],
            [
              2.3207180175230313,
              48.74875623508064
            ],
            [
              2.314443701257945,
              48.7304256109259
            ],
            [
              2.2649238096212745,
              48.76144968716666
            ],
            [
              2.2329784335715455,
              48.76619570460062
            ],
            [
              2.2265593271545225,
              48.77610203162176
            ]
          ]
        ]
      }
    },
    {
      "type": "Feature",
      "properties": {
        "region": "IDF Sud",
        "departements": [
          "91",
          "45",
          "41"
        ]
      },
      "geometry": {
        "type": "Polygon",
        "coordinates": [
          [
            [
              0.8412172317044129,
              48.10306240932052
            ],
            [
              0.8758906410789156,
              48.10943550861685
            ],
            [
              0.8909295923841402,
              48.10206310395515
            ],
            [
              0.9440295929845693,
              48.11237193590575
            ],
            [
              0.9502768856001645,
              48.09927549241419
            ],
            [
              0.9813105576003316,
              48.119560230186515
            ],
            [
              1.012548026499917,
              48.132548614185936
            ],
            [
              1.0387342870949972,
              48.13165484141439
            ],
            [
              1.0456264025684945,
              48.11762847776995
            ],
            [
              0.9915488801693668,
              48.09741164653938
            ],
            [
              1.0085477409246668,
              48.0831267789959
            ],
            [
              1.0260026950898764,
              48.088407307781466
            ],
            [
              1.1031936171142485,
              48.08108800423722
            ],
            [
              1.122713770015408,
              48.035980030467925
            ],
            [
              1.1666303937374705,
              48.02739182079259
            ],
            [
              1.1695601007353318,
              48.00668912927458
            ],
            [
              1.2096430686639739,
              47.96850051668402
            ],
            [
              1.2456512469484482,
              47.979278052584
            ],
            [
              1.262653160836444,
              47.96284180147032
            ],
            [
              1.2995800659732568,
              47.96816150698365
            ],
            [
              1.3086281518302283,
              47.953853799768815
            ],
            [
              1.343701298620938,
              47.957530775683054
            ],
            [
              1.3700158222874876,
              47.95374905485532
            ],
            [
              1.3869462890722553,
              47.9812831788851
            ],
            [
              1.4068828320031919,
              47.97009659263769
            ],
            [
              1.4372409526093535,
              47.9764987201296
            ],
            [
              1.4396560496498594,
              48.01194932329023
            ],
            [
              1.5201238283340488,
              47.982278476987
            ],
            [
              1.5266687471482352,
              48.00726560320355
            ],
            [
              1.512975755811939,
              48.02872178084264
            ],
            [
              1.545306911308587,
              48.0445885217016
            ],
            [
              1.5941156652809598,
              48.03069992074373
            ],
            [
              1.6138290938946773,
              48.04498314926178
            ],
            [
              1.6245928719693987,
              48.067222742913955
            ],
            [
              1.6556783876479508,
              48.076176598146596
            ],
            [
              1.6789955266507441,
              48.065829398062704
            ],
            [
              1.7448338583126362,
              48.0661443495906
            ],
            [
              1.797975547328593,
              48.07686831186792
            ],
            [
              1.8656712589157682,
              48.08385719871519
            ],
            [
              1.8843851938361136,
              48.097661066466635
            ],
            [
              1.9010631123528121,
              48.129720309688054
            ],
            [
              1.920402814020387,
              48.14638533996389
            ],
            [
              1.9033398897931277,
              48.152806309750886
            ],
            [
              1.9250485316689847,
              48.17448662149941
            ],
            [
              1.9514550396684471,
              48.18958117854365
            ],
            [
              1.9625953467362638,
              48.22259665048149
            ],
            [
              1.9654790051841269,
              48.255466245296866
            ],
            [
              1.9878756044776544,
              48.268707563969706
            ],
            [
              1.9940847180593788,
              48.286585877943075
            ],
            [
              1.9752916566344318,
              48.28719843612737
            ],
            [
              1.9592272366957604,
              48.308689574530625
            ],
            [
              1.9799848326906437,
              48.31848007972407
            ],
            [
              1.9699915637784469,
              48.33969146951863
            ],
            [
              1.9868210109251592,
              48.36214189229105
            ],
            [
              1.9734600276085819,
              48.38883055198841
            ],
            [
              1.9765777946992387,
              48.39938447447991
            ],
            [
              1.9258935288275238,
              48.412738189076535
            ],
            [
              1.940657409608177,
              48.42520626181189
            ],
            [
              1.9221489648373706,
              48.457600286064135
            ],
            [
              1.9149145708790403,
              48.473854949789406
            ],
            [
              1.933377950693106,
              48.482146422725215
            ],
            [
              1.9460308303104135,
              48.515862147920664
            ],
            [
              1.9674261909808515,
              48.53307136184394
            ],
            [
              1.9340684230182927,
              48.54810690246857
            ],
            [
              1.9378872442847588,
              48.562931040710545
            ],
            [
              1.9787832030076382,
              48.553654167165384
            ],
            [
              2.01757406029729,
              48.55759738742344
            ],
            [
              2.0172296562124665,
              48.56946047379915
            ],
            [
              2.035741451799255,
              48.58886342431221
            ],
            [
              2.034508920154608,
              48.603498748150024
            ],
            [
              2.0602445240702307,
              48.6175941143781
            ],
            [
              2.0178852678544255,
              48.64224227868909
            ],
            [
              2.0456590375105823,
              48.687570739614664
            ],
            [
              2.0820789629661083,
              48.68544592956703
            ],
            [
              2.1103326928214208,
              48.714381141190366
            ],
            [
              2.097999010182745,
              48.73436502883337
            ],
            [
              2.1349798974354277,
              48.737139276053675
            ],
            [
              2.150675004182983,
              48.753712115449396
            ],
            [
              2.1820096609166937,
              48.757573640869396
            ],
            [
              2.2027216574242257,
              48.771358218371454
            ],
            [
              2.2265593271545225,
              48.77610203162176
            ],
            [
              2.2329784335715455,
              48.76619570460062
            ],
            [
              2.2649238096212745,
              48.76144968716666
            ],
            [
              2.314443701257945,
              48.7304256109259
            ],
            [
              2.3207180175230313,
              48.74875623508064
            ],
            [
              2.3546837090965482,
              48.73856509020945
            ],
            [
              2.3707067322771356,
              48.720175922532974
            ],
            [
              2.4141357629081504,
              48.71799549181414
            ],
            [
              2.454965343815732,
              48.72228146116879
            ],
            [
              2.5035365695581286,
              48.735211482171685
            ],
            [
              2.5157508385679277,
              48.72893861768784
            ],
            [
              2.531076672373326,
              48.69978570765512
            ],
            [
              2.5538667808447078,
              48.68832401270366
            ],
            [
              2.571660318442073,
              48.69201409164602
            ],
            [
              2.585373689362236,
              48.67939805001862
            ],
            [
              2.544818846722052,
              48.671181815072785
            ],
            [
              2.53361600680745,
              48.65733138882678
            ],
            [
              2.5258433805130944,
              48.61310782203827
            ],
            [
              2.543776514406961,
              48.60384977114558
            ],
            [
              2.5182770284128475,
              48.5832577878723
            ],
            [
              2.5198364478476627,
              48.5625203315344
            ],
            [
              2.49952467433224,
              48.52523904800114
            ],
            [
              2.51535674995086,
              48.50615222035927
            ],
            [
              2.501886311020425,
              48.48476669856557
            ],
            [
              2.50765489240467,
              48.429543907057045
            ],
            [
              2.527461927309532,
              48.4157156753841
            ],
            [
              2.5216135704659886,
              48.404932172570405
            ],
            [
              2.46921772462766,
              48.37645004114287
            ],
            [
              2.4298322285044196,
              48.362015783117755
            ],
            [
              2.4255796854392964,
              48.33725297618987
            ],
            [
              2.402664267131608,
              48.320719459421184
            ],
            [
              2.4210918870276967,
              48.298668261849855
            ],
            [
              2.4237635277023717,
              48.260297326582666
            ],
            [
              2.452518016092004,
              48.25003251288878
            ],
            [
              2.4690901704508605,
              48.255272821570486
            ],
            [
              2.5068882455094257,
              48.22598658432872
            ],
            [
              2.523126693688509,
              48.19489310648136
            ],
            [
              2.5093663344872534,
              48.18250926382449
            ],
            [
              2.5063270278885916,
              48.15643757520199
            ],
            [
              2.4832376593500602,
              48.164518230078265
            ],
            [
              2.460116447222927,
              48.13685254342551
            ],
            [
              2.4903153051303115,
              48.12660259180864
            ],
            [
              2.521518685158647,
              48.127300215727736
            ],
            [
              2.537506945660482,
              48.14033979679666
            ],
            [
              2.570562642830993,
              48.14081569138084
            ],
            [
              2.602684217604197,
              48.13148889808521
            ],
            [
              2.6397338993017683,
              48.1388605931352
            ],
            [
              2.6634205012712795,
              48.12220248073456
            ],
            [
              2.7065470696044738,
              48.12481924580505
            ],
            [
              2.720460981753342,
              48.136910896310766
            ],
            [
              2.7551983055667155,
              48.145653478490786
            ],
            [
              2.7414685556447598,
              48.15977844911796
            ],
            [
              2.7989445730680167,
              48.16827665010273
            ],
            [
              2.7978126665223124,
              48.14068615599144
            ],
            [
              2.8208799789852854,
              48.12966447731962
            ],
            [
              2.868032820232008,
              48.156433549044586
            ],
            [
              2.936314411640624,
              48.1633917441478
            ],
            [
              2.9712637126470374,
              48.15183377076339
            ],
            [
              2.990882804955562,
              48.15249378691091
            ],
            [
              3.0294654865478936,
              48.13320717199774
            ],
            [
              3.0498962046090887,
              48.088837886069456
            ],
            [
              3.0504714242752176,
              48.072334131124755
            ],
            [
              3.0883177986514796,
              48.05393639481059
            ],
            [
              3.1040899600034066,
              48.01354534990655
            ],
            [
              3.1245523178040195,
              48.006029252910174
            ],
            [
              3.1284501214452565,
              47.97097324034548
            ],
            [
              3.0784722436737018,
              47.93141992007049
            ],
            [
              3.0646112850926173,
              47.93051941081648
            ],
            [
              3.00722631015934,
              47.895294555605346
            ],
            [
              3.0053630487182557,
              47.86404745363208
            ],
            [
              3.029058320822418,
              47.857123076441624
            ],
            [
              3.0297012521374107,
              47.83508204151216
            ],
            [
              3.0125379851547156,
              47.834374131761656
            ],
            [
              3.0281191130010834,
              47.80064806639638
            ],
            [
              3.023798094359226,
              47.78655467899923
            ],
            [
              2.988221260489061,
              47.78603448891204
            ],
            [
              2.954736881556772,
              47.77555900512353
            ],
            [
              2.9496989968031038,
              47.76587258709822
            ],
            [
              2.9145173600355263,
              47.76938033260984
            ],
            [
              2.8566660682192713,
              47.76092647077394
            ],
            [
              2.848796639073614,
              47.72588667336868
            ],
            [
              2.858973240721994,
              47.71131839341009
            ],
            [
              2.911669508308486,
              47.69146053421784
            ],
            [
              2.9181549279743337,
              47.66979136771246
            ],
            [
              2.954234275262721,
              47.64577868896602
            ],
            [
              2.936290512560618,
              47.63665230316903
            ],
            [
              2.9403094506517125,
              47.60348550057479
            ],
            [
              2.9622747369522457,
              47.57678810211018
            ],
            [
              2.9765380120036067,
              47.56942879709582
            ],
            [
              2.95865823105343,
              47.55738006412381
            ],
            [
              2.914297452553034,
              47.56597018271849
            ],
            [
              2.890770179974213,
              47.55309660602271
            ],
            [
              2.8574899628231805,
              47.552844658956644
            ],
            [
              2.8489038940037736,
              47.53754044480101
            ],
            [
              2.8746252064056805,
              47.52042311253978
            ],
            [
              2.8346896177800054,
              47.50891434033172
            ],
            [
              2.8253483178196612,
              47.49720762944185
            ],
            [
              2.7968724826242704,
              47.49670238161028
            ],
            [
              2.7848278000315037,
              47.51590818527616
            ],
            [
              2.7671158140580423,
              47.52510072819235
            ],
            [
              2.722269834213415,
              47.52137488790703
            ],
            [
              2.7274074958054517,
              47.498891999551546
            ],
            [
              2.716060360099423,
              47.48953015835246
            ],
            [
              2.684437897133784,
              47.482967548570784
            ],
            [
              2.658459112358834,
              47.48789924166263
            ],
            [
              2.6558708896887775,
              47.51039583983229
            ],
            [
              2.612017744333409,
              47.52638001278611
            ],
            [
              2.616737946714408,
              47.54089713523513
            ],
            [
              2.596866741027346,
              47.5564207348813
            ],
            [
              2.5729159948690103,
              47.560017104315655
            ],
            [
              2.547268117212732,
              47.57517784121953
            ],
            [
              2.4991330263197966,
              47.56751893993049
            ],
            [
              2.475044546159242,
              47.579880080920134
            ],
            [
              2.439400020099367,
              47.60949994575173
            ],
            [
              2.402680868810648,
              47.599506360587185
            ],
            [
              2.3730210260695963,
              47.585524572377516
            ],
            [
              2.3424427416844122,
              47.60527658931115
            ],
            [
              2.3249512144551785,
              47.60757115362496
            ],
            [
              2.289632282146918,
              47.62905507196624
            ],
            [
              2.2392136309887465,
              47.62097830786331
            ],
            [
              2.1979481169523365,
              47.607172865315
            ],
            [
              2.1537378905390843,
              47.60082068488091
            ],
            [
              2.1195753203342678,
              47.58295161292573
            ],
            [
              2.131269305993213,
              47.550272515078134
            ],
            [
              2.1956362774138967,
              47.54857375639977
            ],
            [
              2.2152905780056495,
              47.52210707630713
            ],
            [
              2.2178746796449196,
              47.495343490555165
            ],
            [
              2.247745015297621,
              47.491732324776784
            ],
            [
              2.2369731533510286,
              47.4712635208768
            ],
            [
              2.2478944881999485,
              47.44140228778668
            ],
            [
              2.24369191507804,
              47.414818238040475
            ],
            [
              2.2052259819019713,
              47.40525327924356
            ],
            [
              2.1886360612239333,
              47.43774542166242
            ],
            [
              2.1428436560395734,
              47.40889739927532
            ],
            [
              2.1170302440572,
              47.41010870128665
            ],
            [
              2.103653119991459,
              47.39321656330969
            ],
            [
              2.128211459230398,
              47.331734733954534
            ],
            [
              2.1515587241969385,
              47.310723959822234
            ],
            [
              2.1389909561599825,
              47.28548622024678
            ],
            [
              2.111689632581936,
              47.279437465410155
            ],
            [
              2.0772893478221053,
              47.285804260444245
            ],
            [
              2.03110991609486,
              47.269807386211056
            ],
            [
              1.998492852908483,
              47.264047399335425
            ],
            [
              1.940816059215001,
              47.29013078285961
            ],
            [
              1.9214647164538976,
              47.26271748785687
            ],
            [
              1.8947687643612021,
              47.25466020007403
            ],
            [
              1.9165941784807092,
              47.23598592691221
            ],
            [
              1.9038108872203174,
              47.21524765964095
            ],
            [
              1.8730051860601082,
              47.20531826355262
            ],
            [
              1.8554824505856486,
              47.22040769184943
            ],
            [
              1.8390792420529518,
              47.219308157716554
            ],
            [
              1.8088371356765827,
              47.23387535753442
            ],
            [
              1.77611073651641,
              47.23138256399343
            ],
            [
              1.7397902842883757,
              47.2549073525034
            ],
            [
              1.715953376298902,
              47.276776997807374
            ],
            [
              1.7058305011298698,
              47.26587806828036
            ],
            [
              1.6659002787349648,
              47.25778142355442
            ],
            [
              1.6504371377870972,
              47.27317015052999
            ],
            [
              1.5924281213159723,
              47.27667661628705
            ],
            [
              1.59104001493485,
              47.25746333923802
            ],
            [
              1.566277084478891,
              47.261616837192406
            ],
            [
              1.539459756494749,
              47.25652806281719
            ],
            [
              1.5245337678448851,
              47.22597700817113
            ],
            [
              1.4815998938388473,
              47.239163055882926
            ],
            [
              1.4484622479605171,
              47.23796792120677
            ],
            [
              1.4241047321761513,
              47.22954437481808
            ],
            [
              1.4014266290701616,
              47.21244937239578
            ],
            [
              1.32666554504539,
              47.186225424714024
            ],
            [
              1.2945860121083586,
              47.23735505703783
            ],
            [
              1.2753776194772806,
              47.25665618088809
            ],
            [
              1.2433106673289427,
              47.2738511703364
            ],
            [
              1.2233351560525534,
              47.29417679425747
            ],
            [
              1.194077711170585,
              47.282955427790995
            ],
            [
              1.1732084801290505,
              47.285312153710144
            ],
            [
              1.1623243677400883,
              47.272335282824905
            ],
            [
              1.127510095723219,
              47.29676734084024
            ],
            [
              1.1079035040639091,
              47.29948400233637
            ],
            [
              1.0948532977686622,
              47.3285366431566
            ],
            [
              1.106312735447246,
              47.331083370539545
            ],
            [
              1.1228695110868157,
              47.35644850071685
            ],
            [
              1.1043501548322552,
              47.370150192490236
            ],
            [
              1.1215488811681436,
              47.382432672337416
            ],
            [
              1.093707046251301,
              47.42905551300356
            ],
            [
              1.1144031703140151,
              47.42842030526633
            ],
            [
              1.1333660737875422,
              47.44894991839347
            ],
            [
              1.1128833087567993,
              47.46591695745825
            ],
            [
              1.0945042162450278,
              47.469318385564065
            ],
            [
              1.0739220708330763,
              47.51210138412339
            ],
            [
              1.0464291767245975,
              47.536720528819714
            ],
            [
              1.0763363652479012,
              47.563221554317444
            ],
            [
              1.0333525357335172,
              47.60701157045949
            ],
            [
              1.0147853330259788,
              47.60470741380823
            ],
            [
              1.0037237984188345,
              47.58435868340903
            ],
            [
              0.9867433094857044,
              47.59068498133699
            ],
            [
              0.9917892369385366,
              47.62002605530995
            ],
            [
              0.9190111731399363,
              47.63260906008665
            ],
            [
              0.8989296726576519,
              47.60470549484694
            ],
            [
              0.8638905035844368,
              47.59963034358335
            ],
            [
              0.8436538464911009,
              47.645477850792176
            ],
            [
              0.8595037193186879,
              47.669207269893576
            ],
            [
              0.8349728165936311,
              47.67716533256789
            ],
            [
              0.7689302951021508,
              47.68497280116767
            ],
            [
              0.7386942552766614,
              47.696124610338615
            ],
            [
              0.701006484813832,
              47.68458422067955
            ],
            [
              0.6747744974506991,
              47.699004075610326
            ],
            [
              0.6313085686496198,
              47.709099413081624
            ],
            [
              0.6144311990931555,
              47.69421364605317
            ],
            [
              0.5805178732790718,
              47.71232800971273
            ],
            [
              0.6116040970811059,
              47.728130849502094
            ],
            [
              0.6207093570907236,
              47.747478130583154
            ],
            [
              0.6512736394121261,
              47.75525397111593
            ],
            [
              0.7248506777855144,
              47.79889099623824
            ],
            [
              0.7452461943264459,
              47.82624263074177
            ],
            [
              0.7745788175007324,
              47.83968729513432
            ],
            [
              0.7573343557395469,
              47.8911737517487
            ],
            [
              0.7805065684044099,
              47.91037691407999
            ],
            [
              0.8091382962389404,
              47.91066255080899
            ],
            [
              0.8171444727137281,
              47.93447148791446
            ],
            [
              0.8454683997304765,
              47.9413323536207
            ],
            [
              0.8376537080820077,
              47.96869214349436
            ],
            [
              0.8186564019800159,
              47.9892543363892
            ],
            [
              0.8323705747596303,
              47.996592919852844
            ],
            [
              0.8405346727531238,
              48.021049640847735
            ],
            [
              0.7975514233427093,
              48.03724057968432
            ],
            [
              0.8011883732648392,
              48.0715172542445
            ],
            [
              0.8430226369432118,
              48.07264184794484
            ],
            [
              0.8412172317044129,
              48.10306240932052
            ]
          ]
        ]
      }
    },
    {
      "type": "Feature",
      "properties": {
        "region": "Isère Pays de Savoie",
        "code": "21",
        "departements": [
          "74",
          "73",
          "38",
          "26"
        ]
      },
      "geometry": {
        "type": "Polygon",
        "coordinates": [
          [
            [
              5.801469996094522,
              44.706778512869995
            ],
            [
              5.82711625324567,
              44.70028877822114
            ],
            [
              5.825802514085463,
              44.68569233800322
            ],
            [
              5.799407769469486,
              44.67394966436931
            ],
            [
              5.790619766631355,
              44.65329030204328
            ],
            [
              5.753939211901072,
              44.662713661324155
            ],
            [
              5.726039426074854,
              44.63939834273572
            ],
            [
              5.641715054881292,
              44.65107468886509
            ],
            [
              5.643926214041127,
              44.60972161106435
            ],
            [
              5.617737322579476,
              44.583133580603594
            ],
            [
              5.5972487980667855,
              44.543273727979226
            ],
            [
              5.627373773874302,
              44.53458025973445
            ],
            [
              5.664504139914002,
              44.501894032401594
            ],
            [
              5.629785093116038,
              44.5011871029685
            ],
            [
              5.6163088106464185,
              44.47271206540212
            ],
            [
              5.603651238319425,
              44.465544996850255
            ],
            [
              5.562404689872195,
              44.47485185176209
            ],
            [
              5.516510011697751,
              44.49138247772147
            ],
            [
              5.4798758917737445,
              44.49123966897652
            ],
            [
              5.458727518186473,
              44.46614393059478
            ],
            [
              5.464433745418449,
              44.44788666870274
            ],
            [
              5.498303440849121,
              44.43732497621575
            ],
            [
              5.4764897049095795,
              44.41972379409436
            ],
            [
              5.447194165800079,
              44.431852481873705
            ],
            [
              5.418530667075709,
              44.424947370319
            ],
            [
              5.443026623183156,
              44.391237330733084
            ],
            [
              5.434953500862137,
              44.36911743294876
            ],
            [
              5.46065693964672,
              44.36832054562284
            ],
            [
              5.46941457400079,
              44.35149029453098
            ],
            [
              5.4930715607447445,
              44.33717752081172
            ],
            [
              5.521782790630088,
              44.34931163553876
            ],
            [
              5.5373670436986435,
              44.333525718131106
            ],
            [
              5.617135908418277,
              44.332475894185805
            ],
            [
              5.608077262744189,
              44.30850908328983
            ],
            [
              5.637756422122977,
              44.29968616697366
            ],
            [
              5.631970064900461,
              44.284721309902835
            ],
            [
              5.647509019416229,
              44.27247769824454
            ],
            [
              5.676206589256276,
              44.27551099308782
            ],
            [
              5.672996044869041,
              44.23984311301397
            ],
            [
              5.681311859737585,
              44.23289466958045
            ],
            [
              5.676037325543462,
              44.19143313185896
            ],
            [
              5.651592585237082,
              44.18957707724826
            ],
            [
              5.646965152793732,
              44.166291647187435
            ],
            [
              5.68271535182101,
              44.16321640945639
            ],
            [
              5.67860502821166,
              44.14608869344783
            ],
            [
              5.6316731817286305,
              44.15136802990124
            ],
            [
              5.63959354437225,
              44.16758605191366
            ],
            [
              5.609572963808623,
              44.18817112634557
            ],
            [
              5.576187167563138,
              44.18804165094906
            ],
            [
              5.564374392120529,
              44.17090170649433
            ],
            [
              5.582976621063447,
              44.15762325973775
            ],
            [
              5.551327343869811,
              44.14979115926589
            ],
            [
              5.540435810430644,
              44.13221365213216
            ],
            [
              5.498787806458752,
              44.11571934778835
            ],
            [
              5.45471645974309,
              44.119227904662864
            ],
            [
              5.43571830913588,
              44.1516641531859
            ],
            [
              5.383240887752097,
              44.15528473021913
            ],
            [
              5.384523055943825,
              44.201046720663136
            ],
            [
              5.354042708088259,
              44.21342924717531
            ],
            [
              5.3368331508273,
              44.20353145731521
            ],
            [
              5.292247629624085,
              44.214467072564894
            ],
            [
              5.2565087145716225,
              44.23005632855739
            ],
            [
              5.23814970804007,
              44.213233332998946
            ],
            [
              5.174965607033191,
              44.22080662233339
            ],
            [
              5.154903556803357,
              44.230944996200954
            ],
            [
              5.161547590528067,
              44.24559067110522
            ],
            [
              5.1497271329806695,
              44.28208386834487
            ],
            [
              5.167205149288734,
              44.29205090874127
            ],
            [
              5.172696360911815,
              44.309393695074476
            ],
            [
              5.1045087340965685,
              44.27953745155323
            ],
            [
              5.076512049103177,
              44.2840860159789
            ],
            [
              5.060564583015947,
              44.30813976056077
            ],
            [
              5.005535817021755,
              44.286754820483196
            ],
            [
              4.981451791724815,
              44.2848325971684
            ],
            [
              4.932910424012261,
              44.2621518073366
            ],
            [
              4.879050668886603,
              44.26148357791232
            ],
            [
              4.826652705578103,
              44.22832506640777
            ],
            [
              4.814096088903183,
              44.23231467832123
            ],
            [
              4.812665863343398,
              44.257719064767414
            ],
            [
              4.8031008029072115,
              44.27998919217419
            ],
            [
              4.804563291806201,
              44.303896893827336
            ],
            [
              4.762251228111598,
              44.32538168266028
            ],
            [
              4.720123840256769,
              44.326714895236336
            ],
            [
              4.679025302617316,
              44.32048933622703
            ],
            [
              4.6506150134375535,
              44.329805791511276
            ],
            [
              4.648946169255066,
              44.372462486293166
            ],
            [
              4.664373400022996,
              44.398944273043945
            ],
            [
              4.667379937465383,
              44.43066429434984
            ],
            [
              4.69865229412497,
              44.45230946012676
            ],
            [
              4.6989568502390995,
              44.481694190593686
            ],
            [
              4.689973321952771,
              44.49125058500801
            ],
            [
              4.692050189601407,
              44.5152420465306
            ],
            [
              4.707018905489797,
              44.53084113511007
            ],
            [
              4.692361920905272,
              44.55589194997334
            ],
            [
              4.710266499941698,
              44.58154911470836
            ],
            [
              4.741168931840421,
              44.58877434873562
            ],
            [
              4.74040453633284,
              44.60239249321297
            ],
            [
              4.77408913696615,
              44.644269843250804
            ],
            [
              4.7811100231594805,
              44.682833634690404
            ],
            [
              4.762850574483207,
              44.72009203958483
            ],
            [
              4.760941584679994,
              44.771713549802
            ],
            [
              4.795665859771827,
              44.793769117314746
            ],
            [
              4.821656483202532,
              44.83867049616437
            ],
            [
              4.841340887618573,
              44.842596306238924
            ],
            [
              4.85945820884153,
              44.87175235284045
            ],
            [
              4.8579011507481304,
              44.903155110736876
            ],
            [
              4.8855710639544006,
              44.93465153198947
            ],
            [
              4.875684162327823,
              44.95520873214619
            ],
            [
              4.860170175358192,
              44.96586245571145
            ],
            [
              4.851264766161909,
              44.99467770210391
            ],
            [
              4.837672652853049,
              45.00479181394786
            ],
            [
              4.840341325313034,
              45.03578322392562
            ],
            [
              4.860746068970967,
              45.055429204446796
            ],
            [
              4.831651038103518,
              45.07026753675957
            ],
            [
              4.827354281438577,
              45.10214857279052
            ],
            [
              4.804492252463412,
              45.12194771680664
            ],
            [
              4.804461066670614,
              45.133197210828584
            ],
            [
              4.829100372157167,
              45.15669010756043
            ],
            [
              4.813699779096304,
              45.16341716248438
            ],
            [
              4.804809814114698,
              45.194030298693185
            ],
            [
              4.812569706062625,
              45.204307182925724
            ],
            [
              4.802585860487608,
              45.22693117215798
            ],
            [
              4.809597016988471,
              45.26036757990201
            ],
            [
              4.80945700146176,
              45.28984878023442
            ],
            [
              4.800493926884063,
              45.298360661142944
            ],
            [
              4.769929030711337,
              45.316015123688956
            ],
            [
              4.761388480871705,
              45.34063001021366
            ],
            [
              4.772556757363274,
              45.35486449672088
            ],
            [
              4.755996992712002,
              45.36567226076598
            ],
            [
              4.755804203494391,
              45.39641527650575
            ],
            [
              4.744760477737733,
              45.42132931211987
            ],
            [
              4.758664794548146,
              45.43109160083594
            ],
            [
              4.756935570818616,
              45.45570734978024
            ],
            [
              4.775917949204341,
              45.45421052340817
            ],
            [
              4.782279555986659,
              45.47220452723034
            ],
            [
              4.8412638959614664,
              45.50060628572331
            ],
            [
              4.868481734036511,
              45.5234402120416
            ],
            [
              4.864438371893341,
              45.5373424891419
            ],
            [
              4.840117013694024,
              45.543291913290595
            ],
            [
              4.808696981728118,
              45.5723005698916
            ],
            [
              4.828114865183135,
              45.58789311790868
            ],
            [
              4.85277784466551,
              45.57887851405256
            ],
            [
              4.864457684448963,
              45.59360146128447
            ],
            [
              4.901457719834113,
              45.606267804658444
            ],
            [
              4.927527809638902,
              45.605706962994894
            ],
            [
              4.9719731415095545,
              45.61268302966118
            ],
            [
              4.997963145407583,
              45.60341491364353
            ],
            [
              5.0047455923475,
              45.62311113752578
            ],
            [
              5.038083762231331,
              45.61507172104689
            ],
            [
              5.035148740524161,
              45.63720294798379
            ],
            [
              5.058062092364437,
              45.65324362294234
            ],
            [
              5.059543480830934,
              45.66509793238911
            ],
            [
              5.1081318769103605,
              45.68802493937274
            ],
            [
              5.131061214476138,
              45.7077086126494
            ],
            [
              5.159431081299061,
              45.7088530167123
            ],
            [
              5.126011929215237,
              45.73790916787724
            ],
            [
              5.094526879742294,
              45.739453359509234
            ],
            [
              5.093091174921406,
              45.766089791057205
            ],
            [
              5.068368951685849,
              45.765473881827624
            ],
            [
              5.059330594890989,
              45.79197852353507
            ],
            [
              5.089312645190639,
              45.784275022180616
            ],
            [
              5.101067478338776,
              45.81337808264365
            ],
            [
              5.1603687442585455,
              45.80231368825673
            ],
            [
              5.176892976082814,
              45.7934833284559
            ],
            [
              5.191532760208242,
              45.771688000938774
            ],
            [
              5.221074288749879,
              45.76845271626348
            ],
            [
              5.266894883868229,
              45.78936901099017
            ],
            [
              5.288915017040864,
              45.81112188995001
            ],
            [
              5.302019342914551,
              45.84764710800802
            ],
            [
              5.329298728282268,
              45.86357404303832
            ],
            [
              5.351020842949957,
              45.883709517437694
            ],
            [
              5.413134793996487,
              45.85221987973304
            ],
            [
              5.434944676804955,
              45.831093776494285
            ],
            [
              5.422469140800665,
              45.80730767616671
            ],
            [
              5.457406410775327,
              45.78099315590627
            ],
            [
              5.482525465260449,
              45.754586398783026
            ],
            [
              5.516232131684801,
              45.73225264077732
            ],
            [
              5.52567323556446,
              45.71672537840989
            ],
            [
              5.5455415978088505,
              45.71359345746488
            ],
            [
              5.5757522584808825,
              45.69178828956468
            ],
            [
              5.552743866622332,
              45.67988793690172
            ],
            [
              5.586411372003499,
              45.66707375970352
            ],
            [
              5.602655500360425,
              45.651527036877965
            ],
            [
              5.623748035268078,
              45.61326832676418
            ],
            [
              5.659528303353562,
              45.638682809874865
            ],
            [
              5.689187102194641,
              45.64850161239945
            ],
            [
              5.687058475150925,
              45.66816731077608
            ],
            [
              5.708336503736496,
              45.683064766572876
            ],
            [
              5.704119379498135,
              45.710926329459184
            ],
            [
              5.756676853365063,
              45.70873356110276
            ],
            [
              5.783495254205752,
              45.74431423922736
            ],
            [
              5.77937453777779,
              45.76217553185385
            ],
            [
              5.786777683247082,
              45.80940611504179
            ],
            [
              5.80366973107069,
              45.85558153164841
            ],
            [
              5.8285402770414905,
              45.909296035615355
            ],
            [
              5.831226413621035,
              45.93845957829322
            ],
            [
              5.834025839734275,
              45.972026538215985
            ],
            [
              5.809643351753076,
              45.98979960381866
            ],
            [
              5.812398928975968,
              46.02398062317354
            ],
            [
              5.806996561909532,
              46.043829800018194
            ],
            [
              5.8114184967701625,
              46.07842009259869
            ],
            [
              5.832300912634432,
              46.10599585856304
            ],
            [
              5.855667958392184,
              46.08676688670444
            ],
            [
              5.883180329915085,
              46.08491752032048
            ],
            [
              5.8924200086063525,
              46.118482302607056
            ],
            [
              5.922266804802187,
              46.13147760862653
            ],
            [
              5.956063159932633,
              46.13208943594269
            ],
            [
              5.985318105052286,
              46.14330892189844
            ],
            [
              6.045529778815728,
              46.139907519306156
            ],
            [
              6.052041801049772,
              46.151402672290395
            ],
            [
              6.092465663697645,
              46.15175991441013
            ],
            [
              6.126624627901115,
              46.14046081078615
            ],
            [
              6.175072377878081,
              46.15814989960168
            ],
            [
              6.185975362523726,
              46.178176058241256
            ],
            [
              6.235977428314406,
              46.20654881404464
            ],
            [
              6.277369983407964,
              46.21561016581553
            ],
            [
              6.310110099309942,
              46.24370059763195
            ],
            [
              6.307272725570715,
              46.255436556730494
            ],
            [
              6.267633620497312,
              46.247839839653885
            ],
            [
              6.237797813525851,
              46.2773342585167
            ],
            [
              6.246790968617458,
              46.30206938671207
            ],
            [
              6.277022020836744,
              46.34891543898281
            ],
            [
              6.303735764913311,
              46.36625941824085
            ],
            [
              6.3446765942166445,
              46.370013560347886
            ],
            [
              6.356956142429217,
              46.35266345709143
            ],
            [
              6.3900361566872315,
              46.34016563406088
            ],
            [
              6.411592280204707,
              46.35839568319258
            ],
            [
              6.468499886776638,
              46.37242442527263
            ],
            [
              6.482856165126304,
              46.39192443764463
            ],
            [
              6.513071711513262,
              46.40478840307281
            ],
            [
              6.545175304790926,
              46.394727359364545
            ],
            [
              6.588092394777118,
              46.402317999643515
            ],
            [
              6.635060415534961,
              46.405770576746406
            ],
            [
              6.722868985320351,
              46.40755389780494
            ],
            [
              6.789802754759155,
              46.39291791721357
            ],
            [
              6.806217638297463,
              46.38037206259825
            ],
            [
              6.770617080369467,
              46.35489783286797
            ],
            [
              6.784482072903341,
              46.33270290819052
            ],
            [
              6.820345178565179,
              46.31437668901683
            ],
            [
              6.829983705845801,
              46.300043050711345
            ],
            [
              6.864509851829647,
              46.282990769883504
            ],
            [
              6.853894399067287,
              46.253761843433864
            ],
            [
              6.839925738114553,
              46.248239017516546
            ],
            [
              6.80366083421475,
              46.20434524954354
            ],
            [
              6.81194009872822,
              46.18337761562343
            ],
            [
              6.792040848027208,
              46.16290288539592
            ],
            [
              6.796535034034799,
              46.13861879772074
            ],
            [
              6.814732162900611,
              46.129696461365214
            ],
            [
              6.898381393099358,
              46.122562070394075
            ],
            [
              6.883845122673671,
              46.09579681990079
            ],
            [
              6.8914542235903005,
              46.08449157208838
            ],
            [
              6.872633110865425,
              46.05204817296112
            ],
            [
              6.888329552883717,
              46.043116914092494
            ],
            [
              6.924513948824021,
              46.065193804450395
            ],
            [
              6.951511564566567,
              46.04995609942393
            ],
            [
              6.9846850080843375,
              46.00654353554806
            ],
            [
              7.005830810542592,
              46.00054972582734
            ],
            [
              7.022720712338816,
              45.98029457159881
            ],
            [
              7.017978490745711,
              45.96034701964026
            ],
            [
              7.03720423287911,
              45.95472134951176
            ],
            [
              7.043890107046439,
              45.92361818207322
            ],
            [
              7.020983385199974,
              45.916194082670756
            ],
            [
              7.0031519124087716,
              45.89782921384603
            ],
            [
              7.00536167353659,
              45.88435235390808
            ],
            [
              6.991719912014907,
              45.86819987209143
            ],
            [
              6.951037365261489,
              45.85954131063136
            ],
            [
              6.939604939153821,
              45.8467321064224
            ],
            [
              6.895100845805131,
              45.84259632779018
            ],
            [
              6.8736072885923845,
              45.84549967424515
            ],
            [
              6.818885778420616,
              45.83620281158613
            ],
            [
              6.803991136344079,
              45.815853187486255
            ],
            [
              6.812719976307191,
              45.808021694582315
            ],
            [
              6.802516663522652,
              45.77837197402193
            ],
            [
              6.808418511070923,
              45.72515343860933
            ],
            [
              6.847748586989986,
              45.68937749599125
            ],
            [
              6.906506784191486,
              45.67456031820136
            ],
            [
              6.902142336705646,
              45.663739451343055
            ],
            [
              6.934608837460737,
              45.64709230917702
            ],
            [
              6.966679928899032,
              45.65406247996058
            ],
            [
              7.000690534148291,
              45.63990159437462
            ],
            [
              6.98785713700158,
              45.62484030507284
            ],
            [
              6.977853982998437,
              45.58988711838748
            ],
            [
              6.995382953276822,
              45.57564160818661
            ],
            [
              6.9915063165642675,
              45.531275223900984
            ],
            [
              7.005311787943923,
              45.51709673862955
            ],
            [
              7.000331708478394,
              45.504417196582274
            ],
            [
              7.04452030151899,
              45.497242723763186
            ],
            [
              7.045847872850837,
              45.478350392863504
            ],
            [
              7.0997891354009095,
              45.46943936219543
            ],
            [
              7.113516455211971,
              45.43419468733109
            ],
            [
              7.152242832761182,
              45.42319920873864
            ],
            [
              7.1842747748936695,
              45.407480631519924
            ],
            [
              7.165149366142358,
              45.383396585908265
            ],
            [
              7.161662218042757,
              45.36245350123881
            ],
            [
              7.137734008933981,
              45.35080736839848
            ],
            [
              7.134719719291083,
              45.33124412917526
            ],
            [
              7.113617028522963,
              45.32868608867201
            ],
            [
              7.121796569398171,
              45.296222432254126
            ],
            [
              7.136428084679232,
              45.28079531076303
            ],
            [
              7.137753498643515,
              45.25686099638962
            ],
            [
              7.106506545205386,
              45.239259844510855
            ],
            [
              7.067342157688226,
              45.21008321740584
            ],
            [
              7.051179482821824,
              45.225331224056454
            ],
            [
              7.019992318063418,
              45.21587387777123
            ],
            [
              6.965752237821794,
              45.20795099681965
            ],
            [
              6.954190330678925,
              45.17961083467822
            ],
            [
              6.930266678221192,
              45.17096314110703
            ],
            [
              6.895349577041668,
              45.16846478638608
            ],
            [
              6.884108906250159,
              45.15674060434921
            ],
            [
              6.89437780212641,
              45.13736971507668
            ],
            [
              6.847887829330167,
              45.127201835901765
            ],
            [
              6.812274904701698,
              45.14835683817089
            ],
            [
              6.767947891773147,
              45.15974332272096
            ],
            [
              6.738956139264719,
              45.13683144319859
            ],
            [
              6.711286195179388,
              45.14475992733128
            ],
            [
              6.680067352474279,
              45.14012497136189
            ],
            [
              6.672462233861758,
              45.124412299122746
            ],
            [
              6.6299873381374725,
              45.1093269281999
            ],
            [
              6.615550094957373,
              45.12147775227429
            ],
            [
              6.57653069592537,
              45.12309720037721
            ],
            [
              6.55601396596344,
              45.104195104315984
            ],
            [
              6.529708447474563,
              45.09856919735164
            ],
            [
              6.510979894458294,
              45.10875068557236
            ],
            [
              6.480384256020366,
              45.09079271505677
            ],
            [
              6.486234598441578,
              45.05607309559144
            ],
            [
              6.451799595532319,
              45.05172052616644
            ],
            [
              6.438596097282185,
              45.06258355349038
            ],
            [
              6.393914586674507,
              45.06181851097421
            ],
            [
              6.364877554955543,
              45.07017079687575
            ],
            [
              6.373529600716985,
              45.08414824428705
            ],
            [
              6.362935515883446,
              45.10449356656247
            ],
            [
              6.3312977067397425,
              45.11812379084807
            ],
            [
              6.299216785815758,
              45.10855211143577
            ],
            [
              6.260566197557925,
              45.12684791386632
            ],
            [
              6.229388123209472,
              45.108750055807405
            ],
            [
              6.243017832342709,
              45.06906387836911
            ],
            [
              6.2200801563699395,
              45.06536793621533
            ],
            [
              6.203927022398643,
              45.012469165084845
            ],
            [
              6.251755823777455,
              44.99669933009644
            ],
            [
              6.300180534522452,
              45.00397824625707
            ],
            [
              6.321848392012048,
              45.000080059582814
            ],
            [
              6.3148150406516885,
              44.98018487183722
            ],
            [
              6.3285028218875325,
              44.969718924476524
            ],
            [
              6.3289997583261135,
              44.94731911410858
            ],
            [
              6.3588400606704845,
              44.941284471463
            ],
            [
              6.354621853701313,
              44.92359576979837
            ],
            [
              6.358440638759468,
              44.89205674340702
            ],
            [
              6.350781709377172,
              44.88120395797154
            ],
            [
              6.354685212537601,
              44.85597093285778
            ],
            [
              6.336319027358193,
              44.84836943493937
            ],
            [
              6.300679811301804,
              44.87347754001874
            ],
            [
              6.269405725021001,
              44.87047437006196
            ],
            [
              6.25054409332542,
              44.85265497741959
            ],
            [
              6.196382213093447,
              44.85897725265292
            ],
            [
              6.1707886083957675,
              44.85422409321522
            ],
            [
              6.128361780211359,
              44.86189793671716
            ],
            [
              6.111944264637026,
              44.844104598030206
            ],
            [
              6.056880845755912,
              44.81648809334095
            ],
            [
              6.030210546238997,
              44.838096097754196
            ],
            [
              6.004863991929379,
              44.82044164675532
            ],
            [
              5.979181680039922,
              44.81858485233257
            ],
            [
              5.94951924784745,
              44.80453012289717
            ],
            [
              5.977781702799108,
              44.79098097178422
            ],
            [
              5.9801466158902254,
              44.78117807160656
            ],
            [
              5.92220546362268,
              44.75408063667132
            ],
            [
              5.900145988864039,
              44.75831810886521
            ],
            [
              5.888833543818295,
              44.74880281266777
            ],
            [
              5.846789359515513,
              44.75162114202083
            ],
            [
              5.82777670542201,
              44.7400904212036
            ],
            [
              5.801469996094522,
              44.706778512869995
            ]
          ],
          [
            [
              4.892909784975503,
              44.36481842003465
            ],
            [
              4.871546699824252,
              44.349624687939915
            ],
            [
              4.89532799567956,
              44.33806148358807
            ],
            [
              4.881629025271996,
              44.32487165610533
            ],
            [
              4.8894629809408325,
              44.30401919301177
            ],
            [
              4.922149021948395,
              44.30878294851454
            ],
            [
              4.978583367650993,
              44.297463038388315
            ],
            [
              5.023291388686099,
              44.34594820774989
            ],
            [
              5.0270075535733945,
              44.362835342005326
            ],
            [
              5.052014293962954,
              44.364659059368094
            ],
            [
              5.048760348502809,
              44.381234267021824
            ],
            [
              5.015759498726315,
              44.39276614596861
            ],
            [
              5.013305911983339,
              44.405345557740354
            ],
            [
              4.988609946346962,
              44.42320030980228
            ],
            [
              4.963297700567191,
              44.42193444899826
            ],
            [
              4.918515009368784,
              44.40778504385655
            ],
            [
              4.906627552610216,
              44.37409911682911
            ],
            [
              4.892909784975503,
              44.36481842003465
            ]
          ]
        ]
      }
    },
    {
      "type": "Feature",
      "properties": {
        "region": "Nord",
        "code": "6",
        "departements": [
          "80",
          "62",
          "60",
          "59",
          "08",
          "02"
        ]
      },
      "geometry": {
        "type": "Polygon",
        "coordinates": [
          [
            [
              4.140895251736092,
              49.97875959899442
            ],
            [
              4.172395207394802,
              49.977078597853904
            ],
            [
              4.197110124342558,
              49.967721269218174
            ],
            [
              4.195936343936246,
              49.955694802056996
            ],
            [
              4.233164134987158,
              49.95775092391093
            ],
            [
              4.308104819422298,
              49.96952311706087
            ],
            [
              4.3497091536314265,
              49.95218185745914
            ],
            [
              4.378945338182918,
              49.95306872889387
            ],
            [
              4.446940783287939,
              49.93750459397252
            ],
            [
              4.481610454645573,
              49.94785279402108
            ],
            [
              4.510410432978069,
              49.94668308724302
            ],
            [
              4.540542634439033,
              49.96796846829222
            ],
            [
              4.573698227853897,
              49.98030418970413
            ],
            [
              4.674659776287784,
              49.99662785172198
            ],
            [
              4.699272082803148,
              50.0537945750903
            ],
            [
              4.682746158906797,
              50.068791197105114
            ],
            [
              4.702078764143763,
              50.095528001382924
            ],
            [
              4.751345563705796,
              50.11174102047036
            ],
            [
              4.762161208292365,
              50.13639695682964
            ],
            [
              4.824292330401957,
              50.160731428897094
            ],
            [
              4.8319896237206255,
              50.153951790022184
            ],
            [
              4.879565525415205,
              50.15202955288437
            ],
            [
              4.894894253598731,
              50.13460065104415
            ],
            [
              4.87076833368792,
              50.124262635964875
            ],
            [
              4.8685301585153855,
              50.09762527596348
            ],
            [
              4.8512375276421595,
              50.1013639038007
            ],
            [
              4.829260707691278,
              50.04803422242763
            ],
            [
              4.840392803845824,
              50.037589901362395
            ],
            [
              4.816997367063873,
              50.01564028095157
            ],
            [
              4.818941576641115,
              49.99514497954768
            ],
            [
              4.790113818832296,
              49.97001760397983
            ],
            [
              4.7909170614563354,
              49.95839750551827
            ],
            [
              4.8501895621955295,
              49.94647303906409
            ],
            [
              4.85813253464247,
              49.93290175060757
            ],
            [
              4.889248547086521,
              49.90972760726109
            ],
            [
              4.851762233586226,
              49.861022896690535
            ],
            [
              4.8675793624704715,
              49.84007770188321
            ],
            [
              4.867091434851301,
              49.81419502771181
            ],
            [
              4.855382632112906,
              49.79236512744182
            ],
            [
              4.930929513878152,
              49.78685155554447
            ],
            [
              4.9561320976529775,
              49.801224669739426
            ],
            [
              4.9988368069437765,
              49.799310046914584
            ],
            [
              5.008928105209694,
              49.7819335599042
            ],
            [
              5.063182643598133,
              49.76192871159604
            ],
            [
              5.090172312313782,
              49.76506393233352
            ],
            [
              5.115073254538092,
              49.741436250370164
            ],
            [
              5.125659977368626,
              49.714502727337425
            ],
            [
              5.165853990849716,
              49.70714272719065
            ],
            [
              5.166208402693295,
              49.69291623120586
            ],
            [
              5.208819376633823,
              49.694568280877455
            ],
            [
              5.24360037396294,
              49.68569800167118
            ],
            [
              5.267272773424226,
              49.696522600045526
            ],
            [
              5.332001785017169,
              49.65478357737764
            ],
            [
              5.308525437369952,
              49.63590355578242
            ],
            [
              5.31173915183996,
              49.61354728351897
            ],
            [
              5.342988167557187,
              49.62673952946669
            ],
            [
              5.393536658328508,
              49.61708773850276
            ],
            [
              5.379377254594306,
              49.59433240963621
            ],
            [
              5.339875065404366,
              49.59248374512851
            ],
            [
              5.311770447172107,
              49.55928969326421
            ],
            [
              5.262709976999561,
              49.54181962580043
            ],
            [
              5.232756898423872,
              49.56948078917659
            ],
            [
              5.2130512805303555,
              49.573482704275165
            ],
            [
              5.162975033383016,
              49.56353425622026
            ],
            [
              5.144850262012005,
              49.589890809096836
            ],
            [
              5.118278729173794,
              49.59307211738766
            ],
            [
              5.0894348019213345,
              49.54153840662955
            ],
            [
              5.100584675318172,
              49.53581688248469
            ],
            [
              5.079628538782785,
              49.50986338174908
            ],
            [
              5.062396105126222,
              49.49915347170529
            ],
            [
              5.083514142411665,
              49.48411961123408
            ],
            [
              5.105323165099615,
              49.42524686929281
            ],
            [
              5.088196804414101,
              49.40639195324937
            ],
            [
              5.10414955392406,
              49.38977780781045
            ],
            [
              5.089930289451002,
              49.370323496215384
            ],
            [
              5.060208646165214,
              49.3715170366231
            ],
            [
              5.053405249590282,
              49.35696721044802
            ],
            [
              5.026436999727152,
              49.33591387470532
            ],
            [
              5.029829036850663,
              49.31126357145343
            ],
            [
              5.0490438324721545,
              49.285310734141504
            ],
            [
              4.964355608998914,
              49.24744898908259
            ],
            [
              4.950989232683009,
              49.23686584630137
            ],
            [
              4.909606220926124,
              49.26349853270867
            ],
            [
              4.86275799597872,
              49.24154352922503
            ],
            [
              4.826941205469512,
              49.23576093816036
            ],
            [
              4.815420265730455,
              49.249854960398
            ],
            [
              4.788889603899746,
              49.24134019593029
            ],
            [
              4.7442321118937505,
              49.2414729109037
            ],
            [
              4.726823349053574,
              49.25232502044604
            ],
            [
              4.686074799511886,
              49.256759043801544
            ],
            [
              4.670374586913542,
              49.24151155534761
            ],
            [
              4.635511161128344,
              49.232134393917896
            ],
            [
              4.6058938566008445,
              49.26970402626851
            ],
            [
              4.594974261377573,
              49.2707300343065
            ],
            [
              4.575868215345435,
              49.296651189312385
            ],
            [
              4.541215512322572,
              49.28622829426292
            ],
            [
              4.459506424178967,
              49.27757864272764
            ],
            [
              4.418775444942886,
              49.2851133003246
            ],
            [
              4.393424577830647,
              49.29708771300736
            ],
            [
              4.376853871003221,
              49.31699430474222
            ],
            [
              4.3541542998888705,
              49.31616310169742
            ],
            [
              4.330894078223754,
              49.32715621477832
            ],
            [
              4.306756525620349,
              49.32779732810991
            ],
            [
              4.290937077765363,
              49.34699963965571
            ],
            [
              4.258398145436199,
              49.36351577479519
            ],
            [
              4.248321950611529,
              49.38225603439192
            ],
            [
              4.2013073779715375,
              49.38378396286446
            ],
            [
              4.188996868487692,
              49.398693325461345
            ],
            [
              4.0769132710042255,
              49.401612719003566
            ],
            [
              4.047972977986833,
              49.40564229475753
            ],
            [
              4.039913351175735,
              49.397396867183815
            ],
            [
              4.035496373111564,
              49.359904159430094
            ],
            [
              4.0127284202980995,
              49.358299141243386
            ],
            [
              3.9949400464231957,
              49.37789993445056
            ],
            [
              3.9613090288565647,
              49.37734494086453
            ],
            [
              3.9252301838116423,
              49.40757795776365
            ],
            [
              3.898159524095673,
              49.39324676616779
            ],
            [
              3.864856156264051,
              49.40533685972032
            ],
            [
              3.837686516500783,
              49.39565820991326
            ],
            [
              3.8563548292895904,
              49.381163036761194
            ],
            [
              3.84805797975596,
              49.36391735212325
            ],
            [
              3.8224705767098395,
              49.35696565512036
            ],
            [
              3.777534921928809,
              49.35581577743615
            ],
            [
              3.7422207217091263,
              49.33651301919691
            ],
            [
              3.6989371212574853,
              49.33195284253632
            ],
            [
              3.643938967409509,
              49.31271547683784
            ],
            [
              3.6573162286122742,
              49.291023347068474
            ],
            [
              3.65525456317135,
              49.26285133857558
            ],
            [
              3.670777136423702,
              49.23959850877529
            ],
            [
              3.662544752146768,
              49.20897792079391
            ],
            [
              3.697104870697589,
              49.20547444963648
            ],
            [
              3.704392046963459,
              49.181373023469
            ],
            [
              3.725444039996693,
              49.173515945092305
            ],
            [
              3.7511478237665794,
              49.17770096615194
            ],
            [
              3.7487650521863713,
              49.15708155419203
            ],
            [
              3.701623868432638,
              49.14308771135046
            ],
            [
              3.6838349064164695,
              49.15449185807903
            ],
            [
              3.6534402301896542,
              49.14869065051608
            ],
            [
              3.622246623748466,
              49.151103693376655
            ],
            [
              3.6103983127772716,
              49.13550196815309
            ],
            [
              3.6117958918993924,
              49.11808793409194
            ],
            [
              3.6390535019551273,
              49.08130605737889
            ],
            [
              3.5877067932472952,
              49.059394631367105
            ],
            [
              3.587608670612347,
              49.03381324798993
            ],
            [
              3.647726454659581,
              49.04140800760242
            ],
            [
              3.663950657450056,
              49.03730898527378
            ],
            [
              3.678113179313511,
              49.01690766636074
            ],
            [
              3.665158653762439,
              49.00563193481009
            ],
            [
              3.6387510313501172,
              49.002277384044845
            ],
            [
              3.620658549289589,
              48.9659439788058
            ],
            [
              3.591558411237313,
              48.96037176960385
            ],
            [
              3.601964878227183,
              48.94505940416911
            ],
            [
              3.5744431375994288,
              48.93901643224886
            ],
            [
              3.5738538398044097,
              48.92148321270002
            ],
            [
              3.528576443116953,
              48.91214102895302
            ],
            [
              3.5083215469627684,
              48.890402602371054
            ],
            [
              3.4851874436586847,
              48.851908494372864
            ],
            [
              3.4607105852412756,
              48.83944139457446
            ],
            [
              3.452232416190477,
              48.856291455303484
            ],
            [
              3.404630766733507,
              48.86387236235099
            ],
            [
              3.380474508825688,
              48.874761432854626
            ],
            [
              3.3828132392962247,
              48.88874725594759
            ],
            [
              3.3663472431751384,
              48.922836905893014
            ],
            [
              3.3302994547269797,
              48.908706088642376
            ],
            [
              3.3130758740800688,
              48.9212163651494
            ],
            [
              3.3047494707754015,
              48.94876427894454
            ],
            [
              3.2678460373508416,
              48.938331129104206
            ],
            [
              3.2518351589230496,
              48.97236625695047
            ],
            [
              3.229176905886298,
              48.98841784600257
            ],
            [
              3.1682883590774806,
              49.01667270236993
            ],
            [
              3.1818268776645002,
              49.060865198640144
            ],
            [
              3.1535840813505853,
              49.08328424779814
            ],
            [
              3.16523032905892,
              49.09965085798759
            ],
            [
              3.1361260876735515,
              49.10736575572267
            ],
            [
              3.1039032023368676,
              49.10783847337312
            ],
            [
              3.071884293834167,
              49.117554218816146
            ],
            [
              3.0483639955943445,
              49.086321770811566
            ],
            [
              3.0085155429257675,
              49.09151015780461
            ],
            [
              2.974612129302612,
              49.07483790651457
            ],
            [
              2.9015078805206906,
              49.08537404257291
            ],
            [
              2.8949540105299616,
              49.077060509386286
            ],
            [
              2.8560893422319023,
              49.07003394285967
            ],
            [
              2.845152480122472,
              49.0846582975852
            ],
            [
              2.7918669791571764,
              49.090224385649144
            ],
            [
              2.7870683167938073,
              49.075272380356054
            ],
            [
              2.753551034147009,
              49.06074104171223
            ],
            [
              2.7067286108537023,
              49.06571610231719
            ],
            [
              2.673154178752123,
              49.090859401094306
            ],
            [
              2.633272965218076,
              49.10837621896302
            ],
            [
              2.5905242793946224,
              49.079654846732424
            ],
            [
              2.5581713639343153,
              49.09838623642425
            ],
            [
              2.4899309091229616,
              49.10636117791936
            ],
            [
              2.5032579551258722,
              49.11758406300134
            ],
            [
              2.471584849664169,
              49.13543134509872
            ],
            [
              2.4131026213629148,
              49.152351151856486
            ],
            [
              2.3912888696248515,
              49.14934773205012
            ],
            [
              2.3462570508145517,
              49.161815824563625
            ],
            [
              2.3109290446865427,
              49.18640655833579
            ],
            [
              2.2864129770481765,
              49.15992057659305
            ],
            [
              2.252488213818398,
              49.15288152246086
            ],
            [
              2.218650036331584,
              49.180682600571025
            ],
            [
              2.1819500283812623,
              49.17367773782481
            ],
            [
              2.1327389034606554,
              49.191378260554046
            ],
            [
              2.0968812642737786,
              49.18975715797898
            ],
            [
              2.0749104023995684,
              49.20868708172066
            ],
            [
              2.0006083248213287,
              49.175708039448175
            ],
            [
              1.973760882151743,
              49.18378113635129
            ],
            [
              1.9607171449401366,
              49.173518197205695
            ],
            [
              1.9314802344723212,
              49.17417045483985
            ],
            [
              1.8852389528169067,
              49.16263786454188
            ],
            [
              1.877040859056052,
              49.17144524902654
            ],
            [
              1.845548847714221,
              49.169897638882595
            ],
            [
              1.7954686863275515,
              49.18525912523885
            ],
            [
              1.755165127607803,
              49.17454501384096
            ],
            [
              1.7421373979981678,
              49.18015527802457
            ],
            [
              1.7341091564710822,
              49.221278789282294
            ],
            [
              1.7043642065965865,
              49.232201775163404
            ],
            [
              1.7104793339744566,
              49.26446416218004
            ],
            [
              1.7345063044967537,
              49.26899820204799
            ],
            [
              1.7643521273092135,
              49.2630859414422
            ],
            [
              1.7895325987859003,
              49.247868037421206
            ],
            [
              1.8026808722972285,
              49.271950623613535
            ],
            [
              1.7757705439300602,
              49.29951534986682
            ],
            [
              1.7679448109268296,
              49.31982583692622
            ],
            [
              1.7741379719748898,
              49.33469565160132
            ],
            [
              1.759340781875861,
              49.368238985112555
            ],
            [
              1.7203156024953805,
              49.39482842844473
            ],
            [
              1.7139375433100608,
              49.409224988863485
            ],
            [
              1.7229968419974309,
              49.43391580233039
            ],
            [
              1.7474339115753832,
              49.45944834208184
            ],
            [
              1.775862453037976,
              49.47132557760213
            ],
            [
              1.7741127542848931,
              49.48629204874629
            ],
            [
              1.7902240900460897,
              49.50346919449449
            ],
            [
              1.7718644061411502,
              49.51284827349518
            ],
            [
              1.7508109914810421,
              49.4953034048916
            ],
            [
              1.7192326604453187,
              49.50822302010686
            ],
            [
              1.7478873461630975,
              49.537734307389876
            ],
            [
              1.7271846205611596,
              49.54162647589022
            ],
            [
              1.7298338150528105,
              49.56129313430964
            ],
            [
              1.7147813730167585,
              49.576405140938526
            ],
            [
              1.7057508157515966,
              49.60621127470416
            ],
            [
              1.7216075786347382,
              49.62199032398025
            ],
            [
              1.7088335612864556,
              49.64638148474686
            ],
            [
              1.7252046142437358,
              49.67263435960493
            ],
            [
              1.7521846819353237,
              49.680957188725905
            ],
            [
              1.7339504969080488,
              49.69920938045457
            ],
            [
              1.7045143422610263,
              49.68092631423977
            ],
            [
              1.6895758821118119,
              49.694785646260954
            ],
            [
              1.7154681056064667,
              49.70860435289633
            ],
            [
              1.7196883349196141,
              49.730467625863746
            ],
            [
              1.7454557068129848,
              49.73856265789178
            ],
            [
              1.7416263242274626,
              49.751633772466256
            ],
            [
              1.7838370588623413,
              49.75830750106765
            ],
            [
              1.7579353611352482,
              49.78079816556512
            ],
            [
              1.7373868163547241,
              49.808208553760934
            ],
            [
              1.7102228122571477,
              49.889310195824926
            ],
            [
              1.6932905136148655,
              49.895599170378354
            ],
            [
              1.6784506742272387,
              49.91813416149145
            ],
            [
              1.5940134659800094,
              49.94905060798451
            ],
            [
              1.5738945679765357,
              49.973919004055446
            ],
            [
              1.5269495769722599,
              49.99657729204429
            ],
            [
              1.5165885660526253,
              50.011616580757526
            ],
            [
              1.4933078848725079,
              50.01773775805818
            ],
            [
              1.4521908437935025,
              50.04023194047863
            ],
            [
              1.459145908803628,
              50.062499063196654
            ],
            [
              1.4235954957723689,
              50.070850716019166
            ],
            [
              1.4092601958562414,
              50.057074130391825
            ],
            [
              1.3815511365583815,
              50.065766690242754
            ],
            [
              1.4538812244610173,
              50.11032909893485
            ],
            [
              1.4827841768786612,
              50.17236969475436
            ],
            [
              1.5124381763701704,
              50.2017063700377
            ],
            [
              1.5484320471199113,
              50.215221918674395
            ],
            [
              1.5961991412319396,
              50.185500707511935
            ],
            [
              1.6274102918028155,
              50.19000238393702
            ],
            [
              1.6733457406347452,
              50.17468159487083
            ],
            [
              1.6837994282613178,
              50.18302974967859
            ],
            [
              1.6626698233214425,
              50.21359776854474
            ],
            [
              1.6225022082629057,
              50.21514839669941
            ],
            [
              1.5936030011622346,
              50.24428749653274
            ],
            [
              1.592228280418861,
              50.25645840166426
            ],
            [
              1.5493076277829827,
              50.260405655281644
            ],
            [
              1.537947734772934,
              50.282668474589045
            ],
            [
              1.5509358115042569,
              50.350323301735024
            ],
            [
              1.5713354866487355,
              50.35845399700039
            ],
            [
              1.612971621673763,
              50.36029378076435
            ],
            [
              1.6415439209955993,
              50.35215320244089
            ],
            [
              1.6252340548486761,
              50.37183439351513
            ],
            [
              1.5794678479116167,
              50.37921781617639
            ],
            [
              1.555658414115049,
              50.39768062437081
            ],
            [
              1.5699664459670746,
              50.444481375243384
            ],
            [
              1.5774237782704903,
              50.51653279341479
            ],
            [
              1.5854134517805314,
              50.537352456779296
            ],
            [
              1.6192903917994448,
              50.53527496629917
            ],
            [
              1.581273860269884,
              50.56277234419219
            ],
            [
              1.5766093094233622,
              50.57222508465235
            ],
            [
              1.5754702574635382,
              50.64376921433218
            ],
            [
              1.5607115203796038,
              50.69967640419991
            ],
            [
              1.5940631007212405,
              50.73490631352115
            ],
            [
              1.6044002891055364,
              50.76283351023702
            ],
            [
              1.6054977030902289,
              50.79303342273639
            ],
            [
              1.577946150441329,
              50.85333565117015
            ],
            [
              1.5835458071046016,
              50.87182012003101
            ],
            [
              1.6421019989787113,
              50.87886833813072
            ],
            [
              1.6673428270137456,
              50.89226662456871
            ],
            [
              1.692541394498637,
              50.91537531133391
            ],
            [
              1.7288531641107558,
              50.93789161557745
            ],
            [
              1.7807165493326218,
              50.95487029863247
            ],
            [
              1.8323650766395754,
              50.963096204871015
            ],
            [
              1.8711615477136776,
              50.97493483409628
            ],
            [
              1.8896911321764678,
              50.97231089361649
            ],
            [
              1.915776261224723,
              50.9840846407249
            ],
            [
              2.0454058015250167,
              50.998317962768176
            ],
            [
              2.067712027611001,
              51.00650515466528
            ],
            [
              2.1101030884192196,
              51.00515436424168
            ],
            [
              2.1387263723924743,
              51.02047731288083
            ],
            [
              2.1902457546664613,
              51.01804063448275
            ],
            [
              2.1918237851448867,
              51.034715807218134
            ],
            [
              2.218563107404832,
              51.03222167243631
            ],
            [
              2.2590195633030064,
              51.043490583642196
            ],
            [
              2.342194490550121,
              51.057309558240824
            ],
            [
              2.395233281299764,
              51.05033008301106
            ],
            [
              2.4247542826080695,
              51.055626117413155
            ],
            [
              2.5463252972819905,
              51.088402305103116
            ],
            [
              2.5628959666132043,
              51.064605626153075
            ],
            [
              2.575982419777286,
              51.01375274755887
            ],
            [
              2.5739940374755257,
              51.00352108038122
            ],
            [
              2.6080265106495104,
              50.98718243218274
            ],
            [
              2.6326872836805335,
              50.94600519935866
            ],
            [
              2.5900130400649437,
              50.919096163778526
            ],
            [
              2.607535290732441,
              50.9124066086538
            ],
            [
              2.610326300169626,
              50.862061552621626
            ],
            [
              2.634982733121708,
              50.81275641876223
            ],
            [
              2.7181914035396804,
              50.81320560793264
            ],
            [
              2.737511840411906,
              50.782670872072046
            ],
            [
              2.781947131330458,
              50.751092598326686
            ],
            [
              2.7867446611456996,
              50.73381921547943
            ],
            [
              2.813275390169948,
              50.716947630173586
            ],
            [
              2.8483804350303905,
              50.72291764499729
            ],
            [
              2.870172980563469,
              50.70291406808004
            ],
            [
              2.8983800599236966,
              50.69423611297018
            ],
            [
              2.922327234684258,
              50.70280503897035
            ],
            [
              2.9374114543505443,
              50.74209770629575
            ],
            [
              2.969662775707332,
              50.74961097888233
            ],
            [
              3.0220450489487614,
              50.77210693218003
            ],
            [
              3.0613770323899683,
              50.78050085123832
            ],
            [
              3.088705984283759,
              50.77336931450737
            ],
            [
              3.1109249331515394,
              50.794122278216896
            ],
            [
              3.1519976780893755,
              50.78234329668403
            ],
            [
              3.1991342816652897,
              50.734730939175776
            ],
            [
              3.211782829092417,
              50.71325538898358
            ],
            [
              3.2446834848058272,
              50.71304246580907
            ],
            [
              3.2583851392745764,
              50.70064949194268
            ],
            [
              3.2624232273169933,
              50.6784852826563
            ],
            [
              3.2410965359392057,
              50.65778991575674
            ],
            [
              3.25520436601742,
              50.62258275479467
            ],
            [
              3.270292523712289,
              50.610812110449736
            ],
            [
              3.2817266737308675,
              50.57732844552126
            ],
            [
              3.275957418697949,
              50.55853840025285
            ],
            [
              3.286531399925948,
              50.52757580555707
            ],
            [
              3.362673754976159,
              50.50309643957861
            ],
            [
              3.3762218373048696,
              50.49108182460425
            ],
            [
              3.432248715257614,
              50.507118771607686
            ],
            [
              3.4739635628750074,
              50.533561751146436
            ],
            [
              3.5194110029872943,
              50.522868831996384
            ],
            [
              3.4963210235985827,
              50.498683290226374
            ],
            [
              3.5223176214061334,
              50.49496788323126
            ],
            [
              3.5683447329862488,
              50.50097669533296
            ],
            [
              3.5853371177327213,
              50.49053885448199
            ],
            [
              3.607087548067213,
              50.497283044825515
            ],
            [
              3.6436495322531623,
              50.463211807396284
            ],
            [
              3.664218477773235,
              50.45317465879256
            ],
            [
              3.673733173288203,
              50.38972521710218
            ],
            [
              3.658270970690328,
              50.37134117960119
            ],
            [
              3.673675908769281,
              50.3349233228203
            ],
            [
              3.710430924740463,
              50.30316614070561
            ],
            [
              3.731606234421014,
              50.31235332867399
            ],
            [
              3.7362206016065613,
              50.3432570480394
            ],
            [
              3.7474038155627727,
              50.35092914840201
            ],
            [
              3.8527555820958135,
              50.35159288086556
            ],
            [
              3.889799951126813,
              50.32998024472696
            ],
            [
              3.9090033110400197,
              50.328466474363545
            ],
            [
              3.967898522087576,
              50.35036640688851
            ],
            [
              3.993908424048428,
              50.3486153355103
            ],
            [
              4.027387066832294,
              50.357490365275616
            ],
            [
              4.037614330208127,
              50.34294913095139
            ],
            [
              4.12197186382358,
              50.298311640610294
            ],
            [
              4.124352666164769,
              50.27361398697191
            ],
            [
              4.207538662540225,
              50.27297040073831
            ],
            [
              4.221850100147642,
              50.25695260304661
            ],
            [
              4.189455991301053,
              50.23687571936165
            ],
            [
              4.160120194753328,
              50.202535967141905
            ],
            [
              4.149388632981125,
              50.174787171955124
            ],
            [
              4.154073029606527,
              50.161253710023075
            ],
            [
              4.126926892460069,
              50.13501086614893
            ],
            [
              4.197038470830976,
              50.13530868448463
            ],
            [
              4.197497822706036,
              50.109176465683625
            ],
            [
              4.227538806961173,
              50.079679063351016
            ],
            [
              4.217832037790911,
              50.06080510279823
            ],
            [
              4.173905462387534,
              50.045603929706495
            ],
            [
              4.162223866832849,
              50.04898484693673
            ],
            [
              4.136379263762434,
              50.0204647847058
            ],
            [
              4.157702243163169,
              49.988249823321674
            ],
            [
              4.140895251736092,
              49.97875959899442
            ]
          ]
        ]
      }
    },
    {
      "type": "Feature",
      "properties": {
        "region": "Normandie",
        "code": "10",
        "departements": [
          "76",
          "61",
          "50",
          "28",
          "27",
          "14"
        ]
      },
      "geometry": {
        "type": "Polygon",
        "coordinates": [
          [
            [
              1.5015238197988665,
              48.94105360615515
            ],
            [
              1.5073440226070087,
              48.927598989147334
            ],
            [
              1.5386150005667363,
              48.92179645733065
            ],
            [
              1.5385208308731109,
              48.90668492167043
            ],
            [
              1.5595052783343866,
              48.88205164409549
            ],
            [
              1.5462315883376268,
              48.87242890235984
            ],
            [
              1.581598875031263,
              48.85499897015231
            ],
            [
              1.5772685877162862,
              48.84436076548629
            ],
            [
              1.5912030850964909,
              48.814869639400584
            ],
            [
              1.5756742260519878,
              48.7905067944881
            ],
            [
              1.5875947031508344,
              48.773602302755286
            ],
            [
              1.6263993499269267,
              48.748094297484094
            ],
            [
              1.579545829918285,
              48.70181187348942
            ],
            [
              1.6117708691618606,
              48.68947111646258
            ],
            [
              1.603118482168126,
              48.66241796207503
            ],
            [
              1.651574528306872,
              48.63812870428749
            ],
            [
              1.6662188615195896,
              48.613706715891
            ],
            [
              1.714895681919355,
              48.61439494545783
            ],
            [
              1.7019890546581085,
              48.58499862181419
            ],
            [
              1.7092527874670105,
              48.57802434626235
            ],
            [
              1.7653297161980415,
              48.56937104099974
            ],
            [
              1.7872450519775867,
              48.55374456486673
            ],
            [
              1.775751488475668,
              48.52770729661422
            ],
            [
              1.7768442507697113,
              48.50931096191216
            ],
            [
              1.8032057888939028,
              48.472565678495286
            ],
            [
              1.8321369890615689,
              48.467581442678565
            ],
            [
              1.84486306037181,
              48.4493607065379
            ],
            [
              1.8716851573650342,
              48.43978475842447
            ],
            [
              1.9064022701801788,
              48.44014576962788
            ],
            [
              1.9221489648373706,
              48.457600286064135
            ],
            [
              1.940657409608177,
              48.42520626181189
            ],
            [
              1.9258935288275238,
              48.412738189076535
            ],
            [
              1.9765777946992387,
              48.39938447447991
            ],
            [
              1.9734600276085819,
              48.38883055198841
            ],
            [
              1.9868210109251592,
              48.36214189229105
            ],
            [
              1.9699915637784469,
              48.33969146951863
            ],
            [
              1.9799848326906437,
              48.31848007972407
            ],
            [
              1.9592272366957604,
              48.308689574530625
            ],
            [
              1.9752916566344318,
              48.28719843612737
            ],
            [
              1.9940847180593788,
              48.286585877943075
            ],
            [
              1.9878756044776544,
              48.268707563969706
            ],
            [
              1.9654790051841269,
              48.255466245296866
            ],
            [
              1.9625953467362638,
              48.22259665048149
            ],
            [
              1.9514550396684471,
              48.18958117854365
            ],
            [
              1.9250485316689847,
              48.17448662149941
            ],
            [
              1.9033398897931277,
              48.152806309750886
            ],
            [
              1.920402814020387,
              48.14638533996389
            ],
            [
              1.9010631123528121,
              48.129720309688054
            ],
            [
              1.8843851938361136,
              48.097661066466635
            ],
            [
              1.8656712589157682,
              48.08385719871519
            ],
            [
              1.797975547328593,
              48.07686831186792
            ],
            [
              1.7448338583126362,
              48.0661443495906
            ],
            [
              1.6789955266507441,
              48.065829398062704
            ],
            [
              1.6556783876479508,
              48.076176598146596
            ],
            [
              1.6245928719693987,
              48.067222742913955
            ],
            [
              1.6138290938946773,
              48.04498314926178
            ],
            [
              1.5941156652809598,
              48.03069992074373
            ],
            [
              1.545306911308587,
              48.0445885217016
            ],
            [
              1.512975755811939,
              48.02872178084264
            ],
            [
              1.5266687471482352,
              48.00726560320355
            ],
            [
              1.5201238283340488,
              47.982278476987
            ],
            [
              1.4396560496498594,
              48.01194932329023
            ],
            [
              1.4372409526093535,
              47.9764987201296
            ],
            [
              1.4068828320031919,
              47.97009659263769
            ],
            [
              1.3869462890722553,
              47.9812831788851
            ],
            [
              1.3700158222874876,
              47.95374905485532
            ],
            [
              1.343701298620938,
              47.957530775683054
            ],
            [
              1.3086281518302283,
              47.953853799768815
            ],
            [
              1.2995800659732568,
              47.96816150698365
            ],
            [
              1.262653160836444,
              47.96284180147032
            ],
            [
              1.2456512469484482,
              47.979278052584
            ],
            [
              1.2096430686639739,
              47.96850051668402
            ],
            [
              1.1695601007353318,
              48.00668912927458
            ],
            [
              1.1666303937374705,
              48.02739182079259
            ],
            [
              1.122713770015408,
              48.035980030467925
            ],
            [
              1.1031936171142485,
              48.08108800423722
            ],
            [
              1.0260026950898764,
              48.088407307781466
            ],
            [
              1.0085477409246668,
              48.0831267789959
            ],
            [
              0.9915488801693668,
              48.09741164653938
            ],
            [
              1.0456264025684945,
              48.11762847776995
            ],
            [
              1.0387342870949972,
              48.13165484141439
            ],
            [
              1.012548026499917,
              48.132548614185936
            ],
            [
              0.9813105576003316,
              48.119560230186515
            ],
            [
              0.9502768856001645,
              48.09927549241419
            ],
            [
              0.9440295929845693,
              48.11237193590575
            ],
            [
              0.8909295923841402,
              48.10206310395515
            ],
            [
              0.8758906410789156,
              48.10943550861685
            ],
            [
              0.8412172317044129,
              48.10306240932052
            ],
            [
              0.8525696983122546,
              48.133605674559426
            ],
            [
              0.913802022562964,
              48.13512781830264
            ],
            [
              0.9116186783263119,
              48.14886135015183
            ],
            [
              0.8619836907733601,
              48.16682130452495
            ],
            [
              0.8367739335625146,
              48.166991974853865
            ],
            [
              0.797655838494225,
              48.19445221754921
            ],
            [
              0.764084678712686,
              48.181597068873735
            ],
            [
              0.7236370295054257,
              48.198143278755104
            ],
            [
              0.6954713879467597,
              48.236330986094266
            ],
            [
              0.6754723126802372,
              48.254743451079044
            ],
            [
              0.6531564634145168,
              48.26370008686643
            ],
            [
              0.6236114391567086,
              48.24531365157172
            ],
            [
              0.5791940330516644,
              48.24436715365327
            ],
            [
              0.5359730618565085,
              48.24984731423508
            ],
            [
              0.5303066115723511,
              48.265500468342935
            ],
            [
              0.49456203378441577,
              48.28681219277962
            ],
            [
              0.48757228180388706,
              48.307800269630285
            ],
            [
              0.4313327796769827,
              48.30663773892564
            ],
            [
              0.4062188750511576,
              48.31462381799055
            ],
            [
              0.3826045470591668,
              48.33382739375671
            ],
            [
              0.3831416441494548,
              48.35506581259146
            ],
            [
              0.3717304119271855,
              48.41045271670545
            ],
            [
              0.38155707814654405,
              48.42516246095979
            ],
            [
              0.35577910790038714,
              48.4582196404425
            ],
            [
              0.30023976976312095,
              48.480570774759265
            ],
            [
              0.21796784681891437,
              48.4738014493765
            ],
            [
              0.18981014616858835,
              48.46189487699406
            ],
            [
              0.17216701037378906,
              48.46478849710128
            ],
            [
              0.1513148609685129,
              48.43722944549019
            ],
            [
              0.11624508246972709,
              48.43555379652284
            ],
            [
              0.09917026625350714,
              48.41035346558878
            ],
            [
              0.0686800642491165,
              48.406668571805646
            ],
            [
              0.06252414284954447,
              48.38302768487248
            ],
            [
              0.020988775959532427,
              48.38019902542899
            ],
            [
              0.0033707584170527497,
              48.39598744941706
            ],
            [
              -0.04462899093295152,
              48.379755379925435
            ],
            [
              -0.05453120471342586,
              48.382003457815514
            ],
            [
              -0.05735713318959158,
              48.42850475869075
            ],
            [
              -0.051896256193192464,
              48.4532597698412
            ],
            [
              -0.10641204070316028,
              48.44752336948581
            ],
            [
              -0.14362687075469976,
              48.45472711281225
            ],
            [
              -0.1663420949957147,
              48.51558833305454
            ],
            [
              -0.14460396356167668,
              48.52775250488166
            ],
            [
              -0.16938322355767327,
              48.53697934057344
            ],
            [
              -0.20693829348513745,
              48.562944759163955
            ],
            [
              -0.23435383691646136,
              48.56233718214002
            ],
            [
              -0.26180278773892185,
              48.54789343136948
            ],
            [
              -0.24146030977322894,
              48.53711490462154
            ],
            [
              -0.2629746987558156,
              48.52359724467027
            ],
            [
              -0.2715497531161014,
              48.50745217404008
            ],
            [
              -0.3202385045732452,
              48.522920009526636
            ],
            [
              -0.33820693066737895,
              48.50050101655408
            ],
            [
              -0.3676233888648988,
              48.492944315128234
            ],
            [
              -0.44380935670202487,
              48.51374721178168
            ],
            [
              -0.4781981375781819,
              48.501570405632215
            ],
            [
              -0.5050654278707298,
              48.50579601256293
            ],
            [
              -0.5304357344769987,
              48.495166069981224
            ],
            [
              -0.5502899127948604,
              48.47423143238625
            ],
            [
              -0.5986229162657322,
              48.47101955265918
            ],
            [
              -0.6510738694884249,
              48.44394876336686
            ],
            [
              -0.6662397250359153,
              48.48588955148741
            ],
            [
              -0.7020679300858332,
              48.467206812159105
            ],
            [
              -0.730343478460553,
              48.472706578375146
            ],
            [
              -0.7358573623603453,
              48.46112222178988
            ],
            [
              -0.7151034623418729,
              48.448949122074
            ],
            [
              -0.7572811397545338,
              48.436551469912764
            ],
            [
              -0.7796468261489741,
              48.44602717779943
            ],
            [
              -0.7778740724524535,
              48.46541168200867
            ],
            [
              -0.7975558085305263,
              48.465278693659805
            ],
            [
              -0.8603629154348681,
              48.50145849652254
            ],
            [
              -0.895759002734999,
              48.49483509679017
            ],
            [
              -0.9223589824244613,
              48.512387467627654
            ],
            [
              -0.9563792193607108,
              48.5166180795957
            ],
            [
              -0.9722539090536432,
              48.49459678797466
            ],
            [
              -1.003998750116345,
              48.489170559999316
            ],
            [
              -1.0605549892053183,
              48.51534444794686
            ],
            [
              -1.0701645143702043,
              48.50849381419032
            ],
            [
              -1.1305430914657242,
              48.52170438546665
            ],
            [
              -1.1470794109416749,
              48.517497772579
            ],
            [
              -1.1709940931325373,
              48.53107346572728
            ],
            [
              -1.1883677623098592,
              48.52868744833374
            ],
            [
              -1.206555726308375,
              48.54220594454138
            ],
            [
              -1.2722484935647256,
              48.533924823055
            ],
            [
              -1.2792064911793741,
              48.50916990134831
            ],
            [
              -1.3286586444430455,
              48.49624141596003
            ],
            [
              -1.3446860862323986,
              48.47306856926301
            ],
            [
              -1.3825547062366061,
              48.4568090552251
            ],
            [
              -1.4291375679083818,
              48.46255700303843
            ],
            [
              -1.4492619036481307,
              48.48610480553381
            ],
            [
              -1.4899474351423645,
              48.4893748476061
            ],
            [
              -1.4956341385339116,
              48.508901592854826
            ],
            [
              -1.5195667662578034,
              48.54001612578908
            ],
            [
              -1.5332845735947223,
              48.548008242217605
            ],
            [
              -1.5189153941473403,
              48.56659421958314
            ],
            [
              -1.5429924815935763,
              48.580444133540496
            ],
            [
              -1.5395886706131567,
              48.59990995187043
            ],
            [
              -1.571087121326364,
              48.62644574305228
            ],
            [
              -1.5435435350637288,
              48.63121279257955
            ],
            [
              -1.5156463864153509,
              48.618246538328954
            ],
            [
              -1.4771911456334617,
              48.618735940477464
            ],
            [
              -1.443640368193959,
              48.62752557033798
            ],
            [
              -1.3931950000571642,
              48.650524383670096
            ],
            [
              -1.4858341115383116,
              48.68638581019091
            ],
            [
              -1.5081675203931897,
              48.69117348999072
            ],
            [
              -1.5319288351465319,
              48.73102057677593
            ],
            [
              -1.5601811084952157,
              48.73546601099355
            ],
            [
              -1.5744067767391592,
              48.75184944838184
            ],
            [
              -1.5689116621961623,
              48.80265414493922
            ],
            [
              -1.5744419562050678,
              48.821684938652076
            ],
            [
              -1.60492034674064,
              48.83789166867906
            ],
            [
              -1.5871695543001123,
              48.84645691414395
            ],
            [
              -1.5763778734243568,
              48.86622956887365
            ],
            [
              -1.5696724678452931,
              48.899023227002154
            ],
            [
              -1.5515508912728522,
              48.90833449236361
            ],
            [
              -1.5434217971126396,
              48.93102731412556
            ],
            [
              -1.5621121920567587,
              48.94101750482779
            ],
            [
              -1.5607059456223331,
              49.00148291031971
            ],
            [
              -1.5937932678762967,
              49.022503267429315
            ],
            [
              -1.6094115242692357,
              49.07927811770436
            ],
            [
              -1.606935957044734,
              49.11003133842661
            ],
            [
              -1.5947491074806148,
              49.131932809532245
            ],
            [
              -1.6073172609984514,
              49.19664548258766
            ],
            [
              -1.5892834706047838,
              49.23342782862976
            ],
            [
              -1.61699549946473,
              49.23161226126529
            ],
            [
              -1.6316904105955683,
              49.21422567935813
            ],
            [
              -1.6541578497297265,
              49.241447844599655
            ],
            [
              -1.6650285987196094,
              49.265558278699984
            ],
            [
              -1.711168264458309,
              49.32509928438261
            ],
            [
              -1.7242753116935,
              49.32710827112396
            ],
            [
              -1.7647207703926648,
              49.36355636410871
            ],
            [
              -1.8070415201028562,
              49.371883988182944
            ],
            [
              -1.8236585668079848,
              49.4014702879999
            ],
            [
              -1.8267724913131993,
              49.452917249373044
            ],
            [
              -1.844605855792456,
              49.47096122199953
            ],
            [
              -1.8525981237513987,
              49.51038685631441
            ],
            [
              -1.8819329337834734,
              49.519310940029676
            ],
            [
              -1.8856955118557936,
              49.54039147246037
            ],
            [
              -1.8579284299662393,
              49.5515291506756
            ],
            [
              -1.8410273136069895,
              49.57173433702396
            ],
            [
              -1.8451411614330706,
              49.61908992529084
            ],
            [
              -1.8603000418191267,
              49.65019279204103
            ],
            [
              -1.8956952778084324,
              49.664931836942685
            ],
            [
              -1.9461788272965446,
              49.67434830154208
            ],
            [
              -1.936439146470204,
              49.69375892397446
            ],
            [
              -1.9472764301188112,
              49.704932281313916
            ],
            [
              -1.942245186733018,
              49.72555529334811
            ],
            [
              -1.916516630754937,
              49.724878374537525
            ],
            [
              -1.882912866788183,
              49.705706386310766
            ],
            [
              -1.8587301287976281,
              49.715623305593
            ],
            [
              -1.839532798595857,
              49.71155454173644
            ],
            [
              -1.8228561882429963,
              49.69031481833081
            ],
            [
              -1.7745875090438277,
              49.68086868404481
            ],
            [
              -1.717807811993846,
              49.67984522346912
            ],
            [
              -1.6867515873282075,
              49.67307140423291
            ],
            [
              -1.6724172017020642,
              49.65765473955586
            ],
            [
              -1.63285141798923,
              49.66064611404181
            ],
            [
              -1.6246789365290826,
              49.6464653967003
            ],
            [
              -1.520239237616472,
              49.65741709322276
            ],
            [
              -1.4858029063728724,
              49.669313639920425
            ],
            [
              -1.4710805783093919,
              49.69667602847381
            ],
            [
              -1.4557412827864928,
              49.691326221246335
            ],
            [
              -1.4211576721789985,
              49.70370298113619
            ],
            [
              -1.3685551471066846,
              49.706629617440186
            ],
            [
              -1.2998499192449107,
              49.6935189965057
            ],
            [
              -1.2679290471720517,
              49.69532738213563
            ],
            [
              -1.271008796143279,
              49.6797055830237
            ],
            [
              -1.2391814229357874,
              49.65240173891874
            ],
            [
              -1.2290598170197164,
              49.60871341882292
            ],
            [
              -1.254286601197548,
              49.61265560522737
            ],
            [
              -1.2662663845442874,
              49.592850277700535
            ],
            [
              -1.2962320370638967,
              49.58317124235064
            ],
            [
              -1.3091674328357494,
              49.552607084023585
            ],
            [
              -1.3063594927131816,
              49.538927340535665
            ],
            [
              -1.2527076587085064,
              49.480600121491854
            ],
            [
              -1.1925632637620527,
              49.432177811410874
            ],
            [
              -1.1680020729875382,
              49.408031628446786
            ],
            [
              -1.1617336960367475,
              49.391748947534765
            ],
            [
              -1.1785816005847864,
              49.37845801413797
            ],
            [
              -1.1639520107160866,
              49.36665848650392
            ],
            [
              -1.1196225402660513,
              49.3555679898469
            ],
            [
              -1.0782173743324184,
              49.38849350541246
            ],
            [
              -1.0302250793020893,
              49.38958141035263
            ],
            [
              -0.9887106844575865,
              49.39741154140852
            ],
            [
              -0.939384692333383,
              49.39504220855989
            ],
            [
              -0.8754490370644941,
              49.36957076039473
            ],
            [
              -0.8252067535670959,
              49.35753795654393
            ],
            [
              -0.7222488013847815,
              49.347004165939666
            ],
            [
              -0.647937711207899,
              49.3459781072392
            ],
            [
              -0.5987386883749173,
              49.33981459321013
            ],
            [
              -0.5532470677623611,
              49.34610161856534
            ],
            [
              -0.5153140242090218,
              49.34501616988366
            ],
            [
              -0.451962464076699,
              49.33549752432251
            ],
            [
              -0.41484859816372344,
              49.33558104324266
            ],
            [
              -0.36104180324658686,
              49.3228840274954
            ],
            [
              -0.3025757588502727,
              49.298441925066236
            ],
            [
              -0.22569330389903117,
              49.28181693021672
            ],
            [
              -0.1696632231153101,
              49.28624405434959
            ],
            [
              -0.09557631944627808,
              49.2981805995376
            ],
            [
              -0.0005074304791027337,
              49.32556281264521
            ],
            [
              0.07413515099973117,
              49.3651917979644
            ],
            [
              0.11039331683077662,
              49.39427124874853
            ],
            [
              0.1297510279522393,
              49.40298907653438
            ],
            [
              0.17578018698541883,
              49.41235618373611
            ],
            [
              0.21994001130961943,
              49.42676180478785
            ],
            [
              0.2972244202906153,
              49.42986163728299
            ],
            [
              0.33898282435946164,
              49.440931306061266
            ],
            [
              0.3393207094305681,
              49.449868831628415
            ],
            [
              0.27314284372297987,
              49.453414579238974
            ],
            [
              0.25680101789478893,
              49.44632740649414
            ],
            [
              0.21769675248147502,
              49.45296251103499
            ],
            [
              0.19246414594061223,
              49.45146267347711
            ],
            [
              0.12124538314126981,
              49.46319090812617
            ],
            [
              0.09027197399997772,
              49.48238083770633
            ],
            [
              0.0869152117239871,
              49.50142956453898
            ],
            [
              0.06955005489894274,
              49.50639804169097
            ],
            [
              0.07493125272583377,
              49.53633203458849
            ],
            [
              0.1067376725391497,
              49.58349804620551
            ],
            [
              0.1358703018889327,
              49.61860240605246
            ],
            [
              0.1545347165457159,
              49.648642302677665
            ],
            [
              0.16422682078283132,
              49.6864622352224
            ],
            [
              0.1916018630620729,
              49.70633817691035
            ],
            [
              0.25070045477776937,
              49.72314244472515
            ],
            [
              0.2832559477463974,
              49.736576618509304
            ],
            [
              0.3204248903804176,
              49.741454635143654
            ],
            [
              0.35491793407269084,
              49.75501019348861
            ],
            [
              0.3653124690043182,
              49.7657533954537
            ],
            [
              0.43342979790476643,
              49.788116116429364
            ],
            [
              0.5227583029442804,
              49.82453411281469
            ],
            [
              0.5729399803584807,
              49.84972067059468
            ],
            [
              0.642036660341264,
              49.86418779498403
            ],
            [
              0.7061281802579872,
              49.87233770484798
            ],
            [
              0.717770959544887,
              49.86976975035244
            ],
            [
              0.7909714215080401,
              49.875752899331296
            ],
            [
              0.8325742104597927,
              49.889609850179305
            ],
            [
              0.8746626207569893,
              49.894680673456534
            ],
            [
              0.9297893305630467,
              49.90673400517858
            ],
            [
              0.9631874837108031,
              49.91985755151356
            ],
            [
              1.0200465393294824,
              49.91610987649026
            ],
            [
              1.106143977580899,
              49.936747669981074
            ],
            [
              1.205890918797349,
              49.97349908694593
            ],
            [
              1.2464603482064156,
              49.99528129594621
            ],
            [
              1.3324241305696787,
              50.047123771141564
            ],
            [
              1.3815511365583815,
              50.065766690242754
            ],
            [
              1.4092601958562414,
              50.057074130391825
            ],
            [
              1.4235954957723689,
              50.070850716019166
            ],
            [
              1.459145908803628,
              50.062499063196654
            ],
            [
              1.4521908437935025,
              50.04023194047863
            ],
            [
              1.4933078848725079,
              50.01773775805818
            ],
            [
              1.5165885660526253,
              50.011616580757526
            ],
            [
              1.5269495769722599,
              49.99657729204429
            ],
            [
              1.5738945679765357,
              49.973919004055446
            ],
            [
              1.5940134659800094,
              49.94905060798451
            ],
            [
              1.6784506742272387,
              49.91813416149145
            ],
            [
              1.6932905136148655,
              49.895599170378354
            ],
            [
              1.7102228122571477,
              49.889310195824926
            ],
            [
              1.7373868163547241,
              49.808208553760934
            ],
            [
              1.7579353611352482,
              49.78079816556512
            ],
            [
              1.7838370588623413,
              49.75830750106765
            ],
            [
              1.7416263242274626,
              49.751633772466256
            ],
            [
              1.7454557068129848,
              49.73856265789178
            ],
            [
              1.7196883349196141,
              49.730467625863746
            ],
            [
              1.7154681056064667,
              49.70860435289633
            ],
            [
              1.6895758821118119,
              49.694785646260954
            ],
            [
              1.7045143422610263,
              49.68092631423977
            ],
            [
              1.7339504969080488,
              49.69920938045457
            ],
            [
              1.7521846819353237,
              49.680957188725905
            ],
            [
              1.7252046142437358,
              49.67263435960493
            ],
            [
              1.7088335612864556,
              49.64638148474686
            ],
            [
              1.7216075786347382,
              49.62199032398025
            ],
            [
              1.7057508157515966,
              49.60621127470416
            ],
            [
              1.7147813730167585,
              49.576405140938526
            ],
            [
              1.7298338150528105,
              49.56129313430964
            ],
            [
              1.7271846205611596,
              49.54162647589022
            ],
            [
              1.7478873461630975,
              49.537734307389876
            ],
            [
              1.7192326604453187,
              49.50822302010686
            ],
            [
              1.7508109914810421,
              49.4953034048916
            ],
            [
              1.7718644061411502,
              49.51284827349518
            ],
            [
              1.7902240900460897,
              49.50346919449449
            ],
            [
              1.7741127542848931,
              49.48629204874629
            ],
            [
              1.775862453037976,
              49.47132557760213
            ],
            [
              1.7474339115753832,
              49.45944834208184
            ],
            [
              1.7229968419974309,
              49.43391580233039
            ],
            [
              1.7139375433100608,
              49.409224988863485
            ],
            [
              1.7203156024953805,
              49.39482842844473
            ],
            [
              1.759340781875861,
              49.368238985112555
            ],
            [
              1.7741379719748898,
              49.33469565160132
            ],
            [
              1.7679448109268296,
              49.31982583692622
            ],
            [
              1.7757705439300602,
              49.29951534986682
            ],
            [
              1.8026808722972285,
              49.271950623613535
            ],
            [
              1.7895325987859003,
              49.247868037421206
            ],
            [
              1.7643521273092135,
              49.2630859414422
            ],
            [
              1.7345063044967537,
              49.26899820204799
            ],
            [
              1.7104793339744566,
              49.26446416218004
            ],
            [
              1.7043642065965865,
              49.232201775163404
            ],
            [
              1.674090204376027,
              49.210248479159524
            ],
            [
              1.6643738026115165,
              49.15336752369717
            ],
            [
              1.655777439712795,
              49.13016217033744
            ],
            [
              1.6350518648476458,
              49.11430020855939
            ],
            [
              1.6087960706299218,
              49.07789415353795
            ],
            [
              1.6017185942276444,
              49.08450261108525
            ],
            [
              1.5570756944651978,
              49.06962240086733
            ],
            [
              1.5380423840651944,
              49.072342033316
            ],
            [
              1.4848834480593345,
              49.05154791492779
            ],
            [
              1.4607983669865394,
              49.0627440580796
            ],
            [
              1.4474328265726297,
              49.04518805211747
            ],
            [
              1.4577625828067995,
              49.026291046220386
            ],
            [
              1.4770779834042216,
              49.01679764336922
            ],
            [
              1.477085024550759,
              48.978790316157344
            ],
            [
              1.4974212515808907,
              48.97955944476306
            ],
            [
              1.5015238197988665,
              48.94105360615515
            ]
          ]
        ]
      }
    },
    {
      "type": "Feature",
      "properties": {
        "region": "Occitanie",
        "code": "5",
        "departements": [
          "82",
          "81",
          "66",
          "65",
          "46",
          "32",
          "31",
          "19",
          "15",
          "12",
          "11",
          "09"
        ]
      },
      "geometry": {
        "type": "MultiPolygon",
        "coordinates": [
          [
            [
              [
                3.043510805290506,
                42.8381501142638
              ],
              [
                3.039269430432411,
                42.799791836114
              ],
              [
                3.03866210585288,
                42.73115943015552
              ],
              [
                3.0354222951214984,
                42.678248196502366
              ],
              [
                3.037082831998312,
                42.62608415053007
              ],
              [
                3.0451908300933015,
                42.59457922768011
              ],
              [
                3.0496064216977565,
                42.55014015956973
              ],
              [
                3.0571198441096596,
                42.5372092844744
              ],
              [
                3.0868940108835354,
                42.524055488048134
              ],
              [
                3.1056245890262795,
                42.525593780023925
              ],
              [
                3.138121628181151,
                42.51489518727693
              ],
              [
                3.1229727483854868,
                42.50504339919354
              ],
              [
                3.1331116175574936,
                42.48125477575951
              ],
              [
                3.1530067352162088,
                42.477776284883916
              ],
              [
                3.15732898680088,
                42.459432454750015
              ],
              [
                3.1741805499682005,
                42.435585934319825
              ],
              [
                3.120829508201149,
                42.43800580748714
              ],
              [
                3.085437328583658,
                42.42550988123317
              ],
              [
                3.0490406236305536,
                42.45554617467689
              ],
              [
                3.0407621096853417,
                42.47314100863664
              ],
              [
                3.0125781244014846,
                42.46652317375274
              ],
              [
                2.988889553374083,
                42.4738313841575
              ],
              [
                2.9689921541918216,
                42.46579130273507
              ],
              [
                2.9470269070718653,
                42.481801093577864
              ],
              [
                2.924481044394249,
                42.458389170964374
              ],
              [
                2.863516909035993,
                42.463685965835424
              ],
              [
                2.8414109625242325,
                42.45852270899326
              ],
              [
                2.814839563839402,
                42.43879437507126
              ],
              [
                2.799242281304166,
                42.41856867596309
              ],
              [
                2.771995685896969,
                42.412356726628104
              ],
              [
                2.7532002138160787,
                42.42535725427018
              ],
              [
                2.7163026018456495,
                42.420861005709845
              ],
              [
                2.6737509151182475,
                42.40452391803864
              ],
              [
                2.6556410417562404,
                42.38843162789706
              ],
              [
                2.6717654689105332,
                42.34117820769783
              ],
              [
                2.611297522207988,
                42.346807721180475
              ],
              [
                2.5778245531567956,
                42.357933234601866
              ],
              [
                2.5545994607392077,
                42.353892840228475
              ],
              [
                2.540046438348588,
                42.33376082281662
              ],
              [
                2.5003079444422434,
                42.342911142856316
              ],
              [
                2.4829628754848416,
                42.33964655377135
              ],
              [
                2.4675348643249904,
                42.35892180847505
              ],
              [
                2.4334621567522774,
                42.37709101786132
              ],
              [
                2.435482130866189,
                42.38887656698712
              ],
              [
                2.3491816579437708,
                42.40674798977397
              ],
              [
                2.3069539494770965,
                42.42879201328318
              ],
              [
                2.2923910299124817,
                42.422979357750634
              ],
              [
                2.2567190982902723,
                42.43844036451443
              ],
              [
                2.2466766500833426,
                42.429497661909714
              ],
              [
                2.201063478390105,
                42.41629324758647
              ],
              [
                2.1563417567377465,
                42.42342744508062
              ],
              [
                2.128866046268498,
                42.4124914459525
              ],
              [
                2.1151215213189642,
                42.38204970639233
              ],
              [
                2.08954757389964,
                42.37371732752677
              ],
              [
                2.0835981014554434,
                42.36270013981574
              ],
              [
                2.02349649688789,
                42.35522663210627
              ],
              [
                1.9859066164117019,
                42.36204816679774
              ],
              [
                1.9605413830047367,
                42.39193435465887
              ],
              [
                1.9582842085598802,
                42.42404869009333
              ],
              [
                1.9417298315540916,
                42.42966577271863
              ],
              [
                1.9353121382830816,
                42.45358596021788
              ],
              [
                1.9166429808948604,
                42.44630507104221
              ],
              [
                1.8854520225275206,
                42.44929175065031
              ],
              [
                1.8814289746097121,
                42.459713683305495
              ],
              [
                1.8498223891207548,
                42.46731551034911
              ],
              [
                1.8433623972460949,
                42.477143601221265
              ],
              [
                1.8030674804478923,
                42.48955493039855
              ],
              [
                1.7632574952590807,
                42.48684429750053
              ],
              [
                1.7312197831734901,
                42.49274331055303
              ],
              [
                1.7262968840513657,
                42.51739946334924
              ],
              [
                1.735934655538207,
                42.55051896327486
              ],
              [
                1.7548048574820891,
                42.56487435248866
              ],
              [
                1.7861250110638969,
                42.57362343207788
              ],
              [
                1.773155041578549,
                42.58067708426063
              ],
              [
                1.7259206571767567,
                42.59036520824838
              ],
              [
                1.737964425021432,
                42.61131401180095
              ],
              [
                1.6835991033030946,
                42.624864963586695
              ],
              [
                1.6620254880346446,
                42.61948091899569
              ],
              [
                1.637155477178948,
                42.63029849282105
              ],
              [
                1.6063547204789832,
                42.62745569822105
              ],
              [
                1.58567689224097,
                42.633568385987964
              ],
              [
                1.5623889852861503,
                42.653480869601616
              ],
              [
                1.5492483438086209,
                42.655776285849846
              ],
              [
                1.5014121994747076,
                42.64516242342437
              ],
              [
                1.4801044915371044,
                42.6513900879463
              ],
              [
                1.4694745196425487,
                42.62847928225725
              ],
              [
                1.4772675936643833,
                42.614967659090894
              ],
              [
                1.4557081666267313,
                42.60205166220692
              ],
              [
                1.4401504415315978,
                42.60350721030018
              ],
              [
                1.4201858337826103,
                42.62607181448239
              ],
              [
                1.4139966708290406,
                42.65484551119558
              ],
              [
                1.38773471434658,
                42.67099021370737
              ],
              [
                1.389599626449476,
                42.68508287715744
              ],
              [
                1.354404547925789,
                42.699493649410854
              ],
              [
                1.3579397808759273,
                42.71551055541734
              ],
              [
                1.32502612790918,
                42.72390397060219
              ],
              [
                1.2778256065536044,
                42.71387414262699
              ],
              [
                1.2525274855971043,
                42.71564959267591
              ],
              [
                1.2283255116895055,
                42.727437974142234
              ],
              [
                1.2171573639899749,
                42.7204805063676
              ],
              [
                1.1618481533807585,
                42.711046329845956
              ],
              [
                1.1333079622063968,
                42.729016535435846
              ],
              [
                1.1280806814053455,
                42.75537633903151
              ],
              [
                1.1069774050999934,
                42.772292244775535
              ],
              [
                1.0706247661216861,
                42.78247308343543
              ],
              [
                0.9831091862639382,
                42.787068192050434
              ],
              [
                0.9598896789755389,
                42.805643801609044
              ],
              [
                0.9235668371314283,
                42.7903836690362
              ],
              [
                0.8583056667230173,
                42.82571908908446
              ],
              [
                0.8014829737147933,
                42.840482516254525
              ],
              [
                0.786497752721584,
                42.835955365811344
              ],
              [
                0.7377189409040268,
                42.84872835147501
              ],
              [
                0.708377779630982,
                42.86140184526933
              ],
              [
                0.6590147498491514,
                42.838529465460994
              ],
              [
                0.6698627393614355,
                42.82438101654399
              ],
              [
                0.6705882589690579,
                42.80475875717359
              ],
              [
                0.6445405045620645,
                42.78307646581688
              ],
              [
                0.6503239309882353,
                42.76416869986073
              ],
              [
                0.6822635276176596,
                42.70896825363519
              ],
              [
                0.6705736143224804,
                42.68989711626274
              ],
              [
                0.607646803436206,
                42.69905996655662
              ],
              [
                0.5868270391623184,
                42.69500344995768
              ],
              [
                0.5296137950834886,
                42.702684358976896
              ],
              [
                0.5185245887513461,
                42.691876177213395
              ],
              [
                0.47774954032737066,
                42.69999034279792
              ],
              [
                0.4356455710506602,
                42.69037183158463
              ],
              [
                0.40211897973801236,
                42.69648986021392
              ],
              [
                0.39263011986752094,
                42.71311750189731
              ],
              [
                0.3596287954835796,
                42.72339183232152
              ],
              [
                0.3262254490865479,
                42.70523591329384
              ],
              [
                0.320802303741389,
                42.683131711219026
              ],
              [
                0.29282224858132516,
                42.67492458180092
              ],
              [
                0.2657494410548165,
                42.69585404878972
              ],
              [
                0.2601414748532607,
                42.715502851551555
              ],
              [
                0.22668497017769476,
                42.71735823262267
              ],
              [
                0.2059924149934227,
                42.729298724675765
              ],
              [
                0.17574306986977128,
                42.73677329861877
              ],
              [
                0.1604176644184873,
                42.72442882623834
              ],
              [
                0.1365670029696411,
                42.72232698158292
              ],
              [
                0.11125032280716181,
                42.71021137331376
              ],
              [
                0.09042040053997723,
                42.717132811761196
              ],
              [
                0.0459533905361909,
                42.696777408747096
              ],
              [
                0.024585610304963493,
                42.70245653014717
              ],
              [
                -0.010637584646291413,
                42.684385085093155
              ],
              [
                -0.05980922099813103,
                42.69342720546847
              ],
              [
                -0.06884483739406957,
                42.7179035165553
              ],
              [
                -0.10244023343942496,
                42.72158700465701
              ],
              [
                -0.15972871920981477,
                42.79739905213244
              ],
              [
                -0.1784879363541327,
                42.785361494949754
              ],
              [
                -0.23844023717848478,
                42.808170502420666
              ],
              [
                -0.27668498267988956,
                42.835474417476526
              ],
              [
                -0.3134428634980887,
                42.84937505970757
              ],
              [
                -0.30706856228167917,
                42.86996632786312
              ],
              [
                -0.32717226195000754,
                42.91649889360632
              ],
              [
                -0.28159092548449843,
                42.93356279018235
              ],
              [
                -0.29228087888317733,
                42.991102936760555
              ],
              [
                -0.2872360879456974,
                43.00592033944367
              ],
              [
                -0.2648355668439734,
                43.009960256978964
              ],
              [
                -0.2599408711456362,
                43.038273850395626
              ],
              [
                -0.22443426834756924,
                43.033763083786916
              ],
              [
                -0.20042576352682828,
                43.042716040400485
              ],
              [
                -0.1991458409823786,
                43.064411115641306
              ],
              [
                -0.18776412338244444,
                43.08332759879084
              ],
              [
                -0.19098404402245078,
                43.11120001485184
              ],
              [
                -0.1708703509900363,
                43.11342325510858
              ],
              [
                -0.14613235140227143,
                43.128235959977104
              ],
              [
                -0.12625382600229515,
                43.157664646038775
              ],
              [
                -0.1177014616836111,
                43.1803266630819
              ],
              [
                -0.06787400013058484,
                43.17711979316513
              ],
              [
                -0.07252865439013752,
                43.22439059831667
              ],
              [
                -0.04586866874069626,
                43.23214073673146
              ],
              [
                -0.017007531250723754,
                43.270453175934975
              ],
              [
                -0.04438748267104296,
                43.285276684905334
              ],
              [
                -0.046122416801734574,
                43.300855792904
              ],
              [
                -0.024871748469064887,
                43.32949512965254
              ],
              [
                0.010318158747631801,
                43.32531563972634
              ],
              [
                0.029503346533208717,
                43.34615364492955
              ],
              [
                -0.005254456755174934,
                43.37375854928626
              ],
              [
                -0.003925534377874021,
                43.3934664638352
              ],
              [
                0.009655310320461439,
                43.422201547264585
              ],
              [
                -0.01653409524496999,
                43.44394693211105
              ],
              [
                -0.03370932429921264,
                43.43246529630011
              ],
              [
                -0.04274822802160633,
                43.410433038551396
              ],
              [
                -0.06960017201868417,
                43.43296649967561
              ],
              [
                -0.06575363832737609,
                43.46348011949314
              ],
              [
                -0.03395773428648386,
                43.4748821154567
              ],
              [
                -0.04931853949113948,
                43.49246722068145
              ],
              [
                -0.040131786150039817,
                43.512605402100824
              ],
              [
                -0.06439614081942817,
                43.54514708135416
              ],
              [
                -0.0889353115702106,
                43.55720120791489
              ],
              [
                -0.09678297320877491,
                43.582405897631695
              ],
              [
                -0.12160423721761877,
                43.58624235445866
              ],
              [
                -0.1604496417177948,
                43.58057113664128
              ],
              [
                -0.17292754407472402,
                43.59364235835892
              ],
              [
                -0.20474047168197715,
                43.583595044006366
              ],
              [
                -0.21060677583663345,
                43.59323717586582
              ],
              [
                -0.24283655874306692,
                43.58497620901365
              ],
              [
                -0.2472036903728421,
                43.615949823145584
              ],
              [
                -0.2777099095136678,
                43.616204272478164
              ],
              [
                -0.28211107433706983,
                43.64307015979027
              ],
              [
                -0.243162288337736,
                43.6545058231693
              ],
              [
                -0.23973019201148485,
                43.67124152201394
              ],
              [
                -0.2558984040423508,
                43.679791305136796
              ],
              [
                -0.23910333247309243,
                43.69394560059394
              ],
              [
                -0.2466545863762805,
                43.71066950060451
              ],
              [
                -0.2286074364319675,
                43.715376271697906
              ],
              [
                -0.19414330237233995,
                43.737016685694684
              ],
              [
                -0.20605373558746434,
                43.7500763289867
              ],
              [
                -0.2271397672790903,
                43.808272976810954
              ],
              [
                -0.19246168396068822,
                43.81017700393666
              ],
              [
                -0.19855660923175042,
                43.86241563374058
              ],
              [
                -0.19456201236331316,
                43.881572646215844
              ],
              [
                -0.2344384631811253,
                43.899006040339785
              ],
              [
                -0.200087659676207,
                43.914834830061565
              ],
              [
                -0.17595413172084393,
                43.936327270993594
              ],
              [
                -0.16632109560044633,
                43.92805052482344
              ],
              [
                -0.12468082668137451,
                43.94434508821349
              ],
              [
                -0.07235713337565827,
                43.946531834485505
              ],
              [
                -0.04653101813218577,
                43.96104391789014
              ],
              [
                -0.0361689246680343,
                43.98374032755233
              ],
              [
                0.001446300333196457,
                43.959885381064026
              ],
              [
                0.00420637351659139,
                43.94342582438924
              ],
              [
                -0.01861461418396192,
                43.9313867432444
              ],
              [
                0.030793555000742517,
                43.9005633671888
              ],
              [
                0.05569199596666372,
                43.8976445612464
              ],
              [
                0.07251111881590214,
                43.91379372164531
              ],
              [
                0.07101167271921884,
                43.93329587806085
              ],
              [
                0.05530723606827761,
                43.957963973072
              ],
              [
                0.07604560969926086,
                43.98314313658291
              ],
              [
                0.14096031674824933,
                43.99467654310261
              ],
              [
                0.1379369703469956,
                43.976883130578564
              ],
              [
                0.1634750890689333,
                43.975927867916795
              ],
              [
                0.1667631974496389,
                43.99683417955631
              ],
              [
                0.18957513112649763,
                44.014641710019696
              ],
              [
                0.22470724318893848,
                44.019168066012675
              ],
              [
                0.23519766394983782,
                44.00847404202415
              ],
              [
                0.299563922705621,
                43.99275637569358
              ],
              [
                0.3575675314065643,
                44.01637987419657
              ],
              [
                0.3815242105137543,
                44.00637522428769
              ],
              [
                0.39446331623218994,
                44.01998446971625
              ],
              [
                0.44244991475496404,
                44.0287619833259
              ],
              [
                0.4595156323439905,
                44.05523744897399
              ],
              [
                0.4858132156850541,
                44.058600121652084
              ],
              [
                0.5384274746319986,
                44.05295246662407
              ],
              [
                0.5650779969821476,
                44.059221404780686
              ],
              [
                0.5765096062579593,
                44.075205934881076
              ],
              [
                0.6022274135910171,
                44.07371011611412
              ],
              [
                0.6278895165319084,
                44.06062754308569
              ],
              [
                0.6316490534555541,
                44.04949866816937
              ],
              [
                0.6770868392750434,
                44.02697200478653
              ],
              [
                0.6876624158684242,
                44.045888241623125
              ],
              [
                0.707796417778404,
                44.05801693922403
              ],
              [
                0.7418847912050018,
                44.06519923501575
              ],
              [
                0.7384290025794918,
                44.07517631749729
              ],
              [
                0.7540526324371263,
                44.10494098314301
              ],
              [
                0.7962434549004299,
                44.11513490164438
              ],
              [
                0.7950995188269604,
                44.145608667033
              ],
              [
                0.8204870205722198,
                44.143244018566314
              ],
              [
                0.8687736555079509,
                44.1263296946747
              ],
              [
                0.8884779694239573,
                44.14877042878723
              ],
              [
                0.8722443454179576,
                44.16786912488895
              ],
              [
                0.8535753263369856,
                44.17496072438758
              ],
              [
                0.8596865515735523,
                44.19273721850749
              ],
              [
                0.9051836940209331,
                44.19731593132676
              ],
              [
                0.9292392370345569,
                44.23025011826531
              ],
              [
                0.9190898187097761,
                44.238270029336576
              ],
              [
                0.9504654080705977,
                44.274984882924066
              ],
              [
                0.9239584511688518,
                44.28869614788378
              ],
              [
                0.916429926804432,
                44.30219542177865
              ],
              [
                0.8951266314063179,
                44.29679206245922
              ],
              [
                0.8696283736168164,
                44.309384546367944
              ],
              [
                0.8961131685671826,
                44.34622833470228
              ],
              [
                0.8873307771559802,
                44.36637485759437
              ],
              [
                0.8982100442421902,
                44.381369123534306
              ],
              [
                0.9199180731590045,
                44.384149730804495
              ],
              [
                0.9500583334266814,
                44.35976314594097
              ],
              [
                0.9806308033981536,
                44.35841947585265
              ],
              [
                0.9960831328157144,
                44.36864294446829
              ],
              [
                1.0498031510072285,
                44.36263857861528
              ],
              [
                1.0640838318649115,
                44.37851326503539
              ],
              [
                1.0514255555669048,
                44.39209372311952
              ],
              [
                1.060650411597149,
                44.40361122945944
              ],
              [
                1.0574884025751128,
                44.427669679196114
              ],
              [
                1.0299753681284962,
                44.43361948161042
              ],
              [
                1.0213774342184947,
                44.44445120337611
              ],
              [
                1.0230092810371172,
                44.47543907306224
              ],
              [
                1.0090253989657336,
                44.48004110906167
              ],
              [
                1.0162314531417111,
                44.50587117332308
              ],
              [
                0.9824267786867313,
                44.54548429761793
              ],
              [
                1.029736286682771,
                44.551976017460866
              ],
              [
                1.0716976200447952,
                44.56784537769172
              ],
              [
                1.0751408247250982,
                44.577324783565565
              ],
              [
                1.0957075874791038,
                44.59024337388754
              ],
              [
                1.1537498404734852,
                44.63882020403
              ],
              [
                1.1466718447537778,
                44.67034606645626
              ],
              [
                1.1688078503397572,
                44.680017048529535
              ],
              [
                1.22455005545425,
                44.6842663489296
              ],
              [
                1.248270791913345,
                44.70770636912258
              ],
              [
                1.2794274292251306,
                44.715831247801496
              ],
              [
                1.3160508396721997,
                44.74037462834149
              ],
              [
                1.322817940494351,
                44.76513318662047
              ],
              [
                1.296243021698294,
                44.7778123630601
              ],
              [
                1.2996352435270742,
                44.79691953728407
              ],
              [
                1.3281098679785208,
                44.80652884504556
              ],
              [
                1.3641029713426986,
                44.81156818641523
              ],
              [
                1.3614038259537624,
                44.84079526684299
              ],
              [
                1.4019390596723829,
                44.849446039670674
              ],
              [
                1.4048386704545461,
                44.86234716877302
              ],
              [
                1.4397519128973866,
                44.87494627874561
              ],
              [
                1.4398566373102875,
                44.8889508179699
              ],
              [
                1.4106099419064448,
                44.90896015297044
              ],
              [
                1.4335895146429747,
                44.93830164881089
              ],
              [
                1.40926521871603,
                45.00600178685703
              ],
              [
                1.4482615439322117,
                45.01931315867405
              ],
              [
                1.3998064471929033,
                45.06159332248495
              ],
              [
                1.4063598793620342,
                45.069297115006954
              ],
              [
                1.3864424774272137,
                45.102881378523996
              ],
              [
                1.4094740420968277,
                45.11264145564816
              ],
              [
                1.4128982767653495,
                45.12508229172991
              ],
              [
                1.3852045692932187,
                45.13561794853778
              ],
              [
                1.3521193591746319,
                45.13399031293482
              ],
              [
                1.3173936647057205,
                45.1421087376802
              ],
              [
                1.2899337103990007,
                45.14204241946589
              ],
              [
                1.2547674981005628,
                45.15931225123928
              ],
              [
                1.2853426192045976,
                45.17595247253618
              ],
              [
                1.292124890237363,
                45.18651272307218
              ],
              [
                1.2741303261002948,
                45.200069727068225
              ],
              [
                1.2322937564526977,
                45.197704072069364
              ],
              [
                1.2336078544796087,
                45.2221954421389
              ],
              [
                1.2745146719905638,
                45.23791148068256
              ],
              [
                1.2744827002548649,
                45.257076684850865
              ],
              [
                1.2545821687088141,
                45.254867349405984
              ],
              [
                1.2271194403372112,
                45.271979970998935
              ],
              [
                1.2415605436420754,
                45.30063281308439
              ],
              [
                1.235803372736093,
                45.3220410364473
              ],
              [
                1.2726101443911217,
                45.32822630817563
              ],
              [
                1.2891042257150067,
                45.35407630580714
              ],
              [
                1.3157869427441322,
                45.360911470391635
              ],
              [
                1.32391737940144,
                45.37898344779817
              ],
              [
                1.2959441431554541,
                45.39478234683706
              ],
              [
                1.2797966098842408,
                45.38451121421732
              ],
              [
                1.2596039598397974,
                45.39834890279047
              ],
              [
                1.2886523745642784,
                45.426113502905665
              ],
              [
                1.2531518386328937,
                45.44421907802482
              ],
              [
                1.2645252348468465,
                45.45409594836666
              ],
              [
                1.27034342793137,
                45.4776755159118
              ],
              [
                1.3103931233740413,
                45.483041180557144
              ],
              [
                1.3511118587508797,
                45.470001773336946
              ],
              [
                1.37157178520687,
                45.49211445485024
              ],
              [
                1.3896000810911788,
                45.4961572819304
              ],
              [
                1.4120586564349766,
                45.52809003445668
              ],
              [
                1.450268846192153,
                45.530397969675526
              ],
              [
                1.4551417227717747,
                45.55328740957993
              ],
              [
                1.4806927011525084,
                45.565857439236126
              ],
              [
                1.506276371554196,
                45.55097960357961
              ],
              [
                1.5220914137932038,
                45.56409475254406
              ],
              [
                1.5571958047036878,
                45.54936632471629
              ],
              [
                1.584891438656278,
                45.556076867663364
              ],
              [
                1.5938310699115545,
                45.5771464332939
              ],
              [
                1.624885337381578,
                45.57793581971724
              ],
              [
                1.6581804847733144,
                45.595323545490324
              ],
              [
                1.660196676810575,
                45.60797409516256
              ],
              [
                1.7047914479153132,
                45.63738765111646
              ],
              [
                1.748060654562327,
                45.64570341986574
              ],
              [
                1.7763991218328075,
                45.65846116946758
              ],
              [
                1.7858344815104692,
                45.68266308806586
              ],
              [
                1.8264346802695488,
                45.66513576315906
              ],
              [
                1.8751322671973147,
                45.664894260838736
              ],
              [
                1.8799625935579851,
                45.678180842698936
              ],
              [
                1.904291004939969,
                45.67774470255675
              ],
              [
                1.898730779182943,
                45.69827755120411
              ],
              [
                1.915517948219608,
                45.71125548778204
              ],
              [
                1.9417142236595262,
                45.711351415159655
              ],
              [
                1.9565786180296985,
                45.7247553300422
              ],
              [
                1.988528308650944,
                45.72135422054224
              ],
              [
                2.0015199455968986,
                45.7487930104446
              ],
              [
                2.0356658672821046,
                45.75505181598863
              ],
              [
                2.0839036779216125,
                45.7460341651736
              ],
              [
                2.1135454727593443,
                45.72477506502512
              ],
              [
                2.1338092129271105,
                45.735432891151106
              ],
              [
                2.1609119774740395,
                45.73583595403904
              ],
              [
                2.182986086625649,
                45.72061691902859
              ],
              [
                2.202325950043259,
                45.71857614165799
              ],
              [
                2.1939584682323856,
                45.69904710388085
              ],
              [
                2.271074402972525,
                45.69164773075567
              ],
              [
                2.2733519532781403,
                45.664007418292094
              ],
              [
                2.3059428488736584,
                45.674659005456235
              ],
              [
                2.3209438982497623,
                45.668590909995366
              ],
              [
                2.3401720745484034,
                45.682564129551814
              ],
              [
                2.351695193492091,
                45.71006973438515
              ],
              [
                2.410248662063398,
                45.709634900959585
              ],
              [
                2.4358558482207813,
                45.69927506144423
              ],
              [
                2.4921255582417543,
                45.73767009540705
              ],
              [
                2.5210064489111423,
                45.70681016156742
              ],
              [
                2.526510829142244,
                45.68539249032416
              ],
              [
                2.5125929116065997,
                45.6697634761611
              ],
              [
                2.5249409687054394,
                45.65723626708714
              ],
              [
                2.517544011548676,
                45.639591069896426
              ],
              [
                2.483386743242332,
                45.639304413699904
              ],
              [
                2.4784319627002147,
                45.60790817567205
              ],
              [
                2.4639202998517407,
                45.594746716951256
              ],
              [
                2.490928563504916,
                45.5603922863538
              ],
              [
                2.516332317304299,
                45.55342661392312
              ],
              [
                2.516808004227086,
                45.52382961392976
              ],
              [
                2.508408697113082,
                45.47849879874483
              ],
              [
                2.5437058143512723,
                45.47758527668323
              ],
              [
                2.590384711197607,
                45.45005773186534
              ],
              [
                2.6396930053973264,
                45.44570657455579
              ],
              [
                2.663390372512316,
                45.43416415509558
              ],
              [
                2.6764584284787265,
                45.43907413938682
              ],
              [
                2.6871186111491756,
                45.40629147061533
              ],
              [
                2.714857227145231,
                45.38155782083131
              ],
              [
                2.742824191956514,
                45.393286416958404
              ],
              [
                2.7635223964556954,
                45.38562409648569
              ],
              [
                2.8012313498513737,
                45.39285594883326
              ],
              [
                2.851739807542808,
                45.392294826301445
              ],
              [
                2.8677277513750035,
                45.376079673109146
              ],
              [
                2.8863031117541533,
                45.382961505858326
              ],
              [
                2.9207131825210073,
                45.36542334907543
              ],
              [
                2.931754110661835,
                45.33059235323827
              ],
              [
                2.9495692996597285,
                45.30885613298761
              ],
              [
                2.967346132390612,
                45.307097870959936
              ],
              [
                3.0183045953290004,
                45.2870664026082
              ],
              [
                3.021790178296388,
                45.29536780296733
              ],
              [
                3.058569686824016,
                45.30656505249262
              ],
              [
                3.060267266954517,
                45.33058792846881
              ],
              [
                3.081709261400673,
                45.33620210714899
              ],
              [
                3.1034981328800555,
                45.35437310008832
              ],
              [
                3.1134170784877164,
                45.32717903792977
              ],
              [
                3.0999431470714955,
                45.316251503364
              ],
              [
                3.1179979977042014,
                45.284187297622225
              ],
              [
                3.1595874385219407,
                45.29128516779879
              ],
              [
                3.167616208952322,
                45.280135013197906
              ],
              [
                3.2125769046776993,
                45.28063487720399
              ],
              [
                3.228040568209475,
                45.26635049790692
              ],
              [
                3.220952339250761,
                45.244178044330745
              ],
              [
                3.239572097735146,
                45.21694671205992
              ],
              [
                3.27247945333649,
                45.20918164911843
              ],
              [
                3.2606073460103326,
                45.17094202255946
              ],
              [
                3.2880332175079103,
                45.12042440957931
              ],
              [
                3.3013685993945794,
                45.12408985771677
              ],
              [
                3.3340673163073404,
                45.11112985018295
              ],
              [
                3.3142746780569206,
                45.08502161586657
              ],
              [
                3.300037167089146,
                45.05612205325275
              ],
              [
                3.3002890808475738,
                45.03204489436342
              ],
              [
                3.3114877307075306,
                45.02276714381717
              ],
              [
                3.337173969362221,
                45.02533946243554
              ],
              [
                3.349918646764341,
                45.00260138512903
              ],
              [
                3.34795071948085,
                44.97386741391429
              ],
              [
                3.3613425807398936,
                44.97141170967897
              ],
              [
                3.337948402304469,
                44.955908780382266
              ],
              [
                3.2989394542854322,
                44.938607376229236
              ],
              [
                3.286022962312807,
                44.92637841429803
              ],
              [
                3.243812024502196,
                44.933528843936465
              ],
              [
                3.2496925236752454,
                44.916237893044965
              ],
              [
                3.2290980359662727,
                44.90925048112522
              ],
              [
                3.2366483203775314,
                44.88797735233407
              ],
              [
                3.215966948855477,
                44.8750364950506
              ],
              [
                3.182311971252496,
                44.863734531317185
              ],
              [
                3.166012315445439,
                44.874339110434526
              ],
              [
                3.1411028663826848,
                44.903319692595886
              ],
              [
                3.1054983095640436,
                44.886774803102355
              ],
              [
                3.0936395044401266,
                44.853715932362164
              ],
              [
                3.0994768968798603,
                44.833588418089676
              ],
              [
                3.071476757431392,
                44.834123173435586
              ],
              [
                3.048093761431216,
                44.80425398591603
              ],
              [
                3.0479974143057897,
                44.765468479023006
              ],
              [
                3.0310795010084504,
                44.74941305751071
              ],
              [
                3.028593384774951,
                44.73000325460999
              ],
              [
                3.0160096767820934,
                44.713692453685596
              ],
              [
                2.981676986530433,
                44.6446766126243
              ],
              [
                3.0123028502611833,
                44.62190975589775
              ],
              [
                3.033175255143208,
                44.59690534845544
              ],
              [
                3.0759067638703557,
                44.572973678960665
              ],
              [
                3.083593896775788,
                44.559014394432964
              ],
              [
                3.068038879929246,
                44.50286886512245
              ],
              [
                3.100325843979618,
                44.479978817970924
              ],
              [
                3.1158453488850872,
                44.47555258933136
              ],
              [
                3.1352323616083257,
                44.454447756476476
              ],
              [
                3.1417277742830882,
                44.42845999235368
              ],
              [
                3.1267210313580613,
                44.41395827490389
              ],
              [
                3.1405583752842663,
                44.39261625444329
              ],
              [
                3.1216683061653887,
                44.388740994522394
              ],
              [
                3.119331633132198,
                44.36409697183054
              ],
              [
                3.133744886002754,
                44.33033358238777
              ],
              [
                3.1542516260589815,
                44.30837023621562
              ],
              [
                3.1252288254578002,
                44.28446357369579
              ],
              [
                3.124161021616368,
                44.26032349700248
              ],
              [
                3.153719168091856,
                44.273805934751195
              ],
              [
                3.1606544387163025,
                44.24539730394844
              ],
              [
                3.179876249541182,
                44.24566454674947
              ],
              [
                3.2243422257594276,
                44.23002883975091
              ],
              [
                3.2250868325095428,
                44.21260133894453
              ],
              [
                3.206607905788314,
                44.18992834029595
              ],
              [
                3.240325090398278,
                44.190831778546034
              ],
              [
                3.2950015544682763,
                44.20693612762719
              ],
              [
                3.317300542840415,
                44.200240218868345
              ],
              [
                3.3577995033411128,
                44.197910434234956
              ],
              [
                3.373648044830684,
                44.170755872105644
              ],
              [
                3.3360602348274,
                44.15867236265549
              ],
              [
                3.3202909661039373,
                44.13590273654235
              ],
              [
                3.3243979232334686,
                44.11534226731356
              ],
              [
                3.2640453082464216,
                44.09159000805124
              ],
              [
                3.290256259022499,
                44.07173186446177
              ],
              [
                3.3289104186209886,
                44.079029903874805
              ],
              [
                3.3407758500745954,
                44.05682580426664
              ],
              [
                3.3670810890076868,
                44.058216824075586
              ],
              [
                3.4323231338542683,
                44.03257989364055
              ],
              [
                3.449940594755056,
                44.020259628606446
              ],
              [
                3.439167690806169,
                43.99803716044466
              ],
              [
                3.420487392791084,
                43.99414155773302
              ],
              [
                3.4054945930695584,
                43.9702673408017
              ],
              [
                3.3781609146564224,
                43.967548345837926
              ],
              [
                3.3515992359998137,
                43.93803681173031
              ],
              [
                3.3583594413044624,
                43.913832893255005
              ],
              [
                3.3179342390620543,
                43.890982402561455
              ],
              [
                3.275074750407491,
                43.898352311519034
              ],
              [
                3.2344586173849077,
                43.85756325069015
              ],
              [
                3.251093231989111,
                43.84207470180914
              ],
              [
                3.2490369949799924,
                43.82957970414178
              ],
              [
                3.209694860701851,
                43.8129603323146
              ],
              [
                3.129188579676226,
                43.81693696893768
              ],
              [
                3.089161041674374,
                43.83475002166805
              ],
              [
                3.0598559764719786,
                43.8316473799454
              ],
              [
                3.0602924932316915,
                43.80942874668814
              ],
              [
                3.049402198661958,
                43.80382793190341
              ],
              [
                3.0570597724827286,
                43.782641043208976
              ],
              [
                3.0758829435264556,
                43.768519616825884
              ],
              [
                3.0530638218978536,
                43.74618963728415
              ],
              [
                3.053457816225651,
                43.71617068001798
              ],
              [
                3.0681377277946873,
                43.70869387475869
              ],
              [
                3.0601699178851627,
                43.69294263093098
              ],
              [
                3.0334575248710003,
                43.69205430194576
              ],
              [
                2.9848044810902232,
                43.708885107652996
              ],
              [
                2.9465514600279064,
                43.6929371414868
              ],
              [
                2.9354629666803715,
                43.69466778518887
              ],
              [
                2.9190783288815148,
                43.68754825993107
              ],
              [
                2.9197089782492416,
                43.662246071066406
              ],
              [
                2.9073523053079366,
                43.65422802689393
              ],
              [
                2.8159272603949876,
                43.64006590950408
              ],
              [
                2.7948588118902697,
                43.62443489640862
              ],
              [
                2.754523557193863,
                43.61413878643581
              ],
              [
                2.7202035511311102,
                43.645368462055636
              ],
              [
                2.6446987288829193,
                43.65454190899258
              ],
              [
                2.6286278265574405,
                43.610128390915975
              ],
              [
                2.614324097727256,
                43.59922725257067
              ],
              [
                2.630666452845948,
                43.581990495056836
              ],
              [
                2.615607192520078,
                43.56663335506618
              ],
              [
                2.6556293418118515,
                43.526612299085116
              ],
              [
                2.6549053505045195,
                43.496865365205636
              ],
              [
                2.665159813486489,
                43.46562405590211
              ],
              [
                2.6404157795956293,
                43.456170094886865
              ],
              [
                2.6083131770094083,
                43.433261066263796
              ],
              [
                2.5657873980365586,
                43.42295974410401
              ],
              [
                2.593459760332987,
                43.4125861022952
              ],
              [
                2.569215560940852,
                43.40030210238747
              ],
              [
                2.5532224612518877,
                43.381578705629835
              ],
              [
                2.55675033079638,
                43.3671181357703
              ],
              [
                2.547404327067849,
                43.33874150409467
              ],
              [
                2.5847987373211803,
                43.333574828863085
              ],
              [
                2.6016030790296316,
                43.29870698639686
              ],
              [
                2.6587668022165167,
                43.29400885554122
              ],
              [
                2.6935895397617924,
                43.32048879782006
              ],
              [
                2.7068228959310465,
                43.293727070528135
              ],
              [
                2.7002195943205365,
                43.28232047565704
              ],
              [
                2.737891172803547,
                43.26734188065557
              ],
              [
                2.7525204916724526,
                43.254593867354295
              ],
              [
                2.772248225673249,
                43.25778564580618
              ],
              [
                2.7869223712743656,
                43.273512651125344
              ],
              [
                2.79178868739065,
                43.293015551205826
              ],
              [
                2.8385539311891925,
                43.32211574816248
              ],
              [
                2.868317493236679,
                43.32958665849561
              ],
              [
                2.872040834033522,
                43.373176887725414
              ],
              [
                2.890171804390596,
                43.36535216139457
              ],
              [
                2.8867026665888473,
                43.32989534646164
              ],
              [
                2.9469414010608523,
                43.31208498526138
              ],
              [
                3.004349268167806,
                43.3201311415976
              ],
              [
                3.005861156020884,
                43.28492197900128
              ],
              [
                3.0548510434943674,
                43.27971779305137
              ],
              [
                3.0783431423637917,
                43.261829334517095
              ],
              [
                3.110944425233587,
                43.253471060898335
              ],
              [
                3.1220006410048176,
                43.26158196380372
              ],
              [
                3.1472079664155532,
                43.24700506844497
              ],
              [
                3.175401641785767,
                43.24369767269661
              ],
              [
                3.2010265503923754,
                43.249167148053665
              ],
              [
                3.2103050300757787,
                43.235638559541265
              ],
              [
                3.24056113717041,
                43.21280863308409
              ],
              [
                3.177252971331801,
                43.1653931155685
              ],
              [
                3.140803804618427,
                43.12876695257695
              ],
              [
                3.092876973759121,
                43.06914228496683
              ],
              [
                3.074043532794371,
                43.03811903535086
              ],
              [
                3.0428431893335772,
                42.96015378799919
              ],
              [
                3.0404710136346944,
                42.929704326912585
              ],
              [
                3.060589297455898,
                42.9170599049451
              ],
              [
                3.043510805290506,
                42.8381501142638
              ]
            ],
            [
              [
                1.9600558256458676,
                42.4704521123199
              ],
              [
                1.9598031610861055,
                42.4532613568093
              ],
              [
                1.981341106824749,
                42.44752720529524
              ],
              [
                2.0126921284863117,
                42.44834353508286
              ],
              [
                1.9865324547331493,
                42.475759236261595
              ],
              [
                1.9600558256458676,
                42.4704521123199
              ]
            ]
          ],
          [
            [
              [
                -0.10307533206661205,
                43.2428172034933
              ],
              [
                -0.12194467153732959,
                43.24335344245164
              ],
              [
                -0.1406176398389843,
                43.27194385552744
              ],
              [
                -0.1373518115949468,
                43.28574075772358
              ],
              [
                -0.11185509693098625,
                43.31039821912341
              ],
              [
                -0.09202865057224784,
                43.300470229904995
              ],
              [
                -0.09617852463729769,
                43.28547921988103
              ],
              [
                -0.07983617553877999,
                43.26236925486353
              ],
              [
                -0.10307533206661205,
                43.2428172034933
              ]
            ]
          ],
          [
            [
              [
                -0.10332953356469002,
                43.35858355910215
              ],
              [
                -0.08317321572204538,
                43.37135001696728
              ],
              [
                -0.06249932084582573,
                43.346711256254366
              ],
              [
                -0.07504166669941048,
                43.30713969252607
              ],
              [
                -0.11030601684007735,
                43.31299058296239
              ],
              [
                -0.11552121102299735,
                43.33237650784547
              ],
              [
                -0.08727094997091522,
                43.33384409231069
              ],
              [
                -0.09014219532070926,
                43.35886208428034
              ],
              [
                -0.10332953356469002,
                43.35858355910215
              ]
            ]
          ]
        ]
      }
    },
    {
      "type": "Feature",
      "properties": {
        "region": "Sud-Est",
        "code": "9",
        "departements": [
          "84",
          "48",
          "34",
          "30",
          "13"
        ]
      },
      "geometry": {
        "type": "MultiPolygon",
        "coordinates": [
          [
            [
              [
                5.753650891000443,
                43.72462222505303
              ],
              [
                5.782188925366387,
                43.70688803457204
              ],
              [
                5.803458345470844,
                43.67967259461735
              ],
              [
                5.799061112603831,
                43.66051789095841
              ],
              [
                5.744798262971254,
                43.65677840759107
              ],
              [
                5.7002276041895055,
                43.64171580606343
              ],
              [
                5.681084297973491,
                43.61251583703795
              ],
              [
                5.691599302975247,
                43.58442798717338
              ],
              [
                5.655965226280003,
                43.57740113848914
              ],
              [
                5.6692574361600405,
                43.56473259595678
              ],
              [
                5.695815693323289,
                43.5621406925523
              ],
              [
                5.722822019697228,
                43.54816058741321
              ],
              [
                5.716142493328895,
                43.50429675245373
              ],
              [
                5.698802592390258,
                43.48217012690398
              ],
              [
                5.729497620866793,
                43.4649455181253
              ],
              [
                5.750365813842735,
                43.43483686058608
              ],
              [
                5.786515741534922,
                43.41454030725915
              ],
              [
                5.749995488821414,
                43.40151212758493
              ],
              [
                5.724430347442292,
                43.408873853719896
              ],
              [
                5.682787396731936,
                43.39915686931637
              ],
              [
                5.694566647112354,
                43.364397692972155
              ],
              [
                5.705025402908448,
                43.35591845372619
              ],
              [
                5.686454243837883,
                43.34018809721801
              ],
              [
                5.6805714198425825,
                43.320567749059826
              ],
              [
                5.691040375926617,
                43.31296284082202
              ],
              [
                5.726600840963344,
                43.317355354807546
              ],
              [
                5.749842102092498,
                43.289268158207484
              ],
              [
                5.760928945485899,
                43.26733799967126
              ],
              [
                5.738053338597997,
                43.26234879905431
              ],
              [
                5.683909137465821,
                43.23605829449104
              ],
              [
                5.671875005699277,
                43.179268786904935
              ],
              [
                5.6525556384849125,
                43.187314568389844
              ],
              [
                5.624165815055896,
                43.18698295242608
              ],
              [
                5.600902180940571,
                43.16254533545738
              ],
              [
                5.569123854119204,
                43.17529448351615
              ],
              [
                5.531324017717664,
                43.21204241023737
              ],
              [
                5.510066083294413,
                43.19768970206163
              ],
              [
                5.454401745873978,
                43.21064244401662
              ],
              [
                5.391051995321294,
                43.21212758682465
              ],
              [
                5.363644360087066,
                43.20712491164297
              ],
              [
                5.340870058926049,
                43.21464053757704
              ],
              [
                5.348353034439003,
                43.22982142946681
              ],
              [
                5.372523588800765,
                43.24507767770401
              ],
              [
                5.366241273279859,
                43.269297926805216
              ],
              [
                5.345688435376646,
                43.282363417695436
              ],
              [
                5.364413487886784,
                43.312140196877614
              ],
              [
                5.323859848409952,
                43.356938601132626
              ],
              [
                5.296471721324536,
                43.35955741603999
              ],
              [
                5.2562520205440935,
                43.33727449020553
              ],
              [
                5.221336413370384,
                43.32835884872525
              ],
              [
                5.17747685717399,
                43.333615576923606
              ],
              [
                5.168325223906977,
                43.32794092993499
              ],
              [
                5.037907932778403,
                43.32902848885288
              ],
              [
                5.019042287817556,
                43.34294363712429
              ],
              [
                5.0242941885301615,
                43.355561006629124
              ],
              [
                4.975887748495165,
                43.40225192419132
              ],
              [
                4.967705599857734,
                43.42610491918481
              ],
              [
                4.931381887869524,
                43.43315714427828
              ],
              [
                4.906351069342989,
                43.41974182683961
              ],
              [
                4.864258578677964,
                43.40622019800946
              ],
              [
                4.848994405645509,
                43.374446367565824
              ],
              [
                4.874828065516188,
                43.36049493579003
              ],
              [
                4.855048529182453,
                43.3326166544088
              ],
              [
                4.833031594688433,
                43.32986964122808
              ],
              [
                4.783363102701897,
                43.347193829339595
              ],
              [
                4.717738680923241,
                43.3503073199876
              ],
              [
                4.661783095147221,
                43.34641234548359
              ],
              [
                4.585804835779633,
                43.36006877534866
              ],
              [
                4.562800334318894,
                43.37213670596142
              ],
              [
                4.557428450695051,
                43.38832049746897
              ],
              [
                4.587701900856666,
                43.40071206710059
              ],
              [
                4.582043368583085,
                43.43056112720855
              ],
              [
                4.562101794245088,
                43.4432502407157
              ],
              [
                4.51635241260241,
                43.45471611364518
              ],
              [
                4.465265329292432,
                43.45715551018595
              ],
              [
                4.402200576777784,
                43.4472639920423
              ],
              [
                4.382042207083344,
                43.452273928749435
              ],
              [
                4.230283393392478,
                43.46018543272639
              ],
              [
                4.165622110206285,
                43.47191333107422
              ],
              [
                4.12719685937579,
                43.48945145875348
              ],
              [
                4.116910879157792,
                43.508975353807415
              ],
              [
                4.13888058730906,
                43.53212392513865
              ],
              [
                4.1010416754063925,
                43.55437094640862
              ],
              [
                4.056139135742867,
                43.55754349700192
              ],
              [
                4.011185334395634,
                43.552446652511314
              ],
              [
                3.9685779965496257,
                43.54002202677775
              ],
              [
                3.9071342421308484,
                43.51684377775197
              ],
              [
                3.85119536986901,
                43.486462477159925
              ],
              [
                3.796663802013001,
                43.44103590991042
              ],
              [
                3.724916367109535,
                43.41579045126172
              ],
              [
                3.725633295848447,
                43.40119286766748
              ],
              [
                3.692847761038597,
                43.39286075111627
              ],
              [
                3.66215922818193,
                43.392279064377114
              ],
              [
                3.6026190412473764,
                43.35542655651462
              ],
              [
                3.5582388767895456,
                43.31887037271225
              ],
              [
                3.509760183543765,
                43.27194467481957
              ],
              [
                3.467228588445924,
                43.276787686264214
              ],
              [
                3.4303316940306616,
                43.29020953643601
              ],
              [
                3.3869064784452894,
                43.28413968534662
              ],
              [
                3.343863387032852,
                43.27039600610152
              ],
              [
                3.263447246832585,
                43.228865527136406
              ],
              [
                3.24056113717041,
                43.21280863308409
              ],
              [
                3.2103050300757787,
                43.235638559541265
              ],
              [
                3.2010265503923754,
                43.249167148053665
              ],
              [
                3.175401641785767,
                43.24369767269661
              ],
              [
                3.1472079664155532,
                43.24700506844497
              ],
              [
                3.1220006410048176,
                43.26158196380372
              ],
              [
                3.110944425233587,
                43.253471060898335
              ],
              [
                3.0783431423637917,
                43.261829334517095
              ],
              [
                3.0548510434943674,
                43.27971779305137
              ],
              [
                3.005861156020884,
                43.28492197900128
              ],
              [
                3.004349268167806,
                43.3201311415976
              ],
              [
                2.9469414010608523,
                43.31208498526138
              ],
              [
                2.8867026665888473,
                43.32989534646164
              ],
              [
                2.890171804390596,
                43.36535216139457
              ],
              [
                2.872040834033522,
                43.373176887725414
              ],
              [
                2.868317493236679,
                43.32958665849561
              ],
              [
                2.8385539311891925,
                43.32211574816248
              ],
              [
                2.79178868739065,
                43.293015551205826
              ],
              [
                2.7869223712743656,
                43.273512651125344
              ],
              [
                2.772248225673249,
                43.25778564580618
              ],
              [
                2.7525204916724526,
                43.254593867354295
              ],
              [
                2.737891172803547,
                43.26734188065557
              ],
              [
                2.7002195943205365,
                43.28232047565704
              ],
              [
                2.7068228959310465,
                43.293727070528135
              ],
              [
                2.6935895397617924,
                43.32048879782006
              ],
              [
                2.6587668022165167,
                43.29400885554122
              ],
              [
                2.6016030790296316,
                43.29870698639686
              ],
              [
                2.5847987373211803,
                43.333574828863085
              ],
              [
                2.547404327067849,
                43.33874150409467
              ],
              [
                2.55675033079638,
                43.3671181357703
              ],
              [
                2.5532224612518877,
                43.381578705629835
              ],
              [
                2.569215560940852,
                43.40030210238747
              ],
              [
                2.593459760332987,
                43.4125861022952
              ],
              [
                2.5657873980365586,
                43.42295974410401
              ],
              [
                2.6083131770094083,
                43.433261066263796
              ],
              [
                2.6404157795956293,
                43.456170094886865
              ],
              [
                2.665159813486489,
                43.46562405590211
              ],
              [
                2.6549053505045195,
                43.496865365205636
              ],
              [
                2.6556293418118515,
                43.526612299085116
              ],
              [
                2.615607192520078,
                43.56663335506618
              ],
              [
                2.630666452845948,
                43.581990495056836
              ],
              [
                2.614324097727256,
                43.59922725257067
              ],
              [
                2.6286278265574405,
                43.610128390915975
              ],
              [
                2.6446987288829193,
                43.65454190899258
              ],
              [
                2.7202035511311102,
                43.645368462055636
              ],
              [
                2.754523557193863,
                43.61413878643581
              ],
              [
                2.7948588118902697,
                43.62443489640862
              ],
              [
                2.8159272603949876,
                43.64006590950408
              ],
              [
                2.9073523053079366,
                43.65422802689393
              ],
              [
                2.9197089782492416,
                43.662246071066406
              ],
              [
                2.9190783288815148,
                43.68754825993107
              ],
              [
                2.9354629666803715,
                43.69466778518887
              ],
              [
                2.9465514600279064,
                43.6929371414868
              ],
              [
                2.9848044810902232,
                43.708885107652996
              ],
              [
                3.0334575248710003,
                43.69205430194576
              ],
              [
                3.0601699178851627,
                43.69294263093098
              ],
              [
                3.0681377277946873,
                43.70869387475869
              ],
              [
                3.053457816225651,
                43.71617068001798
              ],
              [
                3.0530638218978536,
                43.74618963728415
              ],
              [
                3.0758829435264556,
                43.768519616825884
              ],
              [
                3.0570597724827286,
                43.782641043208976
              ],
              [
                3.049402198661958,
                43.80382793190341
              ],
              [
                3.0602924932316915,
                43.80942874668814
              ],
              [
                3.0598559764719786,
                43.8316473799454
              ],
              [
                3.089161041674374,
                43.83475002166805
              ],
              [
                3.129188579676226,
                43.81693696893768
              ],
              [
                3.209694860701851,
                43.8129603323146
              ],
              [
                3.2490369949799924,
                43.82957970414178
              ],
              [
                3.251093231989111,
                43.84207470180914
              ],
              [
                3.2344586173849077,
                43.85756325069015
              ],
              [
                3.275074750407491,
                43.898352311519034
              ],
              [
                3.3179342390620543,
                43.890982402561455
              ],
              [
                3.3583594413044624,
                43.913832893255005
              ],
              [
                3.3515992359998137,
                43.93803681173031
              ],
              [
                3.3781609146564224,
                43.967548345837926
              ],
              [
                3.4054945930695584,
                43.9702673408017
              ],
              [
                3.420487392791084,
                43.99414155773302
              ],
              [
                3.439167690806169,
                43.99803716044466
              ],
              [
                3.449940594755056,
                44.020259628606446
              ],
              [
                3.4323231338542683,
                44.03257989364055
              ],
              [
                3.3670810890076868,
                44.058216824075586
              ],
              [
                3.3407758500745954,
                44.05682580426664
              ],
              [
                3.3289104186209886,
                44.079029903874805
              ],
              [
                3.290256259022499,
                44.07173186446177
              ],
              [
                3.2640453082464216,
                44.09159000805124
              ],
              [
                3.3243979232334686,
                44.11534226731356
              ],
              [
                3.3202909661039373,
                44.13590273654235
              ],
              [
                3.3360602348274,
                44.15867236265549
              ],
              [
                3.373648044830684,
                44.170755872105644
              ],
              [
                3.3577995033411128,
                44.197910434234956
              ],
              [
                3.317300542840415,
                44.200240218868345
              ],
              [
                3.2950015544682763,
                44.20693612762719
              ],
              [
                3.240325090398278,
                44.190831778546034
              ],
              [
                3.206607905788314,
                44.18992834029595
              ],
              [
                3.2250868325095428,
                44.21260133894453
              ],
              [
                3.2243422257594276,
                44.23002883975091
              ],
              [
                3.179876249541182,
                44.24566454674947
              ],
              [
                3.1606544387163025,
                44.24539730394844
              ],
              [
                3.153719168091856,
                44.273805934751195
              ],
              [
                3.124161021616368,
                44.26032349700248
              ],
              [
                3.1252288254578002,
                44.28446357369579
              ],
              [
                3.1542516260589815,
                44.30837023621562
              ],
              [
                3.133744886002754,
                44.33033358238777
              ],
              [
                3.119331633132198,
                44.36409697183054
              ],
              [
                3.1216683061653887,
                44.388740994522394
              ],
              [
                3.1405583752842663,
                44.39261625444329
              ],
              [
                3.1267210313580613,
                44.41395827490389
              ],
              [
                3.1417277742830882,
                44.42845999235368
              ],
              [
                3.1352323616083257,
                44.454447756476476
              ],
              [
                3.1158453488850872,
                44.47555258933136
              ],
              [
                3.100325843979618,
                44.479978817970924
              ],
              [
                3.068038879929246,
                44.50286886512245
              ],
              [
                3.083593896775788,
                44.559014394432964
              ],
              [
                3.0759067638703557,
                44.572973678960665
              ],
              [
                3.033175255143208,
                44.59690534845544
              ],
              [
                3.0123028502611833,
                44.62190975589775
              ],
              [
                2.981676986530433,
                44.6446766126243
              ],
              [
                3.0160096767820934,
                44.713692453685596
              ],
              [
                3.028593384774951,
                44.73000325460999
              ],
              [
                3.0310795010084504,
                44.74941305751071
              ],
              [
                3.0479974143057897,
                44.765468479023006
              ],
              [
                3.048093761431216,
                44.80425398591603
              ],
              [
                3.071476757431392,
                44.834123173435586
              ],
              [
                3.0994768968798603,
                44.833588418089676
              ],
              [
                3.0936395044401266,
                44.853715932362164
              ],
              [
                3.1054983095640436,
                44.886774803102355
              ],
              [
                3.1411028663826848,
                44.903319692595886
              ],
              [
                3.166012315445439,
                44.874339110434526
              ],
              [
                3.182311971252496,
                44.863734531317185
              ],
              [
                3.215966948855477,
                44.8750364950506
              ],
              [
                3.2366483203775314,
                44.88797735233407
              ],
              [
                3.2290980359662727,
                44.90925048112522
              ],
              [
                3.2496925236752454,
                44.916237893044965
              ],
              [
                3.243812024502196,
                44.933528843936465
              ],
              [
                3.286022962312807,
                44.92637841429803
              ],
              [
                3.2989394542854322,
                44.938607376229236
              ],
              [
                3.337948402304469,
                44.955908780382266
              ],
              [
                3.3613425807398936,
                44.97141170967897
              ],
              [
                3.38636652116385,
                44.952743854804055
              ],
              [
                3.40455052934818,
                44.956397735743366
              ],
              [
                3.4158326368156513,
                44.92853462204254
              ],
              [
                3.410379964997872,
                44.91777749816426
              ],
              [
                3.4357113347213044,
                44.880244038151794
              ],
              [
                3.4418003889561284,
                44.85422679293021
              ],
              [
                3.458847484667369,
                44.839932137298916
              ],
              [
                3.4782424266646075,
                44.80967976284068
              ],
              [
                3.5056510328808947,
                44.823846640197424
              ],
              [
                3.5397490121099957,
                44.82817873595921
              ],
              [
                3.588921232126889,
                44.8263980463694
              ],
              [
                3.5980411899153943,
                44.85950943658448
              ],
              [
                3.5943359966689914,
                44.87542977006506
              ],
              [
                3.6264516856693065,
                44.88025029795416
              ],
              [
                3.6548748534796442,
                44.87421590375256
              ],
              [
                3.67181554273005,
                44.843385113427054
              ],
              [
                3.6690230882043697,
                44.828879139980735
              ],
              [
                3.722885793793205,
                44.8309902964175
              ],
              [
                3.7444352015394076,
                44.83779866715789
              ],
              [
                3.752688285784399,
                44.820978132154096
              ],
              [
                3.8025469466502706,
                44.78217403491838
              ],
              [
                3.8428722355724365,
                44.767658069140836
              ],
              [
                3.836561503873052,
                44.74784401669704
              ],
              [
                3.862527190139651,
                44.743863434670935
              ],
              [
                3.8699370374536626,
                44.67891759737075
              ],
              [
                3.894746224001558,
                44.651133585716494
              ],
              [
                3.893726383489279,
                44.61783889720629
              ],
              [
                3.908306472806382,
                44.606619160372716
              ],
              [
                3.923566877594894,
                44.57188476465967
              ],
              [
                3.948773902996799,
                44.57288654843654
              ],
              [
                3.9817259440883355,
                44.51510533136414
              ],
              [
                3.987654659812161,
                44.47277510314574
              ],
              [
                3.998162987763964,
                44.45979755586323
              ],
              [
                4.037601702020996,
                44.44572224016011
              ],
              [
                4.047796695540712,
                44.41806858494041
              ],
              [
                4.068441217053273,
                44.40511357294197
              ],
              [
                4.052980345425569,
                44.3786960081517
              ],
              [
                4.053413964443739,
                44.339252388242215
              ],
              [
                4.0368642122249785,
                44.330767432006844
              ],
              [
                4.051451662788466,
                44.31732365711701
              ],
              [
                4.0716271173670755,
                44.327301470845015
              ],
              [
                4.126751899132338,
                44.33773352004587
              ],
              [
                4.142867700090412,
                44.31335085540006
              ],
              [
                4.177742579074996,
                44.317880186655266
              ],
              [
                4.186703448446319,
                44.299689052797774
              ],
              [
                4.215253431785848,
                44.290671875558495
              ],
              [
                4.241323541622981,
                44.270098246787754
              ],
              [
                4.25884619798255,
                44.26478557642796
              ],
              [
                4.277460812236595,
                44.27473441763758
              ],
              [
                4.2894083121626245,
                44.293211983267184
              ],
              [
                4.288429093459214,
                44.314658540974904
              ],
              [
                4.321723881147898,
                44.32398630005241
              ],
              [
                4.336073225463424,
                44.339522743700286
              ],
              [
                4.366781304696769,
                44.339496632938484
              ],
              [
                4.386524834610318,
                44.346613952796865
              ],
              [
                4.403209845144098,
                44.33389735712032
              ],
              [
                4.390787503015712,
                44.30304942711613
              ],
              [
                4.398976853249833,
                44.288946280259694
              ],
              [
                4.432780130031507,
                44.28698938355873
              ],
              [
                4.448416311728308,
                44.29660651655647
              ],
              [
                4.4511432681787,
                44.33458990256618
              ],
              [
                4.45762136443186,
                44.34163465741125
              ],
              [
                4.503310494319003,
                44.339246206238236
              ],
              [
                4.54446827908279,
                44.320768740097236
              ],
              [
                4.5569412251008385,
                44.30414412850996
              ],
              [
                4.606815593785338,
                44.290470941442756
              ],
              [
                4.61814481108176,
                44.278546617366906
              ],
              [
                4.638060170291897,
                44.28296923867679
              ],
              [
                4.649223666100485,
                44.270359865010946
              ],
              [
                4.653469115901898,
                44.302095538489496
              ],
              [
                4.6506150134375535,
                44.329805791511276
              ],
              [
                4.679025302617316,
                44.32048933622703
              ],
              [
                4.720123840256769,
                44.326714895236336
              ],
              [
                4.762251228111598,
                44.32538168266028
              ],
              [
                4.804563291806201,
                44.303896893827336
              ],
              [
                4.8031008029072115,
                44.27998919217419
              ],
              [
                4.812665863343398,
                44.257719064767414
              ],
              [
                4.814096088903183,
                44.23231467832123
              ],
              [
                4.826652705578103,
                44.22832506640777
              ],
              [
                4.879050668886603,
                44.26148357791232
              ],
              [
                4.932910424012261,
                44.2621518073366
              ],
              [
                4.981451791724815,
                44.2848325971684
              ],
              [
                5.005535817021755,
                44.286754820483196
              ],
              [
                5.060564583015947,
                44.30813976056077
              ],
              [
                5.076512049103177,
                44.2840860159789
              ],
              [
                5.1045087340965685,
                44.27953745155323
              ],
              [
                5.172696360911815,
                44.309393695074476
              ],
              [
                5.167205149288734,
                44.29205090874127
              ],
              [
                5.1497271329806695,
                44.28208386834487
              ],
              [
                5.161547590528067,
                44.24559067110522
              ],
              [
                5.154903556803357,
                44.230944996200954
              ],
              [
                5.174965607033191,
                44.22080662233339
              ],
              [
                5.23814970804007,
                44.213233332998946
              ],
              [
                5.2565087145716225,
                44.23005632855739
              ],
              [
                5.292247629624085,
                44.214467072564894
              ],
              [
                5.3368331508273,
                44.20353145731521
              ],
              [
                5.354042708088259,
                44.21342924717531
              ],
              [
                5.384523055943825,
                44.201046720663136
              ],
              [
                5.383240887752097,
                44.15528473021913
              ],
              [
                5.43571830913588,
                44.1516641531859
              ],
              [
                5.45471645974309,
                44.119227904662864
              ],
              [
                5.498787806458752,
                44.11571934778835
              ],
              [
                5.5026367853279545,
                44.06343920865494
              ],
              [
                5.544598165016952,
                44.06989191567907
              ],
              [
                5.543633878090188,
                44.02596177811475
              ],
              [
                5.518062394104204,
                43.99011201336662
              ],
              [
                5.508647939314863,
                43.959839793825395
              ],
              [
                5.51208954255573,
                43.94600228564646
              ],
              [
                5.544991957929805,
                43.93905484015686
              ],
              [
                5.558844627129812,
                43.942576073587574
              ],
              [
                5.579927197959687,
                43.925980406162694
              ],
              [
                5.6064371876892,
                43.91613043943877
              ],
              [
                5.573186434978607,
                43.86492031403171
              ],
              [
                5.549174903324726,
                43.8514199844283
              ],
              [
                5.54452228126406,
                43.81819693654997
              ],
              [
                5.574599751241474,
                43.83029407148107
              ],
              [
                5.627700103254839,
                43.830927143331614
              ],
              [
                5.654445137414141,
                43.82511098585937
              ],
              [
                5.674483353980397,
                43.807360446333846
              ],
              [
                5.684551176087874,
                43.78850163078797
              ],
              [
                5.713394551246806,
                43.77950341891952
              ],
              [
                5.7184242970991175,
                43.75512132052309
              ],
              [
                5.7491639540055255,
                43.7405464918297
              ],
              [
                5.757332977582704,
                43.72940911375532
              ],
              [
                5.753650891000443,
                43.72462222505303
              ]
            ],
            [
              [
                5.0144531785530875,
                43.55554571631939
              ],
              [
                5.015464900192831,
                43.52972333434815
              ],
              [
                4.998556097992353,
                43.498104175449996
              ],
              [
                5.004639838062898,
                43.470137499203474
              ],
              [
                5.037984666608327,
                43.47064067048238
              ],
              [
                5.051880922172624,
                43.463556640011085
              ],
              [
                5.070394766791551,
                43.40020699537995
              ],
              [
                5.11071277779588,
                43.40412626112347
              ],
              [
                5.137265038622504,
                43.40018551794629
              ],
              [
                5.1602333561876454,
                43.4110063529329
              ],
              [
                5.191264875484891,
                43.43489873898378
              ],
              [
                5.226134113683475,
                43.45256621293005
              ],
              [
                5.222559549448171,
                43.48346583330456
              ],
              [
                5.202793615675099,
                43.49117758927305
              ],
              [
                5.1453160268384055,
                43.45857039791435
              ],
              [
                5.102687329637665,
                43.526042982433104
              ],
              [
                5.064332478397007,
                43.52783256560428
              ],
              [
                5.046441178306793,
                43.52214136817413
              ],
              [
                5.0330412390865265,
                43.5450648209435
              ],
              [
                5.0144531785530875,
                43.55554571631939
              ]
            ]
          ],
          [
            [
              [
                4.892909784975503,
                44.36481842003465
              ],
              [
                4.906627552610216,
                44.37409911682911
              ],
              [
                4.918515009368784,
                44.40778504385655
              ],
              [
                4.963297700567191,
                44.42193444899826
              ],
              [
                4.988609946346962,
                44.42320030980228
              ],
              [
                5.013305911983339,
                44.405345557740354
              ],
              [
                5.015759498726315,
                44.39276614596861
              ],
              [
                5.048760348502809,
                44.381234267021824
              ],
              [
                5.052014293962954,
                44.364659059368094
              ],
              [
                5.0270075535733945,
                44.362835342005326
              ],
              [
                5.023291388686099,
                44.34594820774989
              ],
              [
                4.978583367650993,
                44.297463038388315
              ],
              [
                4.922149021948395,
                44.30878294851454
              ],
              [
                4.8894629809408325,
                44.30401919301177
              ],
              [
                4.881629025271996,
                44.32487165610533
              ],
              [
                4.89532799567956,
                44.33806148358807
              ],
              [
                4.871546699824252,
                44.349624687939915
              ],
              [
                4.892909784975503,
                44.36481842003465
              ]
            ]
          ]
        ]
      }
    }
  ]
}